material_id,cpse_name,cpse_material_code,category,noun,modifier,description,unit_of_measure,attribute_values,technical_spec,unspsc_code,functional_equivalent_group,common_national_material_code,is_duplicate,ai_match_confidence,best_match_material_id,best_match_cpse,best_match_code,best_match_description
71,NTPC,NT000071,Pipes & Tubes,TUBE,WELDED,WELDED TUBE End Type:HEAVY,METERS,"{'Diameter': '4""', 'Wall Thickness': '12mm', 'Length': '10FT', 'Material Grade': 'STAINLESS STEEL 316', 'End Type': 'HEAVY'}","Diameter: 4"" | Wall Thickness: 12mm | Length: 10FT | Material Grade: STAINLESS STEEL 316 | End Type: HEAVY",27100037,67,CNMC-000067,True,90.5,67,GAIL,GA000067,WELDED TYPE TUBE End Type:HEAVY
236,CCL,CC000236,Bearings,BEARING,SPHERICAL,BEARING-SPHERICAL Load Rating:100HP,NOS,"{'Inside Diameter': '1""', 'Outside Diameter': '2""', 'Width': '12mm', 'Load Rating': '100HP', 'Seal Type': 'STD'}","Inside Diameter: 1"" | Outside Diameter: 2"" | Width: 12mm | Load Rating: 100HP | Seal Type: STD",31170062,236,CNMC-000236,False,65.7,235,BPCL,BP000235,"BEARING-SPHERICAL Inside Diameter:1"""
431,IOCL,IO000431,Pumps,PUMP,POSITIVE DISPLACEMENT,PUMP POSITIVE DISPLACEMENT TYPE Power:100HP,EACH,"{'Flow Rate': '50 M3/H', 'Head': 'NORMAL', 'Power': '100HP', 'Speed': 'STD', 'Impeller Material': 'CARBON STEEL'}",Flow Rate: 50 M3/H | Head: NORMAL | Power: 100HP | Speed: STD | Impeller Material: CARBON STEEL,40150077,430,CNMC-000430,True,88.7,430,CPCL,CP000430,PUMP (POSITIVE DISPLACEMENT) Power:100HP
413,BHEL,BH000413,Pumps,PUMP,MULTISTAGE,PUMP-MULTISTAGE Impeller Material:STAINLESS STEEL 304,NOS,"{'Flow Rate': '200 M3/H', 'Head': 'HIGH', 'Power': '15HP', 'Speed': 'LIGHT', 'Impeller Material': 'STAINLESS STEEL 304'}",Flow Rate: 200 M3/H | Head: HIGH | Power: 15HP | Speed: LIGHT | Impeller Material: STAINLESS STEEL 304,40150077,413,CNMC-000413,False,75.4,450,BHEL,BH000450,PUMP MULTISTAGE TYPE Impeller Material:STAINLESS STEEL 304
40,SAIL,SA000040,Pipes & Tubes,TUBE,CARBON STEEL,"CARBON STEEL TYPE TUBE Diameter:6""",FOOTS,"{'Diameter': '6""', 'Wall Thickness': '20mm', 'Length': '20FT', 'Material Grade': 'CAST IRON', 'End Type': 'HEAVY'}","Diameter: 6"" | Wall Thickness: 20mm | Length: 20FT | Material Grade: CAST IRON | End Type: HEAVY",27100037,37,CNMC-000037,True,100.0,38,CCL,CC000038,"CARBON STEEL TYPE TUBE Diameter:6"""
671,HPCL,HP000671,Instruments,FLOW METER,ELECTRONIC,FLOW METER-ELECTRONIC Range:0-16 BAR,NOS,"{'Range': '0-16 BAR', 'Accuracy': 'LIGHT', 'Output Signal': 'HEAVY', 'Process Connection': 'HEAVY', 'Housing Material': 'BRONZE'}",Range: 0-16 BAR | Accuracy: LIGHT | Output Signal: HEAVY | Process Connection: HEAVY | Housing Material: BRONZE,41000046,669,CNMC-000669,True,89.1,669,IOCL,IO000669,flow meter electronic type range:0-16 bar
737,BHEL,BH000737,Instruments,FLOW METER,ANALOG,FLOW METER (ANALOG) Output Signal:LIGHT,NOSS,"{'Range': '0-100 BAR', 'Accuracy': 'HEAVY', 'Output Signal': 'LIGHT', 'Process Connection': 'STD', 'Housing Material': 'STAINLESS STEEL 304'}",Range: 0-100 BAR | Accuracy: HEAVY | Output Signal: LIGHT | Process Connection: STD | Housing Material: STAINLESS STEEL 304,41000046,737,CNMC-000737,False,61.0,734,CCL,CC000734,FLOW METER ANALOG TYPE Accuracy:HEAVY
111,HPCL,HP000111,Valves,VALVE,CHECK,"VALVE, CHECK Body Material:BRONZE",EACH,"{'Size': '3""', 'Pressure Rating': '1500 PSI', 'Body Material': 'BRONZE', 'End Connection': 'STD', 'Temperature Rating': '10HP'}","Size: 3"" | Pressure Rating: 1500 PSI | Body Material: BRONZE | End Connection: STD | Temperature Rating: 10HP",40140061,111,CNMC-000111,False,61.9,110,BHEL,BH000110,"VALVE-CHECK Size:3"""
73,IOCL,IO000073,Pipes & Tubes,TUBING,CARBON STEEL,"TUBING, CARBON STEEL Material Grade:STAINLESS STEEL 316",METER,"{'Diameter': '3/4""', 'Wall Thickness': '10mm', 'Length': '6M', 'Material Grade': 'STAINLESS STEEL 316', 'End Type': 'LIGHT'}","Diameter: 3/4"" | Wall Thickness: 10mm | Length: 6M | Material Grade: STAINLESS STEEL 316 | End Type: LIGHT",27100056,73,CNMC-000073,False,65.0,74,NTPC,NT000074,"CARBON STEEL TUBING Diameter:3/4"""
87,BHEL,BH000087,Pipes & Tubes,PIPE,WELDED,pipe-welded length:10ft,METERS,"{'Diameter': '4""', 'Wall Thickness': '8mm', 'Length': '10FT', 'Material Grade': 'ALLOY STEEL', 'End Type': 'STD'}","Diameter: 4"" | Wall Thickness: 8mm | Length: 10FT | Material Grade: ALLOY STEEL | End Type: STD",27100067,87,CNMC-000087,False,67.3,85,NTPC,NT000085,"PIPE, WELDED Diameter:4"""
738,ONGC,ON000738,Instruments,TEMPERATURE TRANSMITTER,SMART,TEMPERATURE TRANSMITTER-SMART Accuracy:STD,NOS,"{'Range': '0-16 BAR', 'Accuracy': 'STD', 'Output Signal': 'LIGHT', 'Process Connection': 'HEAVY', 'Housing Material': 'CARBON STEEL'}",Range: 0-16 BAR | Accuracy: STD | Output Signal: LIGHT | Process Connection: HEAVY | Housing Material: CARBON STEEL,41000059,738,CNMC-000738,True,100.0,740,GAIL,GA000740,TEMPERATURE TRANSMITTER-SMART Accuracy:STD
713,CPCL,CP000713,Instruments,PRESSURE GAUGE,SMART,PRESSURE GAUGE SMART TYPE Housing Material:STAINLESS STEL 304,EACH,"{'Range': '0-25 BAR', 'Accuracy': 'HEAVY', 'Output Signal': 'HIGH', 'Process Connection': 'HIGH', 'Housing Material': 'STAINLESS STEEL 304'}",Range: 0-25 BAR | Accuracy: HEAVY | Output Signal: HIGH | Process Connection: HIGH | Housing Material: STAINLESS STEEL 304,41000061,713,CNMC-000713,False,59.4,697,BHEL,BH000697,pressure gauge smart type housing material:stainless stel 316
175,GAIL,GA000175,Valves,VALVE,GLOBE,"VALVE GLOBE TYPE Size:3/4""",NOS,"{'Size': '3/4""', 'Pressure Rating': '300 PSI', 'Body Material': 'CARBON STEEL', 'End Connection': 'HEAVY', 'Temperature Rating': '5KW'}","Size: 3/4"" | Pressure Rating: 300 PSI | Body Material: CARBON STEEL | End Connection: HEAVY | Temperature Rating: 5KW",40140061,175,CNMC-000175,True,100.0,178,HPCL,HP000178,"VALVE GLOBE TYPE Size:3/4"""
310,SAIL,SA000310,Fasteners,BOLT,SOCKET HEAD,"socket head type bolt diameter:12""",NOS,"{'Diameter': '12""', 'Length': '20FT', 'Thread Pitch': 'NORMAL', 'Material Grade': 'STAINLESS STEEL 304', 'Finish': 'HEAVY'}","Diameter: 12"" | Length: 20FT | Thread Pitch: NORMAL | Material Grade: STAINLESS STEEL 304 | Finish: HEAVY",31160064,310,CNMC-000310,True,85.6,311,BHEL,BH000311,"BOLT, SOCKET HEAD Diameter:12"""
496,ONGC,ON000496,Pumps,PUMP,MULTISTAGE,pump-multistage flow rate:10 m3/h,EACH,"{'Flow Rate': '10 M3/H', 'Head': 'STD', 'Power': '50HP', 'Speed': 'NORMAL', 'Impeller Material': 'STAINLESS STEEL 304'}",Flow Rate: 10 M3/H | Head: STD | Power: 50HP | Speed: NORMAL | Impeller Material: STAINLESS STEEL 304,40150077,496,CNMC-000496,False,59.1,497,BHEL,BH000497,pump-multistage speed:normal
542,NTPC,NT000542,Electrical,MOTOR,CONTROL,MOTOR (CONTROL) Voltage:33KV,EACH,"{'Voltage': '33KV', 'Current Rating': '10KW', 'Power Rating': '20HP', 'Conductor Material': 'STAINLESS STEEL 304', 'Insulation Type': 'NORMAL'}",Voltage: 33KV | Current Rating: 10KW | Power Rating: 20HP | Conductor Material: STAINLESS STEEL 304 | Insulation Type: NORMAL,26000034,542,CNMC-000542,True,100.0,544,CCL,CC000544,MOTOR-CONTROL Voltage:33KV
517,GAIL,GA000517,Electrical,CIRCUIT BREAKER,POWER,CIRCUIT BREAKER (POWER) Insulation Type:HIGH,NOS,"{'Voltage': '415V', 'Current Rating': '50KW', 'Power Rating': '100HP', 'Conductor Material': 'STAINLESS STEEL 304', 'Insulation Type': 'HIGH'}",Voltage: 415V | Current Rating: 50KW | Power Rating: 100HP | Conductor Material: STAINLESS STEEL 304 | Insulation Type: HIGH,26000027,516,CNMC-000516,True,100.0,516,SAIL,SA000516,"CIRCUIT BREAKER, POWER Insulation Type:HIGH"
339,CPCL,CP000339,Fasteners,BOLT,HEX HEAD,BOLT HEX HEAD TYPE Length:6M,NOS,"{'Diameter': '3/4""', 'Length': '6M', 'Thread Pitch': 'STD', 'Material Grade': 'STAINLESS STEEL 304', 'Finish': 'HIGH'}","Diameter: 3/4"" | Length: 6M | Thread Pitch: STD | Material Grade: STAINLESS STEEL 304 | Finish: HIGH",31160064,334,CNMC-000334,True,100.0,335,HPCL,HP000335,BOLT HEX HEAD TYPE Length:6M
450,BHEL,BH000450,Pumps,PUMP,MULTISTAGE,PUMP MULTISTAGE TYPE Impeller Material:STAINLESS STEEL 304,NOS,"{'Flow Rate': '200 M3/H', 'Head': 'STD', 'Power': '10HP', 'Speed': 'LIGHT', 'Impeller Material': 'STAINLESS STEEL 304'}",Flow Rate: 200 M3/H | Head: STD | Power: 10HP | Speed: LIGHT | Impeller Material: STAINLESS STEEL 304,40150077,450,CNMC-000450,False,75.4,413,BHEL,BH000413,PUMP-MULTISTAGE Impeller Material:STAINLESS STEEL 304
68,ONGC,ON000068,Pipes & Tubes,TUBE,WELDED,TUBE WELDED TYPE Wall Thickness:12mm,METER,"{'Diameter': '4""', 'Wall Thickness': '12mm', 'Length': '10FT', 'Material Grade': 'STAINLESS STEEL 316', 'End Type': 'HEAVY'}","Diameter: 4"" | Wall Thickness: 12mm | Length: 10FT | Material Grade: STAINLESS STEEL 316 | End Type: HEAVY",27100037,68,CNMC-000068,False,63.5,67,GAIL,GA000067,WELDED TYPE TUBE End Type:HEAVY
880,BPCL,BP000880,Instruments,PRESSURE GAUGE,ANALOG,PRESSURE GAUGE ANALOG CUSTOM,NOS,{},,41000061,880,CNMC-000880,False,50.0,767,ONGC,ON000767,PRESSURE GAUGE ANALOG SPECIAL
793,NTPC,NT000793,Pipes & Tubes,PIPE,CARBON STEEL,PIPE CARBON STEEL HEAVY,METER,{},,27100067,793,CNMC-000793,False,52.8,2,GAIL,GA000002,PIPE-CARBON STEEL Length:3M
591,NTPC,NT000591,Gaskets & Seals,PACKING,GRAPHITE,PACKING (GRAPHITE) Material:ALLOY STEL,NOS,"{'Inner Diameter': '12""', 'Outer Diameter': '3/4""', 'Thickness': '12mm', 'Material': 'ALLOY STEEL', 'Pressure Rating': '2500 PSI'}","Inner Diameter: 12"" | Outer Diameter: 3/4"" | Thickness: 12mm | Material: ALLOY STEEL | Pressure Rating: 2500 PSI",31180089,591,CNMC-000591,False,79.3,592,BPCL,BP000592,PACKING GRAPHITE TYPE Material:ALLOY STEEL
405,BPCL,BP000405,Fasteners,WASHER,SOCKET HEAD,"SOCKET HEAD TYPE WASHER Diameter:4""",KG,"{'Diameter': '4""', 'Length': '20FT', 'Thread Pitch': 'LIGHT', 'Material Grade': 'CARBON STEEL', 'Finish': 'HIGH'}","Diameter: 4"" | Length: 20FT | Thread Pitch: LIGHT | Material Grade: CARBON STEEL | Finish: HIGH",31160015,404,CNMC-000404,True,86.5,404,BHEL,BH000404,"SOCKET HEAD WASHER Diameter:4"""
544,CCL,CC000544,Electrical,MOTOR,CONTROL,MOTOR-CONTROL Voltage:33KV,NOS,"{'Voltage': '33KV', 'Current Rating': '10KW', 'Power Rating': '20HP', 'Conductor Material': 'STAINLESS STEEL 304', 'Insulation Type': 'NORMAL'}",Voltage: 33KV | Current Rating: 10KW | Power Rating: 20HP | Conductor Material: STAINLESS STEEL 304 | Insulation Type: NORMAL,26000034,542,CNMC-000542,True,100.0,542,NTPC,NT000542,MOTOR (CONTROL) Voltage:33KV
347,CCL,CC000347,Fasteners,WASHER,LOCK,WASHER (LOCK) Length:6M,NOS,"{'Diameter': '3""', 'Length': '6M', 'Thread Pitch': 'LIGHT', 'Material Grade': 'STAINLESS STEEL 316', 'Finish': 'STD'}","Diameter: 3"" | Length: 6M | Thread Pitch: LIGHT | Material Grade: STAINLESS STEEL 316 | Finish: STD",31160015,347,CNMC-000347,False,60.0,346,BPCL,BP000346,"LOCK TYPE WASHER Diameter:3"""
31,HPCL,HP000031,Pipes & Tubes,TUBE,GALVANIZED,"GALVANIZED TUBE Diameter:3""",METER,"{'Diameter': '3""', 'Wall Thickness': '12mm', 'Length': '10FT', 'Material Grade': 'ALLOY STEEL', 'End Type': 'STD'}","Diameter: 3"" | Wall Thickness: 12mm | Length: 10FT | Material Grade: ALLOY STEEL | End Type: STD",27100037,29,CNMC-000029,True,80.9,29,ONGC,ON000029,"GALVANIZED TYPE TUBE Diameter:3"""
802,SAIL,SA000802,Pumps,PUMP,POSITIVE DISPLACEMENT,PUMP POSITIVE DISPLACEMENT CUSTOM,NOS,{},,40150077,787,CNMC-000787,True,80.0,787,NTPC,NT000787,PUMP POSITIVE DISPLACEMENT CUSTOM
695,CPCL,CP000695,Instruments,PRESSURE GAUGE,SMART,SMART PRESSURE GAUGE Accuracy:STD,NOS,"{'Range': '0-40 BAR', 'Accuracy': 'STD', 'Output Signal': 'LIGHT', 'Process Connection': 'HIGH', 'Housing Material': 'STAINLESS STEEL 316'}",Range: 0-40 BAR | Accuracy: STD | Output Signal: LIGHT | Process Connection: HIGH | Housing Material: STAINLESS STEEL 316,41000061,695,CNMC-000695,True,81.2,698,CCL,CC000698,PRESSURE GAUGE SMART TYPE Accuracy:STD
251,HPCL,HP000251,Bearings,BEARING,ROLLER,bearing-roller load rating:100hp,NOS,"{'Inside Diameter': '3/4""', 'Outside Diameter': '1""', 'Width': '10mm', 'Load Rating': '100HP', 'Seal Type': 'NORMAL'}","Inside Diameter: 3/4"" | Outside Diameter: 1"" | Width: 10mm | Load Rating: 100HP | Seal Type: NORMAL",31170062,249,CNMC-000249,True,87.2,249,CPCL,CP000249,ROLLER TYPE BEARING Load Rating:100HP
631,IOCL,IO000631,Gaskets & Seals,SEAL,GRAPHITE,"seal, graphite outer diameter:2""",EACH,"{'Inner Diameter': '2""', 'Outer Diameter': '2""', 'Thickness': '8mm', 'Material': 'STAINLESS STEEL 316', 'Pressure Rating': '1500 PSI'}","Inner Diameter: 2"" | Outer Diameter: 2"" | Thickness: 8mm | Material: STAINLESS STEEL 316 | Pressure Rating: 1500 PSI",31180047,626,CNMC-000626,True,83.7,626,HPCL,HP000626,"GRAPHITE SEAL Outer Diameter:2"""
261,HPCL,HP000261,Bearings,BEARING,BALL,"bearing (ball) inside diameter:3""",EACH,"{'Inside Diameter': '3""', 'Outside Diameter': '1""', 'Width': '8mm', 'Load Rating': '10HP', 'Seal Type': 'STD'}","Inside Diameter: 3"" | Outside Diameter: 1"" | Width: 8mm | Load Rating: 10HP | Seal Type: STD",31170062,261,CNMC-000261,False,73.7,262,NTPC,NT000262,"BEARING (BALL) Outside Diameter:1"""
301,BPCL,BP000301,Bearings,BEARING,SPHERICAL,BEARING-SPHERICAL Width:8mm,EACH,"{'Inside Diameter': '3""', 'Outside Diameter': '6""', 'Width': '8mm', 'Load Rating': '15HP', 'Seal Type': 'STD'}","Inside Diameter: 3"" | Outside Diameter: 6"" | Width: 8mm | Load Rating: 15HP | Seal Type: STD",31170062,297,CNMC-000297,True,100.0,297,CCL,CC000297,"BEARING, SPHERICAL Width:8mm"
482,IOCL,IO000482,Pumps,PUMP,MULTISTAGE,PUMP-MULTISTAGE Impeller Material:BRONZE,NOS,"{'Flow Rate': '25 M3/H', 'Head': 'HEAVY', 'Power': '25HP', 'Speed': 'NORMAL', 'Impeller Material': 'BRONZE'}",Flow Rate: 25 M3/H | Head: HEAVY | Power: 25HP | Speed: NORMAL | Impeller Material: BRONZE,40150077,482,CNMC-000482,False,56.9,480,CPCL,CP000480,PUMP (MULTISTAGE) Speed:NORMAL
211,SAIL,SA000211,Bearings,BEARING,THRUST,THRUST TYPE BEARING Load Rating:100HP,NOS,"{'Inside Diameter': '4""', 'Outside Diameter': '3""', 'Width': '12mm', 'Load Rating': '100HP', 'Seal Type': 'HEAVY'}","Inside Diameter: 4"" | Outside Diameter: 3"" | Width: 12mm | Load Rating: 100HP | Seal Type: HEAVY",31170062,211,CNMC-000211,False,71.5,210,CPCL,CP000210,"THRUST TYPE BEARING Inside Diameter:4"""
626,HPCL,HP000626,Gaskets & Seals,SEAL,GRAPHITE,"GRAPHITE SEAL Outer Diameter:2""",EACH,"{'Inner Diameter': '2""', 'Outer Diameter': '2""', 'Thickness': '8mm', 'Material': 'STAINLESS STEEL 316', 'Pressure Rating': '1500 PSI'}","Inner Diameter: 2"" | Outer Diameter: 2"" | Thickness: 8mm | Material: STAINLESS STEEL 316 | Pressure Rating: 1500 PSI",31180047,626,CNMC-000626,True,83.7,631,IOCL,IO000631,"seal, graphite outer diameter:2"""
24,IOCL,IO000024,Pipes & Tubes,TUBING,WELDED,"TUBING, WELDED Material Grade:ALLOY STEL",FOOT,"{'Diameter': '8""', 'Wall Thickness': '2mm', 'Length': '10FT', 'Material Grade': 'ALLOY STEEL', 'End Type': 'STD'}","Diameter: 8"" | Wall Thickness: 2mm | Length: 10FT | Material Grade: ALLOY STEEL | End Type: STD",27100056,22,CNMC-000022,True,89.6,22,CPCL,CP000022,"tubing, welded material grade:alloy steel"
654,BHEL,BH000654,Gaskets & Seals,PACKING,RUBBER,"PACKING, RUBBER Material:STAINLESS STEEL 316",NOS,"{'Inner Diameter': '12""', 'Outer Diameter': '2""', 'Thickness': '3mm', 'Material': 'STAINLESS STEEL 316', 'Pressure Rating': '600 PSI'}","Inner Diameter: 12"" | Outer Diameter: 2"" | Thickness: 3mm | Material: STAINLESS STEEL 316 | Pressure Rating: 600 PSI",31180089,654,CNMC-000654,False,61.4,655,NTPC,NT000655,"PACKING RUBBER TYPE Outer Diameter:2"""
685,IOCL,IO000685,Instruments,CONTROL VALVE,ANALOG,"CONTROL VALVE, ANALOG Process Connection:HEAVY",NOS,"{'Range': '0-16 BAR', 'Accuracy': 'STD', 'Output Signal': 'HEAVY', 'Process Connection': 'HEAVY', 'Housing Material': 'CAST IRON'}",Range: 0-16 BAR | Accuracy: STD | Output Signal: HEAVY | Process Connection: HEAVY | Housing Material: CAST IRON,41000013,683,CNMC-000683,True,90.5,683,NTPC,NT000683,ANALOG CONTROL VALVE Process Connection:HEAVY
410,BPCL,BP000410,Fasteners,BOLT,FLANGE,"FLANGE TYPE BOLT Diameter:8""",KG,"{'Diameter': '8""', 'Length': '20FT', 'Thread Pitch': 'HIGH', 'Material Grade': 'CAST IRON', 'Finish': 'HEAVY'}","Diameter: 8"" | Length: 20FT | Thread Pitch: HIGH | Material Grade: CAST IRON | Finish: HEAVY",31160064,410,CNMC-000410,False,59.0,409,ONGC,ON000409,BOLT-FLANGE Finish:HEAVY
64,NTPC,NT000064,Pipes & Tubes,TUBING,GALVANIZED,GALVANIZED TYPE TUBING End Type:HEAVY,METER,"{'Diameter': '10""', 'Wall Thickness': '3mm', 'Length': '6M', 'Material Grade': 'BRONZE', 'End Type': 'HEAVY'}","Diameter: 10"" | Wall Thickness: 3mm | Length: 6M | Material Grade: BRONZE | End Type: HEAVY",27100056,62,CNMC-000062,True,85.1,62,SAIL,SA000062,TUBING-GALVANIZED End Type:HEAVY
487,BHEL,BH000487,Pumps,PUMP,POSITIVE DISPLACEMENT,POSITIVE DISPLACEMENT PUMP Speed:HEAVY,EACH,"{'Flow Rate': '25 M3/H', 'Head': 'NORMAL', 'Power': '15HP', 'Speed': 'HEAVY', 'Impeller Material': 'STAINLESS STEEL 316'}",Flow Rate: 25 M3/H | Head: NORMAL | Power: 15HP | Speed: HEAVY | Impeller Material: STAINLESS STEEL 316,40150077,487,CNMC-000487,False,69.0,489,CPCL,CP000489,POSITIVE DISPLACEMENT PUMP Flow Rate:25 M3/H
830,CCL,CC000830,Electrical,SWITCH,LV,SWITCH LV CUSTOM,EACH,{},,26000002,830,CNMC-000830,False,51.4,876,BPCL,BP000876,SWITCH LV HEAVY
746,CCL,CC000746,Instruments,PRESSURE GAUGE,ANALOG,"PRESSURE GAUGE, ANALOG Range:0-16 BAR",NOSS,"{'Range': '0-16 BAR', 'Accuracy': 'STD', 'Output Signal': 'LIGHT', 'Process Connection': 'HEAVY', 'Housing Material': 'CAST IRON'}",Range: 0-16 BAR | Accuracy: STD | Output Signal: LIGHT | Process Connection: HEAVY | Housing Material: CAST IRON,41000061,746,CNMC-000746,False,61.5,744,GAIL,GA000744,PRESSURE GAUGE-ANALOG Output Signal:LIGHT
716,ONGC,ON000716,Instruments,PRESSURE GAUGE,ANALOG,PRESSURE GAUGE (ANALOG) Output Signal:HEAVY,EACH,"{'Range': '0-40 BAR', 'Accuracy': 'NORMAL', 'Output Signal': 'HEAVY', 'Process Connection': 'NORMAL', 'Housing Material': 'ALLOY STEEL'}",Range: 0-40 BAR | Accuracy: NORMAL | Output Signal: HEAVY | Process Connection: NORMAL | Housing Material: ALLOY STEEL,41000061,716,CNMC-000716,False,62.9,723,ONGC,ON000723,SMART TYPE PRESSURE GAUGE Output Signal:HEAVY
457,SAIL,SA000457,Pumps,PUMP,POSITIVE DISPLACEMENT,PUMP POSITIVE DISPLACEMENT TYPE Power:5HP,EACH,"{'Flow Rate': '100 M3/H', 'Head': 'STD', 'Power': '5HP', 'Speed': 'HIGH', 'Impeller Material': 'CARBON STEEL'}",Flow Rate: 100 M3/H | Head: STD | Power: 5HP | Speed: HIGH | Impeller Material: CARBON STEEL,40150077,457,CNMC-000457,False,66.7,458,IOCL,IO000458,positive displacement type pump flow rate:100 m3/h
291,NTPC,NT000291,Bearings,BEARING,BALL,bearing-ball width:20mm,EACH,"{'Inside Diameter': '4""', 'Outside Diameter': '3""', 'Width': '20mm', 'Load Rating': '10HP', 'Seal Type': 'NORMAL'}","Inside Diameter: 4"" | Outside Diameter: 3"" | Width: 20mm | Load Rating: 10HP | Seal Type: NORMAL",31170062,291,CNMC-000291,True,100.0,296,BPCL,BP000296,BEARING-BALL Width:20mm
356,CPCL,CP000356,Fasteners,STUD,HEX HEAD,"STUD HEX HEAD TYPE Diameter:1""",NOS,"{'Diameter': '1""', 'Length': '6M', 'Thread Pitch': 'STD', 'Material Grade': 'BRONZE', 'Finish': 'LIGHT'}","Diameter: 1"" | Length: 6M | Thread Pitch: STD | Material Grade: BRONZE | Finish: LIGHT",31160032,356,CNMC-000356,False,77.4,355,ONGC,ON000355,"HEX HEAD STUD Diameter:1"""
692,SAIL,SA000692,Instruments,CONTROL VALVE,DIGITAL,CONTROL VALVE (DIGITAL) Accuracy:NORMAL,NOS,"{'Range': '0-40 BAR', 'Accuracy': 'NORMAL', 'Output Signal': 'HEAVY', 'Process Connection': 'HEAVY', 'Housing Material': 'CAST IRON'}",Range: 0-40 BAR | Accuracy: NORMAL | Output Signal: HEAVY | Process Connection: HEAVY | Housing Material: CAST IRON,41000013,692,CNMC-000692,True,85.8,693,HPCL,HP000693,digital control valve accuracy:normal
260,IOCL,IO000260,Bearings,BEARING,BALL,BEARING-BALL Width:8mm,NOS,"{'Inside Diameter': '3""', 'Outside Diameter': '1""', 'Width': '8mm', 'Load Rating': '10HP', 'Seal Type': 'STD'}","Inside Diameter: 3"" | Outside Diameter: 1"" | Width: 8mm | Load Rating: 10HP | Seal Type: STD",31170062,260,CNMC-000260,True,87.8,264,BHEL,BH000264,BALL BEARING Width:8mm
458,IOCL,IO000458,Pumps,PUMP,POSITIVE DISPLACEMENT,positive displacement type pump flow rate:100 m3/h,NOS,"{'Flow Rate': '100 M3/H', 'Head': 'STD', 'Power': '5HP', 'Speed': 'HIGH', 'Impeller Material': 'CARBON STEEL'}",Flow Rate: 100 M3/H | Head: STD | Power: 5HP | Speed: HIGH | Impeller Material: CARBON STEEL,40150077,456,CNMC-000456,True,89.4,456,GAIL,GA000456,"PUMP, POSITIVE DISPLACEMENT Flow Rate:100 M3/H"
494,HPCL,HP000494,Pumps,PUMP,MULTISTAGE,PUMP-MULTISTAGE Power:100HP,NOSS,"{'Flow Rate': '100 M3/H', 'Head': 'HIGH', 'Power': '100HP', 'Speed': 'HIGH', 'Impeller Material': 'STAINLESS STEEL 304'}",Flow Rate: 100 M3/H | Head: HIGH | Power: 100HP | Speed: HIGH | Impeller Material: STAINLESS STEEL 304,40150077,494,CNMC-000494,False,61.4,493,NTPC,NT000493,"PUMP, MULTISTAGE Flow Rate:100 M3/H"
667,GAIL,GA000667,Instruments,FLOW METER,ELECTRONIC,ELECTRONIC TYPE FLOW METER Process Connection:HEAVY,NOS,"{'Range': '0-16 BAR', 'Accuracy': 'LIGHT', 'Output Signal': 'HEAVY', 'Process Connection': 'HEAVY', 'Housing Material': 'BRONZE'}",Range: 0-16 BAR | Accuracy: LIGHT | Output Signal: HEAVY | Process Connection: HEAVY | Housing Material: BRONZE,41000046,667,CNMC-000667,False,68.9,670,SAIL,SA000670,ELECTRONIC TYPE FLOW METER Range:0-16 BAR
214,HPCL,HP000214,Bearings,BEARING,BALL,"BEARING-BALL Inside Diameter:8""",NOSS,"{'Inside Diameter': '8""', 'Outside Diameter': '10""', 'Width': '2mm', 'Load Rating': '5HP', 'Seal Type': 'HEAVY'}","Inside Diameter: 8"" | Outside Diameter: 10"" | Width: 2mm | Load Rating: 5HP | Seal Type: HEAVY",31170062,214,CNMC-000214,True,100.0,219,BHEL,BH000219,"BEARING (BALL) Inside Diameter:8"""
809,BHEL,BH000809,Pumps,PUMP,MULTISTAGE,PUMP MULTISTAGE STD,EACH,{},,40150077,809,CNMC-000809,True,80.0,812,BHEL,BH000812,PUMP MULTISTAGE STD
137,GAIL,GA000137,Valves,VALVE,CHECK,VALVE CHECK TYPE Body Material:CAST IRON,EACH,"{'Size': '4""', 'Pressure Rating': '600 PSI', 'Body Material': 'CAST IRON', 'End Connection': 'HEAVY', 'Temperature Rating': '10HP'}","Size: 4"" | Pressure Rating: 600 PSI | Body Material: CAST IRON | End Connection: HEAVY | Temperature Rating: 10HP",40140061,137,CNMC-000137,True,94.2,139,SAIL,SA000139,CHECK TYPE VALVE Body Material:CAST IRON
780,ONGC,ON000780,Gaskets & Seals,O-RING,RUBBER,O-RING RUBBER CUSTOM,EACH,{},,31180009,780,CNMC-000780,False,49.8,831,CCL,CC000831,O-RING RUBBER STD
515,CPCL,CP000515,Electrical,CIRCUIT BREAKER,POWER,POWER TYPE CIRCUIT BREAKER Voltage:415V,NOSS,"{'Voltage': '415V', 'Current Rating': '50KW', 'Power Rating': '100HP', 'Conductor Material': 'STAINLESS STEEL 304', 'Insulation Type': 'HIGH'}",Voltage: 415V | Current Rating: 50KW | Power Rating: 100HP | Conductor Material: STAINLESS STEEL 304 | Insulation Type: HIGH,26000027,515,CNMC-000515,False,70.4,518,ONGC,ON000518,POWER TYPE CIRCUIT BREAKER Current Rating:50KW
514,GAIL,GA000514,Electrical,TRANSFORMER,HV,TRANSFORMER HV TYPE Power Rating:5HP,NOS,"{'Voltage': '415V', 'Current Rating': '20HP', 'Power Rating': '5HP', 'Conductor Material': 'BRONZE', 'Insulation Type': 'HEAVY'}",Voltage: 415V | Current Rating: 20HP | Power Rating: 5HP | Conductor Material: BRONZE | Insulation Type: HEAVY,26000051,514,CNMC-000514,False,67.1,513,CPCL,CP000513,TRANSFORMER (HV) Insulation Type:HEAVY
733,HPCL,HP000733,Instruments,FLOW METER,ANALOG,ANALOG FLOW METER Housing Material:STAINLESS STEEL 304,NOS,"{'Range': '0-100 BAR', 'Accuracy': 'HEAVY', 'Output Signal': 'LIGHT', 'Process Connection': 'STD', 'Housing Material': 'STAINLESS STEEL 304'}",Range: 0-100 BAR | Accuracy: HEAVY | Output Signal: LIGHT | Process Connection: STD | Housing Material: STAINLESS STEEL 304,41000046,733,CNMC-000733,True,93.6,735,NTPC,NT000735,FLOW METER (ANALOG) Housing Material:STAINLESS STEEL 304
45,BPCL,BP000045,Pipes & Tubes,TUBE,STAINLESS STEEL,STAINLESS STEL TUBE Wall Thickness:3mm,FOOT,"{'Diameter': '12""', 'Wall Thickness': '3mm', 'Length': '10FT', 'Material Grade': 'STAINLESS STEEL 304', 'End Type': 'STD'}","Diameter: 12"" | Wall Thickness: 3mm | Length: 10FT | Material Grade: STAINLESS STEEL 304 | End Type: STD",27100037,42,CNMC-000042,True,87.5,44,NTPC,NT000044,TUBE STAINLESS STEL TYPE Wall Thickness:3mm
693,HPCL,HP000693,Instruments,CONTROL VALVE,DIGITAL,digital control valve accuracy:normal,EACH,"{'Range': '0-40 BAR', 'Accuracy': 'NORMAL', 'Output Signal': 'HEAVY', 'Process Connection': 'HEAVY', 'Housing Material': 'CAST IRON'}",Range: 0-40 BAR | Accuracy: NORMAL | Output Signal: HEAVY | Process Connection: HEAVY | Housing Material: CAST IRON,41000013,692,CNMC-000692,True,85.8,692,SAIL,SA000692,CONTROL VALVE (DIGITAL) Accuracy:NORMAL
852,IOCL,IO000852,Fasteners,STUD,SPRING,STUD SPRING SPECIAL,KG,{},,31160032,852,CNMC-000852,False,45.8,390,BPCL,BP000390,STUD (SPRING) Length:20FT
245,HPCL,HP000245,Bearings,BEARING,BALL,BALL BEARING Seal Type:LIGHT,NOS,"{'Inside Diameter': '3""', 'Outside Diameter': '2""', 'Width': '3mm', 'Load Rating': '5HP', 'Seal Type': 'LIGHT'}","Inside Diameter: 3"" | Outside Diameter: 2"" | Width: 3mm | Load Rating: 5HP | Seal Type: LIGHT",31170062,245,CNMC-000245,True,90.7,246,BPCL,BP000246,ball type bearing seal type:light
212,IOCL,IO000212,Bearings,BEARING,THRUST,"THRUST TYPE BEARING Outside Diameter:3""",EACH,"{'Inside Diameter': '4""', 'Outside Diameter': '3""', 'Width': '12mm', 'Load Rating': '100HP', 'Seal Type': 'HEAVY'}","Inside Diameter: 4"" | Outside Diameter: 3"" | Width: 12mm | Load Rating: 100HP | Seal Type: HEAVY",31170062,210,CNMC-000210,True,81.7,210,CPCL,CP000210,"THRUST TYPE BEARING Inside Diameter:4"""
406,CCL,CC000406,Fasteners,WASHER,SOCKET HEAD,WASHER (SOCKET HEAD) Length:20FT,NOS,"{'Diameter': '4""', 'Length': '20FT', 'Thread Pitch': 'LIGHT', 'Material Grade': 'CARBON STEEL', 'Finish': 'HIGH'}","Diameter: 4"" | Length: 20FT | Thread Pitch: LIGHT | Material Grade: CARBON STEEL | Finish: HIGH",31160015,406,CNMC-000406,True,100.0,407,NTPC,NT000407,WASHER (SOCKET HEAD) Length:20FT
142,SAIL,SA000142,Valves,VALVE,BALL,VALVE BALL TYPE End Connection:NORMAL,EACH,"{'Size': '3""', 'Pressure Rating': '2500 PSI', 'Body Material': 'STAINLESS STEEL 304', 'End Connection': 'NORMAL', 'Temperature Rating': '10HP'}","Size: 3"" | Pressure Rating: 2500 PSI | Body Material: STAINLESS STEEL 304 | End Connection: NORMAL | Temperature Rating: 10HP",40140061,140,CNMC-000140,True,84.5,140,BPCL,BP000140,BALL VALVE End Connection:NORMAL
573,BHEL,BH000573,Electrical,CIRCUIT BREAKER,INSTRUMENTATION,INSTRUMENTATION CIRCUIT BREAKER Conductor Material:CARBON STEEL,METER,"{'Voltage': '230V', 'Current Rating': '50KW', 'Power Rating': '10HP', 'Conductor Material': 'CARBON STEEL', 'Insulation Type': 'HEAVY'}",Voltage: 230V | Current Rating: 50KW | Power Rating: 10HP | Conductor Material: CARBON STEEL | Insulation Type: HEAVY,26000027,571,CNMC-000571,True,83.4,571,ONGC,ON000571,"circuit breaker, instrumentation conductor material:carbon stel"
381,BPCL,BP000381,Fasteners,NUT,HEX HEAD,NUT (HEX HEAD) Finish:STD,NOS,"{'Diameter': '10""', 'Length': '3M', 'Thread Pitch': 'LIGHT', 'Material Grade': 'CARBON STEEL', 'Finish': 'STD'}","Diameter: 10"" | Length: 3M | Thread Pitch: LIGHT | Material Grade: CARBON STEEL | Finish: STD",31160062,381,CNMC-000381,True,100.0,384,ONGC,ON000384,NUT (HEX HEAD) Finish:STD
785,NTPC,NT000785,Instruments,FLOW METER,ANALOG,FLOW METER ANALOG SPECIAL,EACH,{},,41000046,785,CNMC-000785,False,45.5,737,BHEL,BH000737,FLOW METER (ANALOG) Output Signal:LIGHT
306,BPCL,BP000306,Bearings,BEARING,BALL,"BEARING (BALL) Outside Diameter:3/4""",EACHS,"{'Inside Diameter': '1""', 'Outside Diameter': '3/4""', 'Width': '2mm', 'Load Rating': '15HP', 'Seal Type': 'HIGH'}","Inside Diameter: 1"" | Outside Diameter: 3/4"" | Width: 2mm | Load Rating: 15HP | Seal Type: HIGH",31170062,306,CNMC-000306,False,61.9,304,CPCL,CP000304,BEARING-BALL Width:2mm
585,ONGC,ON000585,Electrical,CIRCUIT BREAKER,HV,HV TYPE CIRCUIT BREAKER Conductor Material:CAST IRON,EACHS,"{'Voltage': '230V', 'Current Rating': '5HP', 'Power Rating': '5KW', 'Conductor Material': 'CAST IRON', 'Insulation Type': 'STD'}",Voltage: 230V | Current Rating: 5HP | Power Rating: 5KW | Conductor Material: CAST IRON | Insulation Type: STD,26000027,585,CNMC-000585,False,65.9,586,BHEL,BH000586,HV TYPE CIRCUIT BREAKER Power Rating:5KW
315,NTPC,NT000315,Fasteners,NUT,SOCKET HEAD,"NUT-SOCKET HEAD Diameter:8""",KG,"{'Diameter': '8""', 'Length': '6M', 'Thread Pitch': 'LIGHT', 'Material Grade': 'CARBON STEEL', 'Finish': 'NORMAL'}","Diameter: 8"" | Length: 6M | Thread Pitch: LIGHT | Material Grade: CARBON STEEL | Finish: NORMAL",31160062,315,CNMC-000315,False,75.2,314,HPCL,HP000314,"NUT, SOCKET HEAD Length:6M"
317,HPCL,HP000317,Fasteners,BOLT,SOCKET HEAD,"BOLT, SOCKET HEAD Material Grade:CARBON STEEL",NOSS,"{'Diameter': '6""', 'Length': '6M', 'Thread Pitch': 'HIGH', 'Material Grade': 'CARBON STEEL', 'Finish': 'NORMAL'}","Diameter: 6"" | Length: 6M | Thread Pitch: HIGH | Material Grade: CARBON STEEL | Finish: NORMAL",31160064,317,CNMC-000317,False,62.7,320,NTPC,NT000320,"BOLT, SOCKET HEAD Finish:NORMAL"
138,CCL,CC000138,Valves,VALVE,CHECK,VALVE-CHECK Temperature Rating:10HP,EACH,"{'Size': '4""', 'Pressure Rating': '600 PSI', 'Body Material': 'CAST IRON', 'End Connection': 'HEAVY', 'Temperature Rating': '10HP'}","Size: 4"" | Pressure Rating: 600 PSI | Body Material: CAST IRON | End Connection: HEAVY | Temperature Rating: 10HP",40140061,138,CNMC-000138,False,60.1,136,NTPC,NT000136,VALVE-CHECK Pressure Rating:600 PSI
845,GAIL,GA000845,Valves,VALVE,PRESSURE RELIEF,VALVE PRESSURE RELIEF CUSTOM,NOS,{},,40140061,842,CNMC-000842,True,80.0,842,GAIL,GA000842,VALVE PRESSURE RELIEF CUSTOM
859,IOCL,IO000859,Bearings,BEARING,TAPERED ROLLER,BEARING TAPERED ROLLER STD,NOS,{},,31170062,779,CNMC-000779,True,80.0,779,ONGC,ON000779,BEARING TAPERED ROLLER STD
831,CCL,CC000831,Gaskets & Seals,O-RING,RUBBER,O-RING RUBBER STD,NOS,{},,31180009,831,CNMC-000831,False,52.3,768,ONGC,ON000768,O-RING RUBBER SPECIAL
61,ONGC,ON000061,Pipes & Tubes,PIPE,STAINLESS STEEL,PIPE (STAINLESS STEEL) End Type:STD,METER,"{'Diameter': '10""', 'Wall Thickness': '15mm', 'Length': '20FT', 'Material Grade': 'CARBON STEEL', 'End Type': 'STD'}","Diameter: 10"" | Wall Thickness: 15mm | Length: 20FT | Material Grade: CARBON STEEL | End Type: STD",27100067,61,CNMC-000061,False,72.8,56,GAIL,GA000056,STNLSS STEEL TYPE PIPE End Type:STD
616,CCL,CC000616,Gaskets & Seals,GASKET,SPIRAL WOUND,"GASKET-SPIRAL WOUND Outer Diameter:8""",NOS,"{'Inner Diameter': '6""', 'Outer Diameter': '8""', 'Thickness': '10mm', 'Material': 'STAINLESS STEEL 316', 'Pressure Rating': '2500 PSI'}","Inner Diameter: 6"" | Outer Diameter: 8"" | Thickness: 10mm | Material: STAINLESS STEEL 316 | Pressure Rating: 2500 PSI",31180096,615,CNMC-000615,True,82.1,615,HPCL,HP000615,"SPIRAL WOUND TYPE GASKET Outer Diameter:8"""
670,SAIL,SA000670,Instruments,FLOW METER,ELECTRONIC,ELECTRONIC TYPE FLOW METER Range:0-16 BAR,NOSS,"{'Range': '0-16 BAR', 'Accuracy': 'LIGHT', 'Output Signal': 'HEAVY', 'Process Connection': 'HEAVY', 'Housing Material': 'BRONZE'}",Range: 0-16 BAR | Accuracy: LIGHT | Output Signal: HEAVY | Process Connection: HEAVY | Housing Material: BRONZE,41000046,669,CNMC-000669,True,91.1,669,IOCL,IO000669,flow meter electronic type range:0-16 bar
535,ONGC,ON000535,Electrical,SWITCH,HV,SWITCH (HV) Power Rating:5KW,EACH,"{'Voltage': '11KV', 'Current Rating': '50KW', 'Power Rating': '5KW', 'Conductor Material': 'CAST IRON', 'Insulation Type': 'STD'}",Voltage: 11KV | Current Rating: 50KW | Power Rating: 5KW | Conductor Material: CAST IRON | Insulation Type: STD,26000002,535,CNMC-000535,False,65.8,533,SAIL,SA000533,SWITCH-HV Current Rating:50KW
538,BHEL,BH000538,Electrical,CIRCUIT BREAKER,MV,CIRCUIT BREAKER-MV Voltage:230V,EACH,"{'Voltage': '230V', 'Current Rating': '100HP', 'Power Rating': '20HP', 'Conductor Material': 'CAST IRON', 'Insulation Type': 'HIGH'}",Voltage: 230V | Current Rating: 100HP | Power Rating: 20HP | Conductor Material: CAST IRON | Insulation Type: HIGH,26000027,537,CNMC-000537,True,100.0,537,SAIL,SA000537,CIRCUIT BREAKER-MV Voltage:230V
67,GAIL,GA000067,Pipes & Tubes,TUBE,WELDED,WELDED TYPE TUBE End Type:HEAVY,FOOTS,"{'Diameter': '4""', 'Wall Thickness': '12mm', 'Length': '10FT', 'Material Grade': 'STAINLESS STEEL 316', 'End Type': 'HEAVY'}","Diameter: 4"" | Wall Thickness: 12mm | Length: 10FT | Material Grade: STAINLESS STEEL 316 | End Type: HEAVY",27100037,67,CNMC-000067,True,90.5,71,NTPC,NT000071,WELDED TUBE End Type:HEAVY
409,ONGC,ON000409,Fasteners,BOLT,FLANGE,BOLT-FLANGE Finish:HEAVY,NOS,"{'Diameter': '8""', 'Length': '20FT', 'Thread Pitch': 'HIGH', 'Material Grade': 'CAST IRON', 'Finish': 'HEAVY'}","Diameter: 8"" | Length: 20FT | Thread Pitch: HIGH | Material Grade: CAST IRON | Finish: HEAVY",31160064,409,CNMC-000409,True,100.0,411,GAIL,GA000411,BOLT (FLANGE) Finish:HEAVY
594,ONGC,ON000594,Gaskets & Seals,PACKING,GRAPHITE,GRAPHITE TYPE PACKING Thickness:8mm,NOS,"{'Inner Diameter': '4""', 'Outer Diameter': '3/4""', 'Thickness': '8mm', 'Material': 'ALLOY STEEL', 'Pressure Rating': '600 PSI'}","Inner Diameter: 4"" | Outer Diameter: 3/4"" | Thickness: 8mm | Material: ALLOY STEEL | Pressure Rating: 600 PSI",31180089,594,CNMC-000594,True,83.6,596,CPCL,CP000596,"PACKING, GRAPHITE Thickness:8mm"
140,BPCL,BP000140,Valves,VALVE,BALL,BALL VALVE End Connection:NORMAL,NOS,"{'Size': '3""', 'Pressure Rating': '2500 PSI', 'Body Material': 'STAINLESS STEEL 304', 'End Connection': 'NORMAL', 'Temperature Rating': '10HP'}","Size: 3"" | Pressure Rating: 2500 PSI | Body Material: STAINLESS STEEL 304 | End Connection: NORMAL | Temperature Rating: 10HP",40140061,140,CNMC-000140,True,84.5,142,SAIL,SA000142,VALVE BALL TYPE End Connection:NORMAL
577,HPCL,HP000577,Electrical,CABLE,LV,LV TYPE CABLE Current Rating:50HP,EACH,"{'Voltage': '230V', 'Current Rating': '50HP', 'Power Rating': '25HP', 'Conductor Material': 'STAINLESS STEEL 304', 'Insulation Type': 'LIGHT'}",Voltage: 230V | Current Rating: 50HP | Power Rating: 25HP | Conductor Material: STAINLESS STEEL 304 | Insulation Type: LIGHT,26000075,576,CNMC-000576,True,100.0,578,SAIL,SA000578,LV TYPE CABLE Current Rating:50HP
425,CPCL,CP000425,Pumps,PUMP,GEAR,GEAR TYPE PUMP Speed:HEAVY,EACHS,"{'Flow Rate': '50 M3/H', 'Head': 'LIGHT', 'Power': '10HP', 'Speed': 'HEAVY', 'Impeller Material': 'ALLOY STEEL'}",Flow Rate: 50 M3/H | Head: LIGHT | Power: 10HP | Speed: HEAVY | Impeller Material: ALLOY STEEL,40150077,425,CNMC-000425,False,69.5,426,NTPC,NT000426,PUMP GEAR TYPE Head:LIGHT
426,NTPC,NT000426,Pumps,PUMP,GEAR,PUMP GEAR TYPE Head:LIGHT,EACHS,"{'Flow Rate': '50 M3/H', 'Head': 'LIGHT', 'Power': '10HP', 'Speed': 'HEAVY', 'Impeller Material': 'ALLOY STEEL'}",Flow Rate: 50 M3/H | Head: LIGHT | Power: 10HP | Speed: HEAVY | Impeller Material: ALLOY STEEL,40150077,426,CNMC-000426,False,69.5,425,CPCL,CP000425,GEAR TYPE PUMP Speed:HEAVY
297,CCL,CC000297,Bearings,BEARING,SPHERICAL,"BEARING, SPHERICAL Width:8mm",EACH,"{'Inside Diameter': '3""', 'Outside Diameter': '6""', 'Width': '8mm', 'Load Rating': '15HP', 'Seal Type': 'STD'}","Inside Diameter: 3"" | Outside Diameter: 6"" | Width: 8mm | Load Rating: 15HP | Seal Type: STD",31170062,297,CNMC-000297,True,100.0,301,BPCL,BP000301,BEARING-SPHERICAL Width:8mm
644,SAIL,SA000644,Gaskets & Seals,O-RING,GRAPHITE,GRAPHITE TYPE O-RING Material:BRONZE,EACH,"{'Inner Diameter': '4""', 'Outer Diameter': '3/4""', 'Thickness': '20mm', 'Material': 'BRONZE', 'Pressure Rating': '600 PSI'}","Inner Diameter: 4"" | Outer Diameter: 3/4"" | Thickness: 20mm | Material: BRONZE | Pressure Rating: 600 PSI",31180009,642,CNMC-000642,True,100.0,643,BPCL,BP000643,GRAPHITE TYPE O-RING Material:BRONZE
169,BPCL,BP000169,Valves,VALVE,PRESSURE RELIEF,VALVE-PRESSURE RELIEF Temperature Rating:10KW,EACH,"{'Size': '2""', 'Pressure Rating': '300 PSI', 'Body Material': 'BRONZE', 'End Connection': 'HEAVY', 'Temperature Rating': '10KW'}","Size: 2"" | Pressure Rating: 300 PSI | Body Material: BRONZE | End Connection: HEAVY | Temperature Rating: 10KW",40140061,169,CNMC-000169,True,88.3,173,NTPC,NT000173,VALVE PRESSURE RELIEF TYPE Temperature Rating:10KW
312,CPCL,CP000312,Fasteners,BOLT,SOCKET HEAD,BOLT (SOCKET HEAD) Material Grade:STAINLESS STEEL 304,KG,"{'Diameter': '12""', 'Length': '20FT', 'Thread Pitch': 'NORMAL', 'Material Grade': 'STAINLESS STEEL 304', 'Finish': 'HEAVY'}","Diameter: 12"" | Length: 20FT | Thread Pitch: NORMAL | Material Grade: STAINLESS STEEL 304 | Finish: HEAVY",31160064,312,CNMC-000312,True,93.9,313,BPCL,BP000313,BOLT SOCKET HEAD TYPE Material Grade:STAINLESS STEEL 304
228,CCL,CC000228,Bearings,BEARING,BALL,"BEARING-BALL Outside Diameter:3""",EACH,"{'Inside Diameter': '8""', 'Outside Diameter': '3""', 'Width': '5mm', 'Load Rating': '50KW', 'Seal Type': 'STD'}","Inside Diameter: 8"" | Outside Diameter: 3"" | Width: 5mm | Load Rating: 50KW | Seal Type: STD",31170062,227,CNMC-000227,True,82.7,227,GAIL,GA000227,"BALL BEARING Outside Diameter:3"""
539,GAIL,GA000539,Electrical,CIRCUIT BREAKER,MV,MV CIRCUIT BREAKER Insulation Type:HIGH,EACH,"{'Voltage': '230V', 'Current Rating': '100HP', 'Power Rating': '20HP', 'Conductor Material': 'CAST IRON', 'Insulation Type': 'HIGH'}",Voltage: 230V | Current Rating: 100HP | Power Rating: 20HP | Conductor Material: CAST IRON | Insulation Type: HIGH,26000027,536,CNMC-000536,True,90.8,541,IOCL,IO000541,MV TYPE CIRCUIT BREAKER Insulation Type:HIGH
77,ONGC,ON000077,Pipes & Tubes,TUBING,WELDED,"TUBING, WELDED Diameter:6""",METER,"{'Diameter': '6""', 'Wall Thickness': '12mm', 'Length': '20FT', 'Material Grade': 'STAINLESS STEEL 304', 'End Type': 'HIGH'}","Diameter: 6"" | Wall Thickness: 12mm | Length: 20FT | Material Grade: STAINLESS STEEL 304 | End Type: HIGH",27100056,77,CNMC-000077,False,76.7,79,BHEL,BH000079,"WELDED TUBING Diameter:6"""
592,BPCL,BP000592,Gaskets & Seals,PACKING,GRAPHITE,PACKING GRAPHITE TYPE Material:ALLOY STEEL,NOS,"{'Inner Diameter': '12""', 'Outer Diameter': '3/4""', 'Thickness': '12mm', 'Material': 'ALLOY STEEL', 'Pressure Rating': '2500 PSI'}","Inner Diameter: 12"" | Outer Diameter: 3/4"" | Thickness: 12mm | Material: ALLOY STEEL | Pressure Rating: 2500 PSI",31180089,592,CNMC-000592,True,85.5,593,IOCL,IO000593,GRAPHITE PACKING Material:ALLOY STEEL
811,BHEL,BH000811,Gaskets & Seals,O-RING,SPIRAL WOUND,O-RING SPIRAL WOUND CUSTOM,EACH,{},,31180009,796,CNMC-000796,True,80.0,796,SAIL,SA000796,O-RING SPIRAL WOUND CUSTOM
705,SAIL,SA000705,Instruments,TEMPERATURE TRANSMITTER,ELECTRONIC,ELECTRONIC TEMPERATURE TRANSMITTER Housing Material:STAINLESS STEEL 316,NOSS,"{'Range': '0-25 BAR', 'Accuracy': 'NORMAL', 'Output Signal': 'HEAVY', 'Process Connection': 'STD', 'Housing Material': 'STAINLESS STEEL 316'}",Range: 0-25 BAR | Accuracy: NORMAL | Output Signal: HEAVY | Process Connection: STD | Housing Material: STAINLESS STEEL 316,41000059,705,CNMC-000705,True,92.4,710,ONGC,ON000710,"TEMPERATURE TRANSMITTER, ELECTRONIC Housing Material:STAINLESS STEEL 316"
820,CCL,CC000820,Electrical,SWITCH,CONTROL,SWITCH CONTROL HEAVY,NOS,{},,26000002,820,CNMC-000820,False,51.2,836,GAIL,GA000836,SWITCH CONTROL SPECIAL
327,GAIL,GA000327,Fasteners,NUT,HEX HEAD,"nut hex head type diameter:8""",NOS,"{'Diameter': '8""', 'Length': '20FT', 'Thread Pitch': 'NORMAL', 'Material Grade': 'STAINLESS STEEL 304', 'Finish': 'LIGHT'}","Diameter: 8"" | Length: 20FT | Thread Pitch: NORMAL | Material Grade: STAINLESS STEEL 304 | Finish: LIGHT",31160062,326,CNMC-000326,True,81.5,326,CPCL,CP000326,"NUT (HEX HEAD) Diameter:8"""
660,HPCL,HP000660,Gaskets & Seals,SEAL,METAL JACKETED,"SEAL-METAL JACKETED Inner Diameter:3""",NOS,"{'Inner Diameter': '3""', 'Outer Diameter': '1""', 'Thickness': '15mm', 'Material': 'STAINLESS STEEL 304', 'Pressure Rating': '300 PSI'}","Inner Diameter: 3"" | Outer Diameter: 1"" | Thickness: 15mm | Material: STAINLESS STEEL 304 | Pressure Rating: 300 PSI",31180047,657,CNMC-000657,True,83.6,657,IOCL,IO000657,"METAL JACKETED TYPE SEAL Inner Diameter:3"""
430,CPCL,CP000430,Pumps,PUMP,POSITIVE DISPLACEMENT,PUMP (POSITIVE DISPLACEMENT) Power:100HP,NOS,"{'Flow Rate': '50 M3/H', 'Head': 'NORMAL', 'Power': '100HP', 'Speed': 'STD', 'Impeller Material': 'CARBON STEEL'}",Flow Rate: 50 M3/H | Head: NORMAL | Power: 100HP | Speed: STD | Impeller Material: CARBON STEEL,40150077,430,CNMC-000430,True,88.7,431,IOCL,IO000431,PUMP POSITIVE DISPLACEMENT TYPE Power:100HP
897,HPCL,HP000897,Fasteners,NUT,HEX HEAD,NUT HEX HEAD HEAVY,KG,{},,31160062,897,CNMC-000897,False,49.2,326,CPCL,CP000326,"NUT (HEX HEAD) Diameter:8"""
711,NTPC,NT000711,Instruments,PRESSURE GAUGE,SMART,"PRESSURE GAUGE, SMART Accuracy:HEAVY",NOS,"{'Range': '0-25 BAR', 'Accuracy': 'HEAVY', 'Output Signal': 'HIGH', 'Process Connection': 'HIGH', 'Housing Material': 'STAINLESS STEEL 304'}",Range: 0-25 BAR | Accuracy: HEAVY | Output Signal: HIGH | Process Connection: HIGH | Housing Material: STAINLESS STEEL 304,41000061,711,CNMC-000711,False,62.5,712,CCL,CC000712,PRESSURE GAUGE-SMART Process Connection:HIGH
853,IOCL,IO000853,Gaskets & Seals,PACKING,GRAPHITE,PACKING GRAPHITE HEAVY,NOS,{},,31180089,853,CNMC-000853,False,44.4,596,CPCL,CP000596,"PACKING, GRAPHITE Thickness:8mm"
210,CPCL,CP000210,Bearings,BEARING,THRUST,"THRUST TYPE BEARING Inside Diameter:4""",NOS,"{'Inside Diameter': '4""', 'Outside Diameter': '3""', 'Width': '12mm', 'Load Rating': '100HP', 'Seal Type': 'HEAVY'}","Inside Diameter: 4"" | Outside Diameter: 3"" | Width: 12mm | Load Rating: 100HP | Seal Type: HEAVY",31170062,210,CNMC-000210,True,81.7,212,IOCL,IO000212,"THRUST TYPE BEARING Outside Diameter:3"""
193,ONGC,ON000193,Valves,VALVE,GLOBE,VALVE (GLOBE) Temperature Rating:15HP,NOS,"{'Size': '1/2""', 'Pressure Rating': '1500 PSI', 'Body Material': 'CARBON STEEL', 'End Connection': 'HIGH', 'Temperature Rating': '15HP'}","Size: 1/2"" | Pressure Rating: 1500 PSI | Body Material: CARBON STEEL | End Connection: HIGH | Temperature Rating: 15HP",40140061,190,CNMC-000190,True,100.0,190,NTPC,NT000190,VALVE-GLOBE Temperature Rating:15HP
673,HPCL,HP000673,Instruments,TEMPERATURE TRANSMITTER,PNEUMATIC,TEMPERATURE TRANSMITTER (PNEUMATIC) Housing Material:CARBON STEEL,NOS,"{'Range': '0-10 BAR', 'Accuracy': 'LIGHT', 'Output Signal': 'HEAVY', 'Process Connection': 'HEAVY', 'Housing Material': 'CARBON STEEL'}",Range: 0-10 BAR | Accuracy: LIGHT | Output Signal: HEAVY | Process Connection: HEAVY | Housing Material: CARBON STEEL,41000059,672,CNMC-000672,True,100.0,672,NTPC,NT000672,temperature transmitter-pneumatic housing material:carbon steel
292,IOCL,IO000292,Bearings,BEARING,BALL,"BEARING-BALL Outside Diameter:3""",NOS,"{'Inside Diameter': '4""', 'Outside Diameter': '3""', 'Width': '20mm', 'Load Rating': '10HP', 'Seal Type': 'NORMAL'}","Inside Diameter: 4"" | Outside Diameter: 3"" | Width: 20mm | Load Rating: 10HP | Seal Type: NORMAL",31170062,292,CNMC-000292,False,80.0,293,HPCL,HP000293,"BALL TYPE BEARING Outside Diameter:3"""
452,IOCL,IO000452,Pumps,PUMP,MULTISTAGE,"PUMP, MULTISTAGE Power:10HP",EACHS,"{'Flow Rate': '200 M3/H', 'Head': 'STD', 'Power': '10HP', 'Speed': 'LIGHT', 'Impeller Material': 'STAINLESS STEEL 304'}",Flow Rate: 200 M3/H | Head: STD | Power: 10HP | Speed: LIGHT | Impeller Material: STAINLESS STEEL 304,40150077,420,CNMC-000420,True,87.1,447,HPCL,HP000447,MULTISTAGE PUMP Power:10HP
676,HPCL,HP000676,Instruments,LEVEL SWITCH,ELECTRONIC,ELECTRONIC TYPE LEVEL SWITCH Accuracy:HIGH,EACH,"{'Range': '0-16 BAR', 'Accuracy': 'HIGH', 'Output Signal': 'STD', 'Process Connection': 'HEAVY', 'Housing Material': 'STAINLESS STEEL 316'}",Range: 0-16 BAR | Accuracy: HIGH | Output Signal: STD | Process Connection: HEAVY | Housing Material: STAINLESS STEEL 316,41000004,676,CNMC-000676,False,79.4,675,CCL,CC000675,"LEVEL SWITCH, ELECTRONIC Accuracy:HIGH"
560,BHEL,BH000560,Electrical,SWITCH,HV,SWITCH HV TYPE Current Rating:5HP,METER,"{'Voltage': '11KV', 'Current Rating': '5HP', 'Power Rating': '5KW', 'Conductor Material': 'ALLOY STEEL', 'Insulation Type': 'HEAVY'}",Voltage: 11KV | Current Rating: 5HP | Power Rating: 5KW | Conductor Material: ALLOY STEEL | Insulation Type: HEAVY,26000002,560,CNMC-000560,False,67.0,559,BPCL,BP000559,SWITCH HV TYPE Insulation Type:HEAVY
486,IOCL,IO000486,Pumps,PUMP,POSITIVE DISPLACEMENT,"PUMP, POSITIVE DISPLACEMENT Head:NORMAL",NOSS,"{'Flow Rate': '25 M3/H', 'Head': 'NORMAL', 'Power': '15HP', 'Speed': 'HEAVY', 'Impeller Material': 'STAINLESS STEEL 316'}",Flow Rate: 25 M3/H | Head: NORMAL | Power: 15HP | Speed: HEAVY | Impeller Material: STAINLESS STEEL 316,40150077,486,CNMC-000486,True,100.0,490,GAIL,GA000490,"PUMP, POSITIVE DISPLACEMENT Head:NORMAL"
545,BHEL,BH000545,Electrical,MOTOR,CONTROL,control type motor conductor material:stainless steel 304,EACH,"{'Voltage': '33KV', 'Current Rating': '10KW', 'Power Rating': '20HP', 'Conductor Material': 'STAINLESS STEEL 304', 'Insulation Type': 'NORMAL'}",Voltage: 33KV | Current Rating: 10KW | Power Rating: 20HP | Conductor Material: STAINLESS STEEL 304 | Insulation Type: NORMAL,26000034,545,CNMC-000545,True,93.0,547,HPCL,HP000547,CONTROL MOTOR Conductor Material:STAINLESS STEEL 304
632,GAIL,GA000632,Gaskets & Seals,PACKING,SPIRAL WOUND,"PACKING-SPIRAL WOUND Inner Diameter:3""",EACHS,"{'Inner Diameter': '3""', 'Outer Diameter': '8""', 'Thickness': '10mm', 'Material': 'STAINLESS STEEL 304', 'Pressure Rating': '2500 PSI'}","Inner Diameter: 3"" | Outer Diameter: 8"" | Thickness: 10mm | Material: STAINLESS STEEL 304 | Pressure Rating: 2500 PSI",31180089,632,CNMC-000632,True,100.0,634,CCL,CC000634,"PACKING, SPIRAL WOUND Inner Diameter:3"""
887,HPCL,HP000887,Fasteners,STUD,HEX HEAD,STUD HEX HEAD STD,NOS,{},,31160032,887,CNMC-000887,False,57.3,888,HPCL,HP000888,STUD SOCKET HEAD STD
97,BHEL,BH000097,Valves,VALVE,CHECK,"VALVE (CHECK) Size:2""",NOS,"{'Size': '2""', 'Pressure Rating': '900 PSI', 'Body Material': 'CAST IRON', 'End Connection': 'HIGH', 'Temperature Rating': '5KW'}","Size: 2"" | Pressure Rating: 900 PSI | Body Material: CAST IRON | End Connection: HIGH | Temperature Rating: 5KW",40140061,97,CNMC-000097,True,100.0,99,CCL,CC000099,"VALVE (CHECK) Size:2"""
287,CPCL,CP000287,Bearings,BEARING,ROLLER,BEARING (ROLLER) Load Rating:5HP,EACHS,"{'Inside Diameter': '3""', 'Outside Diameter': '3""', 'Width': '12mm', 'Load Rating': '5HP', 'Seal Type': 'STD'}","Inside Diameter: 3"" | Outside Diameter: 3"" | Width: 12mm | Load Rating: 5HP | Seal Type: STD",31170062,287,CNMC-000287,True,87.1,289,ONGC,ON000289,ROLLER TYPE BEARING Load Rating:5HP
121,SAIL,SA000121,Valves,VALVE,GATE,"GATE TYPE VALVE Size:12""",NOS,"{'Size': '12""', 'Pressure Rating': '150 PSI', 'Body Material': 'CAST IRON', 'End Connection': 'HEAVY', 'Temperature Rating': '50KW'}","Size: 12"" | Pressure Rating: 150 PSI | Body Material: CAST IRON | End Connection: HEAVY | Temperature Rating: 50KW",40140061,121,CNMC-000121,True,82.4,124,NTPC,NT000124,"VALVE (GATE) Size:12"""
329,BHEL,BH000329,Fasteners,NUT,LOCK,LOCK NUT Material Grade:STNLSS STEEL 316,KG,"{'Diameter': '10""', 'Length': '6M', 'Thread Pitch': 'NORMAL', 'Material Grade': 'STAINLESS STEEL 316', 'Finish': 'HIGH'}","Diameter: 10"" | Length: 6M | Thread Pitch: NORMAL | Material Grade: STAINLESS STEEL 316 | Finish: HIGH",31160062,329,CNMC-000329,False,53.9,333,CPCL,CP000333,NUT (LOCK) Thread Pitch:NORMAL
666,CCL,CC000666,Instruments,TEMPERATURE TRANSMITTER,SMART,TEMPERATURE TRANSMITTER-SMART Range:0-40 BAR,NOS,"{'Range': '0-40 BAR', 'Accuracy': 'LIGHT', 'Output Signal': 'HEAVY', 'Process Connection': 'LIGHT', 'Housing Material': 'CARBON STEEL'}",Range: 0-40 BAR | Accuracy: LIGHT | Output Signal: HEAVY | Process Connection: LIGHT | Housing Material: CARBON STEEL,41000059,664,CNMC-000664,True,88.4,664,ONGC,ON000664,SMART TYPE TEMPERATURE TRANSMITTER Range:0-40 BAR
469,CCL,CC000469,Pumps,PUMP,SUBMERSIBLE,"PUMP, SUBMERSIBLE Flow Rate:10 M3/H",NOS,"{'Flow Rate': '10 M3/H', 'Head': 'NORMAL', 'Power': '50HP', 'Speed': 'LIGHT', 'Impeller Material': 'CAST IRON'}",Flow Rate: 10 M3/H | Head: NORMAL | Power: 50HP | Speed: LIGHT | Impeller Material: CAST IRON,40150077,469,CNMC-000469,True,90.2,471,BHEL,BH000471,SUBMERSIBLE PUMP Flow Rate:10 M3/H
209,IOCL,IO000209,Bearings,BEARING,TAPERED ROLLER,TAPERED ROLLER BEARING Seal Type:HEAVY,NOS,"{'Inside Diameter': '1""', 'Outside Diameter': '3""', 'Width': '5mm', 'Load Rating': '10HP', 'Seal Type': 'HEAVY'}","Inside Diameter: 1"" | Outside Diameter: 3"" | Width: 5mm | Load Rating: 10HP | Seal Type: HEAVY",31170062,209,CNMC-000209,False,63.9,208,SAIL,SA000208,"BEARING (TAPERED ROLLER) Inside Diameter:1"""
281,NTPC,NT000281,Bearings,BEARING,ROLLER,"BEARING (ROLLER) Outside Diameter:8""",NOSS,"{'Inside Diameter': '3""', 'Outside Diameter': '8""', 'Width': '2mm', 'Load Rating': '100HP', 'Seal Type': 'HIGH'}","Inside Diameter: 3"" | Outside Diameter: 8"" | Width: 2mm | Load Rating: 100HP | Seal Type: HIGH",31170062,281,CNMC-000281,True,83.2,285,CCL,CC000285,"BEARING ROLLER TYPE Outside Diameter:8"""
79,BHEL,BH000079,Pipes & Tubes,TUBING,WELDED,"WELDED TUBING Diameter:6""",FOOT,"{'Diameter': '6""', 'Wall Thickness': '12mm', 'Length': '20FT', 'Material Grade': 'STAINLESS STEEL 304', 'End Type': 'HIGH'}","Diameter: 6"" | Wall Thickness: 12mm | Length: 20FT | Material Grade: STAINLESS STEEL 304 | End Type: HIGH",27100056,79,CNMC-000079,False,76.7,77,ONGC,ON000077,"TUBING, WELDED Diameter:6"""
617,CPCL,CP000617,Gaskets & Seals,PACKING,PTFE,"PACKING (PTFE) Inner Diameter:12""",NOS,"{'Inner Diameter': '12""', 'Outer Diameter': '10""', 'Thickness': '15mm', 'Material': 'BRONZE', 'Pressure Rating': '1500 PSI'}","Inner Diameter: 12"" | Outer Diameter: 10"" | Thickness: 15mm | Material: BRONZE | Pressure Rating: 1500 PSI",31180089,617,CNMC-000617,True,83.7,619,GAIL,GA000619,"PTFE TYPE PACKING Inner Diameter:12"""
199,BHEL,BH000199,Valves,VALVE,CHECK,CHECK VALVE Temperature Rating:10KW,NOS,"{'Size': '12""', 'Pressure Rating': '900 PSI', 'Body Material': 'CAST IRON', 'End Connection': 'HIGH', 'Temperature Rating': '10KW'}","Size: 12"" | Pressure Rating: 900 PSI | Body Material: CAST IRON | End Connection: HIGH | Temperature Rating: 10KW",40140061,196,CNMC-000196,True,86.8,198,NTPC,NT000198,"VALVE, CHECK Temperature Rating:10KW"
300,SAIL,SA000300,Bearings,BEARING,SPHERICAL,BEARING (SPHERICAL) Seal Type:STD,EACH,"{'Inside Diameter': '3""', 'Outside Diameter': '6""', 'Width': '8mm', 'Load Rating': '15HP', 'Seal Type': 'STD'}","Inside Diameter: 3"" | Outside Diameter: 6"" | Width: 8mm | Load Rating: 15HP | Seal Type: STD",31170062,300,CNMC-000300,False,68.0,270,HPCL,HP000270,"bearing, spherical seal type:std"
805,SAIL,SA000805,Electrical,CABLE,POWER,CABLE POWER STD,METER,{},,26000075,805,CNMC-000805,False,51.5,858,IOCL,IO000858,CABLE POWER CUSTOM
584,NTPC,NT000584,Electrical,CIRCUIT BREAKER,HV,HV CIRCUIT BREAKER Current Rating:5HP,METER,"{'Voltage': '230V', 'Current Rating': '5HP', 'Power Rating': '5KW', 'Conductor Material': 'CAST IRON', 'Insulation Type': 'STD'}",Voltage: 230V | Current Rating: 5HP | Power Rating: 5KW | Conductor Material: CAST IRON | Insulation Type: STD,26000027,583,CNMC-000583,True,84.7,583,GAIL,GA000583,CIRCUIT BREAKER HV TYPE Current Rating:5HP
502,CCL,CC000502,Pumps,PUMP,SUBMERSIBLE,SUBMERSIBLE TYPE PUMP Impeller Material:STAINLESS STEEL 316,EACH,"{'Flow Rate': '50 M3/H', 'Head': 'HIGH', 'Power': '50HP', 'Speed': 'HEAVY', 'Impeller Material': 'STAINLESS STEEL 316'}",Flow Rate: 50 M3/H | Head: HIGH | Power: 50HP | Speed: HEAVY | Impeller Material: STAINLESS STEEL 316,40150077,499,CNMC-000499,True,90.2,501,IOCL,IO000501,PUMP-SUBMERSIBLE Impeller Material:STAINLESS STEEL 316
366,GAIL,GA000366,Fasteners,SCREW,FLANGE,SCREW FLANGE TYPE Thread Pitch:NORMAL,KG,"{'Diameter': '3/4""', 'Length': '20FT', 'Thread Pitch': 'NORMAL', 'Material Grade': 'CARBON STEEL', 'Finish': 'STD'}","Diameter: 3/4"" | Length: 20FT | Thread Pitch: NORMAL | Material Grade: CARBON STEEL | Finish: STD",31160062,366,CNMC-000366,False,68.8,364,IOCL,IO000364,SCREW FLANGE TYPE Finish:STD
66,BPCL,BP000066,Pipes & Tubes,TUBING,GALVANIZED,"TUBING GALVANIZED TYPE Diameter:10""",FOOTS,"{'Diameter': '10""', 'Wall Thickness': '3mm', 'Length': '6M', 'Material Grade': 'BRONZE', 'End Type': 'HEAVY'}","Diameter: 10"" | Wall Thickness: 3mm | Length: 6M | Material Grade: BRONZE | End Type: HEAVY",27100056,63,CNMC-000063,True,85.0,65,ONGC,ON000065,"TUBING-GALVANIZED Diameter:10"""
842,GAIL,GA000842,Valves,VALVE,PRESSURE RELIEF,VALVE PRESSURE RELIEF CUSTOM,NOS,{},,40140061,842,CNMC-000842,True,80.0,845,GAIL,GA000845,VALVE PRESSURE RELIEF CUSTOM
369,CPCL,CP000369,Fasteners,SCREW,FLANGE,"SCREW-FLANGE Diameter:3/4""",NOS,"{'Diameter': '3/4""', 'Length': '20FT', 'Thread Pitch': 'NORMAL', 'Material Grade': 'CARBON STEEL', 'Finish': 'STD'}","Diameter: 3/4"" | Length: 20FT | Thread Pitch: NORMAL | Material Grade: CARBON STEEL | Finish: STD",31160062,369,CNMC-000369,False,78.2,367,BPCL,BP000367,"FLANGE SCREW Diameter:3/4"""
605,NTPC,NT000605,Gaskets & Seals,GASKET,RUBBER,"RUBBER GASKET Inner Diameter:4""",EACH,"{'Inner Diameter': '4""', 'Outer Diameter': '4""', 'Thickness': '12mm', 'Material': 'CAST IRON', 'Pressure Rating': '900 PSI'}","Inner Diameter: 4"" | Outer Diameter: 4"" | Thickness: 12mm | Material: CAST IRON | Pressure Rating: 900 PSI",31180096,605,CNMC-000605,False,70.0,604,BPCL,BP000604,"gasket-rubber outer diameter:4"""
527,CCL,CC000527,Electrical,TRANSFORMER,INSTRUMENTATION,TRANSFORMER (INSTRUMENTATION) Current Rating:5KW,NOS,"{'Voltage': '230V', 'Current Rating': '5KW', 'Power Rating': '20HP', 'Conductor Material': 'ALLOY STEEL', 'Insulation Type': 'STD'}",Voltage: 230V | Current Rating: 5KW | Power Rating: 20HP | Conductor Material: ALLOY STEEL | Insulation Type: STD,26000051,527,CNMC-000527,False,67.0,531,BHEL,BH000531,TRANSFORMER (INSTRUMENTATION) Power Rating:20HP
166,BHEL,BH000166,Valves,VALVE,BUTTERFLY,VALVE BUTTERFLY TYPE Pressure Rating:150 PSI,NOS,"{'Size': '8""', 'Pressure Rating': '150 PSI', 'Body Material': 'ALLOY STEEL', 'End Connection': 'HEAVY', 'Temperature Rating': '100HP'}","Size: 8"" | Pressure Rating: 150 PSI | Body Material: ALLOY STEEL | End Connection: HEAVY | Temperature Rating: 100HP",40140061,166,CNMC-000166,False,63.3,168,IOCL,IO000168,BUTTERFLY TYPE VALVE End Connection:HEAVY
307,NTPC,NT000307,Bearings,BEARING,TAPERED ROLLER,"bearing, tapered roller inside diameter:3/4""",NOS,"{'Inside Diameter': '3/4""', 'Outside Diameter': '8""', 'Width': '3mm', 'Load Rating': '5HP', 'Seal Type': 'LIGHT'}","Inside Diameter: 3/4"" | Outside Diameter: 8"" | Width: 3mm | Load Rating: 5HP | Seal Type: LIGHT",31170062,307,CNMC-000307,False,68.4,308,ONGC,ON000308,BEARING TAPERED ROLLER TYPE Load Rating:5HP
232,ONGC,ON000232,Bearings,BEARING,TAPERED ROLLER,BEARING (TAPERED ROLLER) Seal Type:NORMAL,NOS,"{'Inside Diameter': '3/4""', 'Outside Diameter': '10""', 'Width': '20mm', 'Load Rating': '10KW', 'Seal Type': 'NORMAL'}","Inside Diameter: 3/4"" | Outside Diameter: 10"" | Width: 20mm | Load Rating: 10KW | Seal Type: NORMAL",31170062,230,CNMC-000230,True,100.0,230,NTPC,NT000230,BEARING (TAPERED ROLLER) Seal Type:NORMAL
50,GAIL,GA000050,Pipes & Tubes,PIPE,GALVANIZED,PIPE-GALVANIZED End Type:LIGHT,METER,"{'Diameter': '1/2""', 'Wall Thickness': '15mm', 'Length': '3M', 'Material Grade': 'CARBON STEEL', 'End Type': 'LIGHT'}","Diameter: 1/2"" | Wall Thickness: 15mm | Length: 3M | Material Grade: CARBON STEEL | End Type: LIGHT",27100067,50,CNMC-000050,False,67.6,49,IOCL,IO000049,pipe (galvanized) length:3m
659,SAIL,SA000659,Gaskets & Seals,SEAL,METAL JACKETED,METAL JACKETED TYPE SEAL Thickness:15mm,NOS,"{'Inner Diameter': '3""', 'Outer Diameter': '1""', 'Thickness': '15mm', 'Material': 'STAINLESS STEEL 304', 'Pressure Rating': '300 PSI'}","Inner Diameter: 3"" | Outer Diameter: 1"" | Thickness: 15mm | Material: STAINLESS STEEL 304 | Pressure Rating: 300 PSI",31180047,658,CNMC-000658,True,100.0,658,BHEL,BH000658,METAL JACKETED TYPE SEAL Thickness:15mm
219,BHEL,BH000219,Bearings,BEARING,BALL,"BEARING (BALL) Inside Diameter:8""",EACH,"{'Inside Diameter': '8""', 'Outside Diameter': '10""', 'Width': '2mm', 'Load Rating': '5HP', 'Seal Type': 'HEAVY'}","Inside Diameter: 8"" | Outside Diameter: 10"" | Width: 2mm | Load Rating: 5HP | Seal Type: HEAVY",31170062,214,CNMC-000214,True,100.0,214,HPCL,HP000214,"BEARING-BALL Inside Diameter:8"""
216,CCL,CC000216,Bearings,BEARING,BALL,BALL TYPE BEARING Width:2mm,NOS,"{'Inside Diameter': '8""', 'Outside Diameter': '10""', 'Width': '2mm', 'Load Rating': '5HP', 'Seal Type': 'HEAVY'}","Inside Diameter: 8"" | Outside Diameter: 10"" | Width: 2mm | Load Rating: 5HP | Seal Type: HEAVY",31170062,216,CNMC-000216,False,63.1,217,NTPC,NT000217,BEARING BALL TYPE Load Rating:5HP
448,GAIL,GA000448,Pumps,PUMP,MULTISTAGE,MULTISTAGE PUMP Head:STD,NOSS,"{'Flow Rate': '200 M3/H', 'Head': 'STD', 'Power': '10HP', 'Speed': 'LIGHT', 'Impeller Material': 'STAINLESS STEEL 304'}",Flow Rate: 200 M3/H | Head: STD | Power: 10HP | Speed: LIGHT | Impeller Material: STAINLESS STEEL 304,40150077,448,CNMC-000448,False,69.0,417,BPCL,BP000417,PUMP (MULTISTAGE) Head:STD
896,HPCL,HP000896,Pipes & Tubes,TUBING,STAINLESS STEEL,TUBING STAINLESS STEEL SPECIAL,METER,{},,27100056,792,CNMC-000792,True,80.0,792,NTPC,NT000792,TUBING STAINLESS STEEL SPECIAL
282,BPCL,BP000282,Bearings,BEARING,ROLLER,ROLLER BEARING Width:2mm,NOS,"{'Inside Diameter': '3""', 'Outside Diameter': '8""', 'Width': '2mm', 'Load Rating': '100HP', 'Seal Type': 'HIGH'}","Inside Diameter: 3"" | Outside Diameter: 8"" | Width: 2mm | Load Rating: 100HP | Seal Type: HIGH",31170062,282,CNMC-000282,True,86.2,284,BHEL,BH000284,BEARING (ROLLER) Width:2mm
343,BHEL,BH000343,Fasteners,BOLT,FLANGE,"BOLT, FLANGE Thread Pitch:HEAVY",NOS,"{'Diameter': '3""', 'Length': '20FT', 'Thread Pitch': 'HEAVY', 'Material Grade': 'STAINLESS STEEL 304', 'Finish': 'HIGH'}","Diameter: 3"" | Length: 20FT | Thread Pitch: HEAVY | Material Grade: STAINLESS STEEL 304 | Finish: HIGH",31160064,343,CNMC-000343,False,61.6,342,HPCL,HP000342,BOLT-FLANGE Finish:HIGH
34,ONGC,ON000034,Pipes & Tubes,TUBING,WELDED,"TUBING, WELDED Material Grade:CAST IRON",METER,"{'Diameter': '1""', 'Wall Thickness': '3mm', 'Length': '3M', 'Material Grade': 'CAST IRON', 'End Type': 'NORMAL'}","Diameter: 1"" | Wall Thickness: 3mm | Length: 3M | Material Grade: CAST IRON | End Type: NORMAL",27100056,32,CNMC-000032,True,90.8,32,HPCL,HP000032,TUBING WELDED TYPE Material Grade:CAST IRON
32,HPCL,HP000032,Pipes & Tubes,TUBING,WELDED,TUBING WELDED TYPE Material Grade:CAST IRON,FOOT,"{'Diameter': '1""', 'Wall Thickness': '3mm', 'Length': '3M', 'Material Grade': 'CAST IRON', 'End Type': 'NORMAL'}","Diameter: 1"" | Wall Thickness: 3mm | Length: 3M | Material Grade: CAST IRON | End Type: NORMAL",27100056,32,CNMC-000032,True,92.1,35,CCL,CC000035,welded type tubing material grade:cast iron
827,CCL,CC000827,Pumps,PUMP,CENTRIFUGAL,PUMP CENTRIFUGAL CUSTOM,EACH,{},,40150077,827,CNMC-000827,False,50.8,813,BHEL,BH000813,PUMP CENTRIFUGAL HEAVY
532,HPCL,HP000532,Electrical,TRANSFORMER,INSTRUMENTATION,transformer-instrumentation insulation type:std,EACH,"{'Voltage': '230V', 'Current Rating': '5KW', 'Power Rating': '20HP', 'Conductor Material': 'ALLOY STEEL', 'Insulation Type': 'STD'}",Voltage: 230V | Current Rating: 5KW | Power Rating: 20HP | Conductor Material: ALLOY STEEL | Insulation Type: STD,26000051,528,CNMC-000528,True,100.0,528,GAIL,GA000528,TRANSFORMER (INSTRUMENTATION) Insulation Type:STD
520,ONGC,ON000520,Electrical,CABLE,CONTROL,CONTROL TYPE CABLE Current Rating:5KW,NOSS,"{'Voltage': '11KV', 'Current Rating': '5KW', 'Power Rating': '50HP', 'Conductor Material': 'STAINLESS STEEL 304', 'Insulation Type': 'NORMAL'}",Voltage: 11KV | Current Rating: 5KW | Power Rating: 50HP | Conductor Material: STAINLESS STEEL 304 | Insulation Type: NORMAL,26000075,520,CNMC-000520,False,75.0,521,HPCL,HP000521,CONTROL TYPE CABLE Power Rating:50HP
741,NTPC,NT000741,Instruments,TEMPERATURE TRANSMITTER,SMART,TEMPERATURE TRANSMITTER SMART TYPE Accuracy:STD,EACH,"{'Range': '0-16 BAR', 'Accuracy': 'STD', 'Output Signal': 'LIGHT', 'Process Connection': 'HEAVY', 'Housing Material': 'CARBON STEEL'}",Range: 0-16 BAR | Accuracy: STD | Output Signal: LIGHT | Process Connection: HEAVY | Housing Material: CARBON STEEL,41000059,738,CNMC-000738,True,87.4,738,ONGC,ON000738,TEMPERATURE TRANSMITTER-SMART Accuracy:STD
110,BHEL,BH000110,Valves,VALVE,CHECK,"VALVE-CHECK Size:3""",EACH,"{'Size': '3""', 'Pressure Rating': '1500 PSI', 'Body Material': 'BRONZE', 'End Connection': 'STD', 'Temperature Rating': '10HP'}","Size: 3"" | Pressure Rating: 1500 PSI | Body Material: BRONZE | End Connection: STD | Temperature Rating: 10HP",40140061,110,CNMC-000110,False,61.9,111,HPCL,HP000111,"VALVE, CHECK Body Material:BRONZE"
78,CPCL,CP000078,Pipes & Tubes,TUBING,WELDED,"TUBING, WELDED Material Grade:STAINLESS STEEL 304",FOOT,"{'Diameter': '6""', 'Wall Thickness': '12mm', 'Length': '20FT', 'Material Grade': 'STAINLESS STEEL 304', 'End Type': 'HIGH'}","Diameter: 6"" | Wall Thickness: 12mm | Length: 20FT | Material Grade: STAINLESS STEEL 304 | End Type: HIGH",27100056,78,CNMC-000078,False,61.2,77,ONGC,ON000077,"TUBING, WELDED Diameter:6"""
689,NTPC,NT000689,Instruments,FLOW METER,SMART,FLOW METER-SMART Accuracy:HEAVY,EACH,"{'Range': '0-25 BAR', 'Accuracy': 'HEAVY', 'Output Signal': 'HEAVY', 'Process Connection': 'HIGH', 'Housing Material': 'STAINLESS STEEL 304'}",Range: 0-25 BAR | Accuracy: HEAVY | Output Signal: HEAVY | Process Connection: HIGH | Housing Material: STAINLESS STEEL 304,41000046,689,CNMC-000689,False,65.4,690,BPCL,BP000690,FLOW METER (SMART) Range:0-25 BAR
747,BHEL,BH000747,Instruments,PRESSURE GAUGE,ANALOG,PRESSURE GAUGE ANALOG TYPE Output Signal:LIGHT,EACH,"{'Range': '0-16 BAR', 'Accuracy': 'STD', 'Output Signal': 'LIGHT', 'Process Connection': 'HEAVY', 'Housing Material': 'CAST IRON'}",Range: 0-16 BAR | Accuracy: STD | Output Signal: LIGHT | Process Connection: HEAVY | Housing Material: CAST IRON,41000061,744,CNMC-000744,True,88.1,744,GAIL,GA000744,PRESSURE GAUGE-ANALOG Output Signal:LIGHT
83,SAIL,SA000083,Pipes & Tubes,PIPE,WELDED,PIPE (WELDED) End Type:STD,FOOT,"{'Diameter': '4""', 'Wall Thickness': '8mm', 'Length': '10FT', 'Material Grade': 'ALLOY STEEL', 'End Type': 'STD'}","Diameter: 4"" | Wall Thickness: 8mm | Length: 10FT | Material Grade: ALLOY STEEL | End Type: STD",27100067,83,CNMC-000083,True,100.0,88,GAIL,GA000088,"PIPE, WELDED End Type:STD"
324,BPCL,BP000324,Fasteners,NUT,HEX HEAD,NUT HEX HEAD TYPE Length:20FT,KG,"{'Diameter': '8""', 'Length': '20FT', 'Thread Pitch': 'NORMAL', 'Material Grade': 'STAINLESS STEEL 304', 'Finish': 'LIGHT'}","Diameter: 8"" | Length: 20FT | Thread Pitch: NORMAL | Material Grade: STAINLESS STEEL 304 | Finish: LIGHT",31160062,323,CNMC-000323,True,90.3,323,ONGC,ON000323,HEX HEAD TYPE NUT Length:20FT
423,BHEL,BH000423,Pumps,PUMP,GEAR,PUMP-GEAR Impeller Material:ALLOY STEEL,EACH,"{'Flow Rate': '50 M3/H', 'Head': 'LIGHT', 'Power': '10HP', 'Speed': 'HEAVY', 'Impeller Material': 'ALLOY STEEL'}",Flow Rate: 50 M3/H | Head: LIGHT | Power: 10HP | Speed: HEAVY | Impeller Material: ALLOY STEEL,40150077,423,CNMC-000423,True,100.0,424,GAIL,GA000424,PUMP-GEAR Impeller Material:ALLOY STEEL
895,HPCL,HP000895,Valves,VALVE,GATE,VALVE GATE CUSTOM,NOS,{},,40140061,895,CNMC-000895,False,51.9,846,GAIL,GA000846,VALVE GLOBE CUSTOM
255,BPCL,BP000255,Bearings,BEARING,THRUST,THRUST TYPE BEARING Seal Type:STD,EACH,"{'Inside Diameter': '1""', 'Outside Diameter': '3/4""', 'Width': '5mm', 'Load Rating': '5KW', 'Seal Type': 'STD'}","Inside Diameter: 1"" | Outside Diameter: 3/4"" | Width: 5mm | Load Rating: 5KW | Seal Type: STD",31170062,255,CNMC-000255,True,91.1,257,HPCL,HP000257,BEARING THRUST TYPE Seal Type:STD
313,BPCL,BP000313,Fasteners,BOLT,SOCKET HEAD,BOLT SOCKET HEAD TYPE Material Grade:STAINLESS STEEL 304,NOS,"{'Diameter': '12""', 'Length': '20FT', 'Thread Pitch': 'NORMAL', 'Material Grade': 'STAINLESS STEEL 304', 'Finish': 'HEAVY'}","Diameter: 12"" | Length: 20FT | Thread Pitch: NORMAL | Material Grade: STAINLESS STEEL 304 | Finish: HEAVY",31160064,312,CNMC-000312,True,93.9,312,CPCL,CP000312,BOLT (SOCKET HEAD) Material Grade:STAINLESS STEEL 304
382,GAIL,GA000382,Fasteners,NUT,HEX HEAD,NUT HEX HEAD TYPE Length:3M,NOSS,"{'Diameter': '10""', 'Length': '3M', 'Thread Pitch': 'LIGHT', 'Material Grade': 'CARBON STEEL', 'Finish': 'STD'}","Diameter: 10"" | Length: 3M | Thread Pitch: LIGHT | Material Grade: CARBON STEEL | Finish: STD",31160062,382,CNMC-000382,False,62.9,381,BPCL,BP000381,NUT (HEX HEAD) Finish:STD
6,CPCL,CP000006,Pipes & Tubes,TUBING,CARBON STEEL,TUBING (CARBON STEEL) Wall Thickness:8mm,METERS,"{'Diameter': '1/2""', 'Wall Thickness': '8mm', 'Length': '6M', 'Material Grade': 'ALLOY STEEL', 'End Type': 'HEAVY'}","Diameter: 1/2"" | Wall Thickness: 8mm | Length: 6M | Material Grade: ALLOY STEEL | End Type: HEAVY",27100056,6,CNMC-000006,False,65.9,7,GAIL,GA000007,"TUBING (CARBON STEEL) Diameter:1/2"""
55,CPCL,CP000055,Pipes & Tubes,TUBE,WELDED,TUBE WELDED TYPE Wall Thickness:5mm,METER,"{'Diameter': '3""', 'Wall Thickness': '5mm', 'Length': '10FT', 'Material Grade': 'CAST IRON', 'End Type': 'LIGHT'}","Diameter: 3"" | Wall Thickness: 5mm | Length: 10FT | Material Grade: CAST IRON | End Type: LIGHT",27100037,54,CNMC-000054,True,89.0,54,BHEL,BH000054,TUBE-WELDED Wall Thickness:5mm
815,BHEL,BH000815,Electrical,SWITCH,MV,SWITCH MV STD,NOS,{},,26000002,815,CNMC-000815,False,55.5,818,CCL,CC000818,SWITCH MV SPECIAL
891,HPCL,HP000891,Pumps,PUMP,MULTISTAGE,PUMP MULTISTAGE SPECIAL,EACH,{},,40150077,789,CNMC-000789,True,80.0,789,NTPC,NT000789,PUMP MULTISTAGE SPECIAL
846,GAIL,GA000846,Valves,VALVE,GLOBE,VALVE GLOBE CUSTOM,NOS,{},,40140061,829,CNMC-000829,True,80.0,829,CCL,CC000829,VALVE GLOBE CUSTOM
488,CCL,CC000488,Pumps,PUMP,POSITIVE DISPLACEMENT,positive displacement type pump impeller material:stainless steel 316,NOS,"{'Flow Rate': '25 M3/H', 'Head': 'NORMAL', 'Power': '15HP', 'Speed': 'HEAVY', 'Impeller Material': 'STAINLESS STEEL 316'}",Flow Rate: 25 M3/H | Head: NORMAL | Power: 15HP | Speed: HEAVY | Impeller Material: STAINLESS STEEL 316,40150077,488,CNMC-000488,False,64.2,491,HPCL,HP000491,PUMP POSITIVE DISPLACEMENT TYPE Power:15HP
98,NTPC,NT000098,Valves,VALVE,CHECK,"valve, check temperature rating:5kw",NOSS,"{'Size': '2""', 'Pressure Rating': '900 PSI', 'Body Material': 'CAST IRON', 'End Connection': 'HIGH', 'Temperature Rating': '5KW'}","Size: 2"" | Pressure Rating: 900 PSI | Body Material: CAST IRON | End Connection: HIGH | Temperature Rating: 5KW",40140061,98,CNMC-000098,False,66.9,198,NTPC,NT000198,"VALVE, CHECK Temperature Rating:10KW"
205,IOCL,IO000205,Valves,VALVE,BALL,VALVE (BALL) Temperature Rating:50KW,NOS,"{'Size': '4""', 'Pressure Rating': '900 PSI', 'Body Material': 'CAST IRON', 'End Connection': 'NORMAL', 'Temperature Rating': '50KW'}","Size: 4"" | Pressure Rating: 900 PSI | Body Material: CAST IRON | End Connection: NORMAL | Temperature Rating: 50KW",40140061,205,CNMC-000205,False,64.4,204,GAIL,GA000204,"VALVE BALL TYPE Size:4"""
801,SAIL,SA000801,Pipes & Tubes,TUBE,CARBON STEEL,TUBE CARBON STEEL SPECIAL,FOOT,{},,27100037,801,CNMC-000801,False,55.2,823,CCL,CC000823,TUBE CARBON STEEL CUSTOM
862,IOCL,IO000862,Bearings,BEARING,ROLLER,BEARING ROLLER HEAVY,EACH,{},,31170062,807,CNMC-000807,True,80.0,807,BHEL,BH000807,BEARING ROLLER HEAVY
441,BHEL,BH000441,Pumps,PUMP,POSITIVE DISPLACEMENT,"PUMP, POSITIVE DISPLACEMENT Flow Rate:100 M3/H",NOS,"{'Flow Rate': '100 M3/H', 'Head': 'HIGH', 'Power': '100HP', 'Speed': 'NORMAL', 'Impeller Material': 'BRONZE'}",Flow Rate: 100 M3/H | Head: HIGH | Power: 100HP | Speed: NORMAL | Impeller Material: BRONZE,40150077,440,CNMC-000440,True,100.0,440,ONGC,ON000440,pump (positive displacement) flow rate:100 m3/h
781,NTPC,NT000781,Bearings,BEARING,BALL,BEARING BALL HEAVY,NOS,{},,31170062,781,CNMC-000781,False,50.1,218,GAIL,GA000218,ball bearing seal type:heavy
26,ONGC,ON000026,Pipes & Tubes,TUBE,SEAMLESS,TUBE (SEAMLESS) Length:3M,FOOT,"{'Diameter': '1""', 'Wall Thickness': '2mm', 'Length': '3M', 'Material Grade': 'STAINLESS STEEL 304', 'End Type': 'HEAVY'}","Diameter: 1"" | Wall Thickness: 2mm | Length: 3M | Material Grade: STAINLESS STEEL 304 | End Type: HEAVY",27100037,26,CNMC-000026,True,100.0,27,GAIL,GA000027,TUBE-SEAMLESS Length:3M
85,NTPC,NT000085,Pipes & Tubes,PIPE,WELDED,"PIPE, WELDED Diameter:4""",FOOTS,"{'Diameter': '4""', 'Wall Thickness': '8mm', 'Length': '10FT', 'Material Grade': 'ALLOY STEEL', 'End Type': 'STD'}","Diameter: 4"" | Wall Thickness: 8mm | Length: 10FT | Material Grade: ALLOY STEEL | End Type: STD",27100067,85,CNMC-000085,False,67.3,87,BHEL,BH000087,pipe-welded length:10ft
11,BHEL,BH000011,Pipes & Tubes,TUBING,CARBON STEEL,TUBING CARBON STEEL TYPE Length:3M,METERS,"{'Diameter': '1/2""', 'Wall Thickness': '5mm', 'Length': '3M', 'Material Grade': 'STAINLESS STEEL 304', 'End Type': 'HEAVY'}","Diameter: 1/2"" | Wall Thickness: 5mm | Length: 3M | Material Grade: STAINLESS STEEL 304 | End Type: HEAVY",27100056,11,CNMC-000011,False,74.9,10,CCL,CC000010,TUBING CARBON STEEL TYPE End Type:HEAVY
376,NTPC,NT000376,Fasteners,WASHER,HEX HEAD,WASHER-HEX HEAD Length:3M,KG,"{'Diameter': '10""', 'Length': '3M', 'Thread Pitch': 'HEAVY', 'Material Grade': 'STAINLESS STEEL 304', 'Finish': 'NORMAL'}","Diameter: 10"" | Length: 3M | Thread Pitch: HEAVY | Material Grade: STAINLESS STEEL 304 | Finish: NORMAL",31160015,376,CNMC-000376,True,89.1,377,CCL,CC000377,HEX HEAD WASHER Length:3M
248,BPCL,BP000248,Bearings,BEARING,ROLLER,"BEARING, ROLLER Seal Type:NORMAL",EACHS,"{'Inside Diameter': '3/4""', 'Outside Diameter': '1""', 'Width': '10mm', 'Load Rating': '100HP', 'Seal Type': 'NORMAL'}","Inside Diameter: 3/4"" | Outside Diameter: 1"" | Width: 10mm | Load Rating: 100HP | Seal Type: NORMAL",31170062,248,CNMC-000248,False,67.0,232,ONGC,ON000232,BEARING (TAPERED ROLLER) Seal Type:NORMAL
389,CCL,CC000389,Fasteners,STUD,SPRING,"STUD, SPRING Thread Pitch:STD",NOSS,"{'Diameter': '12""', 'Length': '20FT', 'Thread Pitch': 'STD', 'Material Grade': 'CAST IRON', 'Finish': 'HIGH'}","Diameter: 12"" | Length: 20FT | Thread Pitch: STD | Material Grade: CAST IRON | Finish: HIGH",31160032,385,CNMC-000385,True,86.5,385,GAIL,GA000385,STUD SPRING TYPE Thread Pitch:STD
434,BPCL,BP000434,Pumps,PUMP,CENTRIFUGAL,PUMP CENTRIFUGAL TYPE Impeller Material:CAST IRON,NOS,"{'Flow Rate': '200 M3/H', 'Head': 'LIGHT', 'Power': '50HP', 'Speed': 'NORMAL', 'Impeller Material': 'CAST IRON'}",Flow Rate: 200 M3/H | Head: LIGHT | Power: 50HP | Speed: NORMAL | Impeller Material: CAST IRON,40150077,434,CNMC-000434,False,64.1,432,CPCL,CP000432,PUMP CENTRIFUGAL TYPE Flow Rate:200 M3/H
876,BPCL,BP000876,Electrical,SWITCH,LV,SWITCH LV HEAVY,EACH,{},,26000002,876,CNMC-000876,False,51.8,825,CCL,CC000825,SWITCH LV SPECIAL
119,SAIL,SA000119,Valves,VALVE,CHECK,"VALVE-CHECK Size:2""",NOSS,"{'Size': '2""', 'Pressure Rating': '600 PSI', 'Body Material': 'STAINLESS STEEL 316', 'End Connection': 'NORMAL', 'Temperature Rating': '5HP'}","Size: 2"" | Pressure Rating: 600 PSI | Body Material: STAINLESS STEEL 316 | End Connection: NORMAL | Temperature Rating: 5HP",40140061,119,CNMC-000119,False,68.0,97,BHEL,BH000097,"VALVE (CHECK) Size:2"""
293,HPCL,HP000293,Bearings,BEARING,BALL,"BALL TYPE BEARING Outside Diameter:3""",NOS,"{'Inside Diameter': '4""', 'Outside Diameter': '3""', 'Width': '20mm', 'Load Rating': '10HP', 'Seal Type': 'NORMAL'}","Inside Diameter: 4"" | Outside Diameter: 3"" | Width: 20mm | Load Rating: 10HP | Seal Type: NORMAL",31170062,293,CNMC-000293,False,80.0,292,IOCL,IO000292,"BEARING-BALL Outside Diameter:3"""
828,CCL,CC000828,Instruments,FLOW METER,DIGITAL,FLOW METER DIGITAL STD,EACH,{},,41000046,828,CNMC-000828,False,40.9,732,CPCL,CP000732,FLOW METER-ANALOG Process Connection:STD
30,GAIL,GA000030,Pipes & Tubes,TUBE,GALVANIZED,TUBE-GALVANIZED Wall Thickness:12mm,METER,"{'Diameter': '3""', 'Wall Thickness': '12mm', 'Length': '10FT', 'Material Grade': 'ALLOY STEEL', 'End Type': 'STD'}","Diameter: 3"" | Wall Thickness: 12mm | Length: 10FT | Material Grade: ALLOY STEEL | End Type: STD",27100037,30,CNMC-000030,False,58.4,31,HPCL,HP000031,"GALVANIZED TUBE Diameter:3"""
56,GAIL,GA000056,Pipes & Tubes,PIPE,STAINLESS STEEL,STNLSS STEEL TYPE PIPE End Type:STD,FOOTS,"{'Diameter': '10""', 'Wall Thickness': '15mm', 'Length': '20FT', 'Material Grade': 'CARBON STEEL', 'End Type': 'STD'}","Diameter: 10"" | Wall Thickness: 15mm | Length: 20FT | Material Grade: CARBON STEEL | End Type: STD",27100067,56,CNMC-000056,False,72.8,61,ONGC,ON000061,PIPE (STAINLESS STEEL) End Type:STD
421,CCL,CC000421,Pumps,PUMP,MULTISTAGE,"PUMP, MULTISTAGE Power:10HP",NOS,"{'Flow Rate': '25 M3/H', 'Head': 'STD', 'Power': '10HP', 'Speed': 'NORMAL', 'Impeller Material': 'STAINLESS STEEL 304'}",Flow Rate: 25 M3/H | Head: STD | Power: 10HP | Speed: NORMAL | Impeller Material: STAINLESS STEEL 304,40150077,420,CNMC-000420,True,84.0,452,IOCL,IO000452,"PUMP, MULTISTAGE Power:10HP"
657,IOCL,IO000657,Gaskets & Seals,SEAL,METAL JACKETED,"METAL JACKETED TYPE SEAL Inner Diameter:3""",NOS,"{'Inner Diameter': '3""', 'Outer Diameter': '1""', 'Thickness': '15mm', 'Material': 'STAINLESS STEEL 304', 'Pressure Rating': '300 PSI'}","Inner Diameter: 3"" | Outer Diameter: 1"" | Thickness: 15mm | Material: STAINLESS STEEL 304 | Pressure Rating: 300 PSI",31180047,657,CNMC-000657,True,83.6,660,HPCL,HP000660,"SEAL-METAL JACKETED Inner Diameter:3"""
840,GAIL,GA000840,Valves,VALVE,GATE,VALVE GATE SPECIAL,NOS,{},,40140061,840,CNMC-000840,False,51.7,882,BPCL,BP000882,VALVE GATE HEAVY
893,HPCL,HP000893,Valves,VALVE,BUTTERFLY,VALVE BUTTERFLY STD,NOS,{},,40140061,893,CNMC-000893,False,52.4,152,ONGC,ON000152,"VALVE (BUTTERFLY) Size:3/4"""
197,ONGC,ON000197,Valves,VALVE,CHECK,"VALVE (CHECK) Size:12""",EACH,"{'Size': '12""', 'Pressure Rating': '900 PSI', 'Body Material': 'CAST IRON', 'End Connection': 'HIGH', 'Temperature Rating': '10KW'}","Size: 12"" | Pressure Rating: 900 PSI | Body Material: CAST IRON | End Connection: HIGH | Temperature Rating: 10KW",40140061,197,CNMC-000197,False,72.7,97,BHEL,BH000097,"VALVE (CHECK) Size:2"""
371,ONGC,ON000371,Fasteners,NUT,LOCK,"NUT, LOCK Diameter:8""",NOS,"{'Diameter': '8""', 'Length': '6M', 'Thread Pitch': 'HEAVY', 'Material Grade': 'STAINLESS STEEL 316', 'Finish': 'LIGHT'}","Diameter: 8"" | Length: 6M | Thread Pitch: HEAVY | Material Grade: STAINLESS STEEL 316 | Finish: LIGHT",31160062,371,CNMC-000371,False,65.7,370,GAIL,GA000370,NUT-LOCK Length:6M
82,NTPC,NT000082,Pipes & Tubes,TUBE,CARBON STEEL,TUBE CARBON STEEL TYPE Length:3M,FOOT,"{'Diameter': '8""', 'Wall Thickness': '5mm', 'Length': '3M', 'Material Grade': 'BRONZE', 'End Type': 'HIGH'}","Diameter: 8"" | Wall Thickness: 5mm | Length: 3M | Material Grade: BRONZE | End Type: HIGH",27100037,82,CNMC-000082,False,71.1,81,GAIL,GA000081,tube carbon steel type wall thickness:5mm
333,CPCL,CP000333,Fasteners,NUT,LOCK,NUT (LOCK) Thread Pitch:NORMAL,KG,"{'Diameter': '10""', 'Length': '6M', 'Thread Pitch': 'NORMAL', 'Material Grade': 'STAINLESS STEEL 316', 'Finish': 'HIGH'}","Diameter: 10"" | Length: 6M | Thread Pitch: NORMAL | Material Grade: STAINLESS STEEL 316 | Finish: HIGH",31160062,333,CNMC-000333,False,55.3,332,IOCL,IO000332,NUT-LOCK Finish:HIGH
378,ONGC,ON000378,Fasteners,WASHER,HEX HEAD,WASHER HEX HEAD TYPE Thread Pitch:HEAVY,KG,"{'Diameter': '10""', 'Length': '3M', 'Thread Pitch': 'HEAVY', 'Material Grade': 'STAINLESS STEEL 304', 'Finish': 'NORMAL'}","Diameter: 10"" | Length: 3M | Thread Pitch: HEAVY | Material Grade: STAINLESS STEEL 304 | Finish: NORMAL",31160015,378,CNMC-000378,False,66.6,376,NTPC,NT000376,WASHER-HEX HEAD Length:3M
823,CCL,CC000823,Pipes & Tubes,TUBE,CARBON STEEL,TUBE CARBON STEEL CUSTOM,METER,{},,27100037,823,CNMC-000823,False,55.2,801,SAIL,SA000801,TUBE CARBON STEEL SPECIAL
332,IOCL,IO000332,Fasteners,NUT,LOCK,NUT-LOCK Finish:HIGH,KG,"{'Diameter': '10""', 'Length': '6M', 'Thread Pitch': 'NORMAL', 'Material Grade': 'STAINLESS STEEL 316', 'Finish': 'HIGH'}","Diameter: 10"" | Length: 6M | Thread Pitch: NORMAL | Material Grade: STAINLESS STEEL 316 | Finish: HIGH",31160062,328,CNMC-000328,True,100.0,328,ONGC,ON000328,"nut, lock finish:high"
789,NTPC,NT000789,Pumps,PUMP,MULTISTAGE,PUMP MULTISTAGE SPECIAL,NOS,{},,40150077,789,CNMC-000789,True,80.0,891,HPCL,HP000891,PUMP MULTISTAGE SPECIAL
548,CPCL,CP000548,Electrical,SWITCH,CONTROL,SWITCH CONTROL TYPE Voltage:33KV,EACHS,"{'Voltage': '33KV', 'Current Rating': '15HP', 'Power Rating': '50KW', 'Conductor Material': 'STAINLESS STEEL 316', 'Insulation Type': 'HEAVY'}",Voltage: 33KV | Current Rating: 15HP | Power Rating: 50KW | Conductor Material: STAINLESS STEEL 316 | Insulation Type: HEAVY,26000002,548,CNMC-000548,True,100.0,552,HPCL,HP000552,SWITCH CONTROL TYPE Voltage:33KV
650,NTPC,NT000650,Gaskets & Seals,O-RING,RUBBER,"O-RING (RUBBER) Inner Diameter:4""",NOS,"{'Inner Diameter': '4""', 'Outer Diameter': '3/4""', 'Thickness': '12mm', 'Material': 'CAST IRON', 'Pressure Rating': '300 PSI'}","Inner Diameter: 4"" | Outer Diameter: 3/4"" | Thickness: 12mm | Material: CAST IRON | Pressure Rating: 300 PSI",31180009,648,CNMC-000648,True,86.7,648,BPCL,BP000648,"RUBBER O-RING Inner Diameter:4"""
427,NTPC,NT000427,Pumps,PUMP,POSITIVE DISPLACEMENT,"PUMP, POSITIVE DISPLACEMENT Head:NORMAL",NOSS,"{'Flow Rate': '50 M3/H', 'Head': 'NORMAL', 'Power': '100HP', 'Speed': 'STD', 'Impeller Material': 'CARBON STEEL'}",Flow Rate: 50 M3/H | Head: NORMAL | Power: 100HP | Speed: STD | Impeller Material: CARBON STEEL,40150077,427,CNMC-000427,False,68.0,486,IOCL,IO000486,"PUMP, POSITIVE DISPLACEMENT Head:NORMAL"
267,GAIL,GA000267,Bearings,BEARING,SPHERICAL,spherical type bearing seal type:light,NOS,"{'Inside Diameter': '3""', 'Outside Diameter': '8""', 'Width': '12mm', 'Load Rating': '15HP', 'Seal Type': 'LIGHT'}","Inside Diameter: 3"" | Outside Diameter: 8"" | Width: 12mm | Load Rating: 15HP | Seal Type: LIGHT",31170062,267,CNMC-000267,False,64.0,246,BPCL,BP000246,ball type bearing seal type:light
732,CPCL,CP000732,Instruments,FLOW METER,ANALOG,FLOW METER-ANALOG Process Connection:STD,EACH,"{'Range': '0-100 BAR', 'Accuracy': 'HEAVY', 'Output Signal': 'LIGHT', 'Process Connection': 'STD', 'Housing Material': 'STAINLESS STEEL 304'}",Range: 0-100 BAR | Accuracy: HEAVY | Output Signal: LIGHT | Process Connection: STD | Housing Material: STAINLESS STEEL 304,41000046,732,CNMC-000732,True,88.8,736,ONGC,ON000736,FLOW METER ANALOG TYPE Process Connection:STD
360,IOCL,IO000360,Fasteners,STUD,FLANGE,STUD (FLANGE) Thread Pitch:STD,KGS,"{'Diameter': '1/2""', 'Length': '10FT', 'Thread Pitch': 'STD', 'Material Grade': 'ALLOY STEEL', 'Finish': 'HIGH'}","Diameter: 1/2"" | Length: 10FT | Thread Pitch: STD | Material Grade: ALLOY STEEL | Finish: HIGH",31160032,360,CNMC-000360,True,86.6,363,CCL,CC000363,FLANGE STUD Thread Pitch:STD
879,BPCL,BP000879,Pumps,PUMP,SUBMERSIBLE,PUMP SUBMERSIBLE SPECIAL,EACH,{},,40150077,771,CNMC-000771,True,80.0,771,ONGC,ON000771,PUMP SUBMERSIBLE SPECIAL
778,ONGC,ON000778,Instruments,TEMPERATURE TRANSMITTER,ELECTRONIC,TEMPERATURE TRANSMITTER ELECTRONIC SPECIAL,NOS,{},,41000059,778,CNMC-000778,False,51.3,708,BHEL,BH000708,TEMPERATURE TRANSMITTER-ELECTRONIC Accuracy:NORMAL
800,SAIL,SA000800,Gaskets & Seals,SEAL,METAL JACKETED,SEAL METAL JACKETED STD,EACH,{},,31180047,800,CNMC-000800,False,52.6,660,HPCL,HP000660,"SEAL-METAL JACKETED Inner Diameter:3"""
397,IOCL,IO000397,Fasteners,BOLT,HEX HEAD,BOLT HEX HEAD TYPE Material Grade:BRONZE,KG,"{'Diameter': '1""', 'Length': '20FT', 'Thread Pitch': 'LIGHT', 'Material Grade': 'BRONZE', 'Finish': 'STD'}","Diameter: 1"" | Length: 20FT | Thread Pitch: LIGHT | Material Grade: BRONZE | Finish: STD",31160064,397,CNMC-000397,True,100.0,400,BPCL,BP000400,BOLT HEX HEAD TYPE Material Grade:BRONZE
530,CPCL,CP000530,Electrical,TRANSFORMER,INSTRUMENTATION,TRANSFORMER INSTRUMENTATION TYPE Power Rating:20HP,EACH,"{'Voltage': '230V', 'Current Rating': '5KW', 'Power Rating': '20HP', 'Conductor Material': 'ALLOY STEEL', 'Insulation Type': 'STD'}",Voltage: 230V | Current Rating: 5KW | Power Rating: 20HP | Conductor Material: ALLOY STEEL | Insulation Type: STD,26000051,530,CNMC-000530,True,88.8,531,BHEL,BH000531,TRANSFORMER (INSTRUMENTATION) Power Rating:20HP
839,GAIL,GA000839,Gaskets & Seals,GASKET,METAL JACKETED,GASKET METAL JACKETED HEAVY,NOS,{},,31180096,839,CNMC-000839,False,55.4,607,IOCL,IO000607,"GASKET (METAL JACKETED) Inner Diameter:3/4"""
417,BPCL,BP000417,Pumps,PUMP,MULTISTAGE,PUMP (MULTISTAGE) Head:STD,EACH,"{'Flow Rate': '25 M3/H', 'Head': 'STD', 'Power': '10HP', 'Speed': 'NORMAL', 'Impeller Material': 'STAINLESS STEEL 304'}",Flow Rate: 25 M3/H | Head: STD | Power: 10HP | Speed: NORMAL | Impeller Material: STAINLESS STEEL 304,40150077,417,CNMC-000417,True,84.9,418,HPCL,HP000418,PUMP MULTISTAGE TYPE Head:STD
555,ONGC,ON000555,Electrical,MOTOR,LV,"MOTOR, LV Power Rating:15HP",METER,"{'Voltage': '3.3KV', 'Current Rating': '50HP', 'Power Rating': '15HP', 'Conductor Material': 'STAINLESS STEEL 304', 'Insulation Type': 'HIGH'}",Voltage: 3.3KV | Current Rating: 50HP | Power Rating: 15HP | Conductor Material: STAINLESS STEEL 304 | Insulation Type: HIGH,26000034,555,CNMC-000555,True,100.0,556,BHEL,BH000556,"MOTOR, LV Power Rating:15HP"
303,HPCL,HP000303,Bearings,BEARING,BALL,BEARING (BALL) Seal Type:HIGH,NOS,"{'Inside Diameter': '1""', 'Outside Diameter': '3/4""', 'Width': '2mm', 'Load Rating': '15HP', 'Seal Type': 'HIGH'}","Inside Diameter: 1"" | Outside Diameter: 3/4"" | Width: 2mm | Load Rating: 15HP | Seal Type: HIGH",31170062,303,CNMC-000303,True,87.8,305,CCL,CC000305,BEARING BALL TYPE Seal Type:HIGH
479,ONGC,ON000479,Pumps,PUMP,SUBMERSIBLE,SUBMERSIBLE PUMP Impeller Material:STAINLESS STEEL 304,EACH,"{'Flow Rate': '25 M3/H', 'Head': 'LIGHT', 'Power': '25HP', 'Speed': 'LIGHT', 'Impeller Material': 'STAINLESS STEEL 304'}",Flow Rate: 25 M3/H | Head: LIGHT | Power: 25HP | Speed: LIGHT | Impeller Material: STAINLESS STEEL 304,40150077,478,CNMC-000478,True,92.2,478,IOCL,IO000478,SUBMERSIBLE TYPE PUMP Impeller Material:STAINLESS STEEL 304
295,BHEL,BH000295,Bearings,BEARING,BALL,BALL TYPE BEARING Load Rating:10HP,NOS,"{'Inside Diameter': '4""', 'Outside Diameter': '3""', 'Width': '20mm', 'Load Rating': '10HP', 'Seal Type': 'NORMAL'}","Inside Diameter: 4"" | Outside Diameter: 3"" | Width: 20mm | Load Rating: 10HP | Seal Type: NORMAL",31170062,294,CNMC-000294,True,90.6,294,ONGC,ON000294,BALL BEARING Load Rating:10HP
8,IOCL,IO000008,Pipes & Tubes,TUBING,CARBON STEEL,"CARBON STEEL TUBING Diameter:1/2""",METER,"{'Diameter': '1/2""', 'Wall Thickness': '8mm', 'Length': '6M', 'Material Grade': 'ALLOY STEEL', 'End Type': 'HEAVY'}","Diameter: 1/2"" | Wall Thickness: 8mm | Length: 6M | Material Grade: ALLOY STEEL | End Type: HEAVY",27100056,7,CNMC-000007,True,82.2,7,GAIL,GA000007,"TUBING (CARBON STEEL) Diameter:1/2"""
240,ONGC,ON000240,Bearings,BEARING,ROLLER,"bearing (roller) inside diameter:2""",EACHS,"{'Inside Diameter': '2""', 'Outside Diameter': '6""', 'Width': '15mm', 'Load Rating': '10HP', 'Seal Type': 'LIGHT'}","Inside Diameter: 2"" | Outside Diameter: 6"" | Width: 15mm | Load Rating: 10HP | Seal Type: LIGHT",31170062,240,CNMC-000240,False,62.9,241,NTPC,NT000241,BEARING-ROLLER Load Rating:10HP
156,HPCL,HP000156,Valves,VALVE,GLOBE,valve globe type pressure rating:300 psi,EACH,"{'Size': '3/4""', 'Pressure Rating': '300 PSI', 'Body Material': 'ALLOY STEEL', 'End Connection': 'STD', 'Temperature Rating': '5KW'}","Size: 3/4"" | Pressure Rating: 300 PSI | Body Material: ALLOY STEEL | End Connection: STD | Temperature Rating: 5KW",40140061,156,CNMC-000156,True,89.1,157,SAIL,SA000157,VALVE-GLOBE Pressure Rating:300 PSI
786,NTPC,NT000786,Bearings,BEARING,BALL,BEARING BALL STD,EACH,{},,31170062,786,CNMC-000786,True,80.0,808,BHEL,BH000808,BEARING BALL STD
433,SAIL,SA000433,Pumps,PUMP,CENTRIFUGAL,"PUMP, CENTRIFUGAL Power:50HP",NOSS,"{'Flow Rate': '200 M3/H', 'Head': 'LIGHT', 'Power': '50HP', 'Speed': 'NORMAL', 'Impeller Material': 'CAST IRON'}",Flow Rate: 200 M3/H | Head: LIGHT | Power: 50HP | Speed: NORMAL | Impeller Material: CAST IRON,40150077,433,CNMC-000433,False,61.3,432,CPCL,CP000432,PUMP CENTRIFUGAL TYPE Flow Rate:200 M3/H
102,HPCL,HP000102,Valves,VALVE,PRESSURE RELIEF,VALVE-PRESSURE RELIEF Body Material:CARBON STEEL,NOSS,"{'Size': '3""', 'Pressure Rating': '150 PSI', 'Body Material': 'CARBON STEEL', 'End Connection': 'HIGH', 'Temperature Rating': '50HP'}","Size: 3"" | Pressure Rating: 150 PSI | Body Material: CARBON STEEL | End Connection: HIGH | Temperature Rating: 50HP",40140061,102,CNMC-000102,True,82.9,103,BPCL,BP000103,VALVE PRESSURE RELIEF TYPE Body Material:CARBON STEL
200,IOCL,IO000200,Valves,VALVE,CHECK,VALVE-CHECK End Connection:HIGH,EACH,"{'Size': '12""', 'Pressure Rating': '900 PSI', 'Body Material': 'CAST IRON', 'End Connection': 'HIGH', 'Temperature Rating': '10KW'}","Size: 12"" | Pressure Rating: 900 PSI | Body Material: CAST IRON | End Connection: HIGH | Temperature Rating: 10KW",40140061,200,CNMC-000200,False,59.4,197,ONGC,ON000197,"VALVE (CHECK) Size:12"""
736,ONGC,ON000736,Instruments,FLOW METER,ANALOG,FLOW METER ANALOG TYPE Process Connection:STD,EACH,"{'Range': '0-100 BAR', 'Accuracy': 'HEAVY', 'Output Signal': 'LIGHT', 'Process Connection': 'STD', 'Housing Material': 'STAINLESS STEEL 304'}",Range: 0-100 BAR | Accuracy: HEAVY | Output Signal: LIGHT | Process Connection: STD | Housing Material: STAINLESS STEEL 304,41000046,732,CNMC-000732,True,88.8,732,CPCL,CP000732,FLOW METER-ANALOG Process Connection:STD
351,IOCL,IO000351,Fasteners,STUD,HEX HEAD,"HEX HEAD TYPE STUD Diameter:1""",KG,"{'Diameter': '1""', 'Length': '20FT', 'Thread Pitch': 'NORMAL', 'Material Grade': 'BRONZE', 'Finish': 'STD'}","Diameter: 1"" | Length: 20FT | Thread Pitch: NORMAL | Material Grade: BRONZE | Finish: STD",31160032,351,CNMC-000351,False,71.5,350,GAIL,GA000350,HEX HEAD TYPE STUD Material Grade:BRONZE
697,BHEL,BH000697,Instruments,PRESSURE GAUGE,SMART,pressure gauge smart type housing material:stainless stel 316,EACH,"{'Range': '0-40 BAR', 'Accuracy': 'STD', 'Output Signal': 'LIGHT', 'Process Connection': 'HIGH', 'Housing Material': 'STAINLESS STEEL 316'}",Range: 0-40 BAR | Accuracy: STD | Output Signal: LIGHT | Process Connection: HIGH | Housing Material: STAINLESS STEEL 316,41000061,697,CNMC-000697,False,64.6,698,CCL,CC000698,PRESSURE GAUGE SMART TYPE Accuracy:STD
383,NTPC,NT000383,Fasteners,NUT,HEX HEAD,HEX HEAD NUT Material Grade:CARBON STEEL,KG,"{'Diameter': '10""', 'Length': '3M', 'Thread Pitch': 'LIGHT', 'Material Grade': 'CARBON STEEL', 'Finish': 'STD'}","Diameter: 10"" | Length: 3M | Thread Pitch: LIGHT | Material Grade: CARBON STEEL | Finish: STD",31160062,380,CNMC-000380,True,93.4,380,SAIL,SA000380,HEX HEAD TYPE NUT Material Grade:CARBON STEEL
571,ONGC,ON000571,Electrical,CIRCUIT BREAKER,INSTRUMENTATION,"circuit breaker, instrumentation conductor material:carbon stel",METER,"{'Voltage': '230V', 'Current Rating': '50KW', 'Power Rating': '10HP', 'Conductor Material': 'CARBON STEEL', 'Insulation Type': 'HEAVY'}",Voltage: 230V | Current Rating: 50KW | Power Rating: 10HP | Conductor Material: CARBON STEEL | Insulation Type: HEAVY,26000027,571,CNMC-000571,True,83.4,573,BHEL,BH000573,INSTRUMENTATION CIRCUIT BREAKER Conductor Material:CARBON STEEL
363,CCL,CC000363,Fasteners,STUD,FLANGE,FLANGE STUD Thread Pitch:STD,NOS,"{'Diameter': '1/2""', 'Length': '10FT', 'Thread Pitch': 'STD', 'Material Grade': 'ALLOY STEEL', 'Finish': 'HIGH'}","Diameter: 1/2"" | Length: 10FT | Thread Pitch: STD | Material Grade: ALLOY STEEL | Finish: HIGH",31160032,360,CNMC-000360,True,86.6,360,IOCL,IO000360,STUD (FLANGE) Thread Pitch:STD
791,NTPC,NT000791,Electrical,CABLE,CONTROL,CABLE CONTROL SPECIAL,EACH,{},,26000075,791,CNMC-000791,False,50.3,898,HPCL,HP000898,CABLE CONTROL CUSTOM
322,NTPC,NT000322,Fasteners,NUT,HEX HEAD,NUT-HEX HEAD Thread Pitch:NORMAL,NOS,"{'Diameter': '8""', 'Length': '20FT', 'Thread Pitch': 'NORMAL', 'Material Grade': 'STAINLESS STEEL 304', 'Finish': 'LIGHT'}","Diameter: 8"" | Length: 20FT | Thread Pitch: NORMAL | Material Grade: STAINLESS STEEL 304 | Finish: LIGHT",31160062,322,CNMC-000322,True,86.7,325,IOCL,IO000325,HEX HEAD TYPE NUT Thread Pitch:NORMAL
3,HPCL,HP000003,Pipes & Tubes,PIPE,CARBON STEEL,PIPE CARBON STEEL TYPE Length:3M,METER,"{'Diameter': '8""', 'Wall Thickness': '10mm', 'Length': '3M', 'Material Grade': 'STAINLESS STEEL 304', 'End Type': 'LIGHT'}","Diameter: 8"" | Wall Thickness: 10mm | Length: 3M | Material Grade: STAINLESS STEEL 304 | End Type: LIGHT",27100067,2,CNMC-000002,True,88.1,2,GAIL,GA000002,PIPE-CARBON STEEL Length:3M
888,HPCL,HP000888,Fasteners,STUD,SOCKET HEAD,STUD SOCKET HEAD STD,KG,{},,31160032,888,CNMC-000888,False,63.1,890,HPCL,HP000890,STUD SOCKET HEAD SPECIAL
513,CPCL,CP000513,Electrical,TRANSFORMER,HV,TRANSFORMER (HV) Insulation Type:HEAVY,EACH,"{'Voltage': '415V', 'Current Rating': '20HP', 'Power Rating': '5HP', 'Conductor Material': 'BRONZE', 'Insulation Type': 'HEAVY'}",Voltage: 415V | Current Rating: 20HP | Power Rating: 5HP | Conductor Material: BRONZE | Insulation Type: HEAVY,26000051,513,CNMC-000513,False,67.1,514,GAIL,GA000514,TRANSFORMER HV TYPE Power Rating:5HP
266,BHEL,BH000266,Bearings,BEARING,SPHERICAL,BEARING-SPHERICAL Load Rating:15HP,EACH,"{'Inside Diameter': '3""', 'Outside Diameter': '8""', 'Width': '12mm', 'Load Rating': '15HP', 'Seal Type': 'LIGHT'}","Inside Diameter: 3"" | Outside Diameter: 8"" | Width: 12mm | Load Rating: 15HP | Seal Type: LIGHT",31170062,266,CNMC-000266,False,65.2,302,ONGC,ON000302,SPHERICAL BEARING Load Rating:15HP
639,GAIL,GA000639,Gaskets & Seals,SEAL,PTFE,PTFE TYPE SEAL Material:STAINLESS STEEL 316,EACH,"{'Inner Diameter': '2""', 'Outer Diameter': '10""', 'Thickness': '2mm', 'Material': 'STAINLESS STEEL 316', 'Pressure Rating': '300 PSI'}","Inner Diameter: 2"" | Outer Diameter: 10"" | Thickness: 2mm | Material: STAINLESS STEEL 316 | Pressure Rating: 300 PSI",31180047,639,CNMC-000639,False,67.3,635,HPCL,HP000635,"SEAL, PTFE Material:STNLSS STEL 316"
159,GAIL,GA000159,Valves,VALVE,GLOBE,GLOBE VALVE Pressure Rating:300 PSI,NOS,"{'Size': '3/4""', 'Pressure Rating': '300 PSI', 'Body Material': 'ALLOY STEEL', 'End Connection': 'STD', 'Temperature Rating': '5KW'}","Size: 3/4"" | Pressure Rating: 300 PSI | Body Material: ALLOY STEEL | End Connection: STD | Temperature Rating: 5KW",40140061,156,CNMC-000156,True,90.1,157,SAIL,SA000157,VALVE-GLOBE Pressure Rating:300 PSI
523,NTPC,NT000523,Electrical,CABLE,CONTROL,CABLE (CONTROL) Power Rating:50HP,METER,"{'Voltage': '11KV', 'Current Rating': '5KW', 'Power Rating': '50HP', 'Conductor Material': 'STAINLESS STEEL 304', 'Insulation Type': 'NORMAL'}",Voltage: 11KV | Current Rating: 5KW | Power Rating: 50HP | Conductor Material: STAINLESS STEEL 304 | Insulation Type: NORMAL,26000075,521,CNMC-000521,True,84.5,521,HPCL,HP000521,CONTROL TYPE CABLE Power Rating:50HP
838,GAIL,GA000838,Gaskets & Seals,O-RING,PTFE,O-RING PTFE SPECIAL,EACH,{},,31180009,838,CNMC-000838,False,56.9,803,SAIL,SA000803,O-RING PTFE STD
569,CCL,CC000569,Electrical,CIRCUIT BREAKER,INSTRUMENTATION,CIRCUIT BREAKER (INSTRUMENTATION) Power Rating:5HP,EACH,"{'Voltage': '11KV', 'Current Rating': '50KW', 'Power Rating': '5HP', 'Conductor Material': 'STAINLESS STEEL 304', 'Insulation Type': 'LIGHT'}",Voltage: 11KV | Current Rating: 50KW | Power Rating: 5HP | Conductor Material: STAINLESS STEEL 304 | Insulation Type: LIGHT,26000027,569,CNMC-000569,False,68.6,567,CPCL,CP000567,CIRCUIT BREAKER INSTRUMENTATION TYPE Current Rating:50KW
335,HPCL,HP000335,Fasteners,BOLT,HEX HEAD,BOLT HEX HEAD TYPE Length:6M,KG,"{'Diameter': '3/4""', 'Length': '6M', 'Thread Pitch': 'STD', 'Material Grade': 'STAINLESS STEEL 304', 'Finish': 'HIGH'}","Diameter: 3/4"" | Length: 6M | Thread Pitch: STD | Material Grade: STAINLESS STEEL 304 | Finish: HIGH",31160064,334,CNMC-000334,True,100.0,339,CPCL,CP000339,BOLT HEX HEAD TYPE Length:6M
900,HPCL,HP000900,Pumps,PUMP,CENTRIFUGAL,PUMP CENTRIFUGAL STD,EACH,{},,40150077,878,CNMC-000878,True,80.0,878,BPCL,BP000878,PUMP CENTRIFUGAL STD
526,NTPC,NT000526,Electrical,CABLE,LV,LV CABLE Insulation Type:HEAVY,EACH,"{'Voltage': '33KV', 'Current Rating': '25HP', 'Power Rating': '10KW', 'Conductor Material': 'BRONZE', 'Insulation Type': 'HEAVY'}",Voltage: 33KV | Current Rating: 25HP | Power Rating: 10KW | Conductor Material: BRONZE | Insulation Type: HEAVY,26000075,526,CNMC-000526,False,56.3,524,GAIL,GA000524,CABLE LV TYPE Voltage:33KV
440,ONGC,ON000440,Pumps,PUMP,POSITIVE DISPLACEMENT,pump (positive displacement) flow rate:100 m3/h,NOSS,"{'Flow Rate': '100 M3/H', 'Head': 'HIGH', 'Power': '100HP', 'Speed': 'NORMAL', 'Impeller Material': 'BRONZE'}",Flow Rate: 100 M3/H | Head: HIGH | Power: 100HP | Speed: NORMAL | Impeller Material: BRONZE,40150077,440,CNMC-000440,True,100.0,441,BHEL,BH000441,"PUMP, POSITIVE DISPLACEMENT Flow Rate:100 M3/H"
528,GAIL,GA000528,Electrical,TRANSFORMER,INSTRUMENTATION,TRANSFORMER (INSTRUMENTATION) Insulation Type:STD,EACH,"{'Voltage': '230V', 'Current Rating': '5KW', 'Power Rating': '20HP', 'Conductor Material': 'ALLOY STEEL', 'Insulation Type': 'STD'}",Voltage: 230V | Current Rating: 5KW | Power Rating: 20HP | Conductor Material: ALLOY STEEL | Insulation Type: STD,26000051,528,CNMC-000528,True,100.0,532,HPCL,HP000532,transformer-instrumentation insulation type:std
412,SAIL,SA000412,Fasteners,BOLT,FLANGE,BOLT (FLANGE) Thread Pitch:HIGH,NOS,"{'Diameter': '8""', 'Length': '20FT', 'Thread Pitch': 'HIGH', 'Material Grade': 'CAST IRON', 'Finish': 'HEAVY'}","Diameter: 8"" | Length: 20FT | Thread Pitch: HIGH | Material Grade: CAST IRON | Finish: HEAVY",31160064,412,CNMC-000412,False,61.9,409,ONGC,ON000409,BOLT-FLANGE Finish:HEAVY
803,SAIL,SA000803,Gaskets & Seals,O-RING,PTFE,O-RING PTFE STD,NOS,{},,31180009,803,CNMC-000803,False,56.9,838,GAIL,GA000838,O-RING PTFE SPECIAL
362,GAIL,GA000362,Fasteners,STUD,FLANGE,STUD-FLANGE Material Grade:ALLOY STEEL,NOS,"{'Diameter': '1/2""', 'Length': '10FT', 'Thread Pitch': 'STD', 'Material Grade': 'ALLOY STEEL', 'Finish': 'HIGH'}","Diameter: 1/2"" | Length: 10FT | Thread Pitch: STD | Material Grade: ALLOY STEEL | Finish: HIGH",31160032,359,CNMC-000359,True,100.0,359,BHEL,BH000359,STUD-FLANGE Material Grade:ALLOY STEEL
863,IOCL,IO000863,Gaskets & Seals,SEAL,RUBBER,SEAL RUBBER SPECIAL,EACH,{},,31180047,863,CNMC-000863,False,48.7,804,SAIL,SA000804,SEAL PTFE SPECIAL
814,BHEL,BH000814,Pipes & Tubes,TUBE,GALVANIZED,TUBE GALVANIZED SPECIAL,FOOT,{},,27100037,814,CNMC-000814,False,52.0,766,ONGC,ON000766,TUBE GALVANIZED HEAVY
661,NTPC,NT000661,Gaskets & Seals,SEAL,METAL JACKETED,SEAL-METAL JACKETED Pressure Rating:300 PSI,NOS,"{'Inner Diameter': '3""', 'Outer Diameter': '1""', 'Thickness': '15mm', 'Material': 'STAINLESS STEEL 304', 'Pressure Rating': '300 PSI'}","Inner Diameter: 3"" | Outer Diameter: 1"" | Thickness: 15mm | Material: STAINLESS STEEL 304 | Pressure Rating: 300 PSI",31180047,661,CNMC-000661,False,64.2,660,HPCL,HP000660,"SEAL-METAL JACKETED Inner Diameter:3"""
213,NTPC,NT000213,Bearings,BEARING,THRUST,"BEARING, THRUST Seal Type:HEAVY",NOSS,"{'Inside Diameter': '4""', 'Outside Diameter': '3""', 'Width': '12mm', 'Load Rating': '100HP', 'Seal Type': 'HEAVY'}","Inside Diameter: 4"" | Outside Diameter: 3"" | Width: 12mm | Load Rating: 100HP | Seal Type: HEAVY",31170062,213,CNMC-000213,False,63.8,212,IOCL,IO000212,"THRUST TYPE BEARING Outside Diameter:3"""
80,HPCL,HP000080,Pipes & Tubes,TUBE,CARBON STEEL,"TUBE CARBON STEL TYPE Diameter:8""",FOOT,"{'Diameter': '8""', 'Wall Thickness': '5mm', 'Length': '3M', 'Material Grade': 'BRONZE', 'End Type': 'HIGH'}","Diameter: 8"" | Wall Thickness: 5mm | Length: 3M | Material Grade: BRONZE | End Type: HIGH",27100037,80,CNMC-000080,False,67.0,82,NTPC,NT000082,TUBE CARBON STEEL TYPE Length:3M
149,HPCL,HP000149,Valves,VALVE,BUTTERFLY,VALVE (BUTTERFLY) Temperature Rating:25HP,NOS,"{'Size': '2""', 'Pressure Rating': '2500 PSI', 'Body Material': 'STAINLESS STEEL 316', 'End Connection': 'STD', 'Temperature Rating': '25HP'}","Size: 2"" | Pressure Rating: 2500 PSI | Body Material: STAINLESS STEEL 316 | End Connection: STD | Temperature Rating: 25HP",40140061,148,CNMC-000148,True,88.7,151,NTPC,NT000151,VALVE BUTTERFLY TYPE Temperature Rating:25HP
500,SAIL,SA000500,Pumps,PUMP,SUBMERSIBLE,PUMP (SUBMERSIBLE) Speed:HEAVY,EACH,"{'Flow Rate': '50 M3/H', 'Head': 'HIGH', 'Power': '50HP', 'Speed': 'HEAVY', 'Impeller Material': 'STAINLESS STEEL 316'}",Flow Rate: 50 M3/H | Head: HIGH | Power: 50HP | Speed: HEAVY | Impeller Material: STAINLESS STEEL 316,40150077,500,CNMC-000500,True,100.0,504,BHEL,BH000504,pump-submersible speed:heavy
590,CCL,CC000590,Electrical,MOTOR,HV,MOTOR-HV Current Rating:5HP,METER,"{'Voltage': '6.6KV', 'Current Rating': '5HP', 'Power Rating': '10HP', 'Conductor Material': 'CAST IRON', 'Insulation Type': 'LIGHT'}",Voltage: 6.6KV | Current Rating: 5HP | Power Rating: 10HP | Conductor Material: CAST IRON | Insulation Type: LIGHT,26000034,589,CNMC-000589,True,88.5,589,BPCL,BP000589,MOTOR HV TYPE Current Rating:5HP
276,CCL,CC000276,Bearings,BEARING,ROLLER,BEARING-ROLLER Load Rating:5KW,NOS,"{'Inside Diameter': '1/2""', 'Outside Diameter': '4""', 'Width': '3mm', 'Load Rating': '5KW', 'Seal Type': 'LIGHT'}","Inside Diameter: 1/2"" | Outside Diameter: 4"" | Width: 3mm | Load Rating: 5KW | Seal Type: LIGHT",31170062,275,CNMC-000275,True,87.6,275,SAIL,SA000275,roller type bearing load rating:5kw
454,HPCL,HP000454,Pumps,PUMP,SUBMERSIBLE,PUMP (SUBMERSIBLE) Power:50KW,EACH,"{'Flow Rate': '50 M3/H', 'Head': 'HEAVY', 'Power': '50KW', 'Speed': 'STD', 'Impeller Material': 'ALLOY STEEL'}",Flow Rate: 50 M3/H | Head: HEAVY | Power: 50KW | Speed: STD | Impeller Material: ALLOY STEEL,40150077,453,CNMC-000453,True,82.7,453,CCL,CC000453,submersible type pump power:50kw
808,BHEL,BH000808,Bearings,BEARING,BALL,BEARING BALL STD,NOS,{},,31170062,786,CNMC-000786,True,80.0,786,NTPC,NT000786,BEARING BALL STD
134,GAIL,GA000134,Valves,VALVE,GATE,"VALVE-GATE Size:10""",NOS,"{'Size': '10""', 'Pressure Rating': '600 PSI', 'Body Material': 'ALLOY STEEL', 'End Connection': 'HEAVY', 'Temperature Rating': '5HP'}","Size: 10"" | Pressure Rating: 600 PSI | Body Material: ALLOY STEEL | End Connection: HEAVY | Temperature Rating: 5HP",40140061,134,CNMC-000134,False,61.6,133,BHEL,BH000133,VALVE-GATE Temperature Rating:5HP
603,SAIL,SA000603,Gaskets & Seals,GASKET,RUBBER,"GASKET, RUBBER Thickness:12mm",EACH,"{'Inner Diameter': '4""', 'Outer Diameter': '4""', 'Thickness': '12mm', 'Material': 'CAST IRON', 'Pressure Rating': '900 PSI'}","Inner Diameter: 4"" | Outer Diameter: 4"" | Thickness: 12mm | Material: CAST IRON | Pressure Rating: 900 PSI",31180096,603,CNMC-000603,False,60.6,604,BPCL,BP000604,"gasket-rubber outer diameter:4"""
550,GAIL,GA000550,Electrical,SWITCH,CONTROL,SWITCH-CONTROL Current Rating:15HP,EACH,"{'Voltage': '33KV', 'Current Rating': '15HP', 'Power Rating': '50KW', 'Conductor Material': 'STAINLESS STEEL 316', 'Insulation Type': 'HEAVY'}",Voltage: 33KV | Current Rating: 15HP | Power Rating: 50KW | Conductor Material: STAINLESS STEEL 316 | Insulation Type: HEAVY,26000002,550,CNMC-000550,True,100.0,551,BPCL,BP000551,SWITCH-CONTROL Current Rating:15HP
352,HPCL,HP000352,Fasteners,STUD,HEX HEAD,stud hex head type finish:std,NOS,"{'Diameter': '1""', 'Length': '20FT', 'Thread Pitch': 'NORMAL', 'Material Grade': 'BRONZE', 'Finish': 'STD'}","Diameter: 1"" | Length: 20FT | Thread Pitch: NORMAL | Material Grade: BRONZE | Finish: STD",31160032,352,CNMC-000352,False,71.0,351,IOCL,IO000351,"HEX HEAD TYPE STUD Diameter:1"""
721,BPCL,BP000721,Instruments,PRESSURE GAUGE,SMART,SMART PRESSURE GAUGE Housing Material:ALLOY STEEL,EACH,"{'Range': '0-40 BAR', 'Accuracy': 'STD', 'Output Signal': 'HEAVY', 'Process Connection': 'STD', 'Housing Material': 'ALLOY STEEL'}",Range: 0-40 BAR | Accuracy: STD | Output Signal: HEAVY | Process Connection: STD | Housing Material: ALLOY STEEL,41000061,721,CNMC-000721,True,91.5,722,IOCL,IO000722,PRESSURE GAUGE-SMART Housing Material:ALLOY STEEL
715,BHEL,BH000715,Instruments,PRESSURE GAUGE,ANALOG,PRESSURE GAUGE ANALOG TYPE Range:0-40 BAR,EACH,"{'Range': '0-40 BAR', 'Accuracy': 'NORMAL', 'Output Signal': 'HEAVY', 'Process Connection': 'NORMAL', 'Housing Material': 'ALLOY STEEL'}",Range: 0-40 BAR | Accuracy: NORMAL | Output Signal: HEAVY | Process Connection: NORMAL | Housing Material: ALLOY STEEL,41000061,715,CNMC-000715,False,60.3,716,ONGC,ON000716,PRESSURE GAUGE (ANALOG) Output Signal:HEAVY
466,CPCL,CP000466,Pumps,PUMP,SUBMERSIBLE,PUMP (SUBMERSIBLE) Impeller Material:BRONZE,EACH,"{'Flow Rate': '25 M3/H', 'Head': 'HIGH', 'Power': '10KW', 'Speed': 'LIGHT', 'Impeller Material': 'BRONZE'}",Flow Rate: 25 M3/H | Head: HIGH | Power: 10KW | Speed: LIGHT | Impeller Material: BRONZE,40150077,465,CNMC-000465,True,100.0,467,IOCL,IO000467,"PUMP, SUBMERSIBLE Impeller Material:BRONZE"
364,IOCL,IO000364,Fasteners,SCREW,FLANGE,SCREW FLANGE TYPE Finish:STD,KG,"{'Diameter': '3/4""', 'Length': '20FT', 'Thread Pitch': 'NORMAL', 'Material Grade': 'CARBON STEEL', 'Finish': 'STD'}","Diameter: 3/4"" | Length: 20FT | Thread Pitch: NORMAL | Material Grade: CARBON STEEL | Finish: STD",31160062,364,CNMC-000364,True,100.0,365,ONGC,ON000365,SCREW FLANGE TYPE Finish:STD
597,CCL,CC000597,Gaskets & Seals,PACKING,GRAPHITE,"PACKING GRAPHITE TYPE Outer Diameter:3/4""",NOS,"{'Inner Diameter': '4""', 'Outer Diameter': '3/4""', 'Thickness': '8mm', 'Material': 'ALLOY STEEL', 'Pressure Rating': '600 PSI'}","Inner Diameter: 4"" | Outer Diameter: 3/4"" | Thickness: 8mm | Material: ALLOY STEEL | Pressure Rating: 600 PSI",31180089,597,CNMC-000597,False,76.6,595,HPCL,HP000595,"GRAPHITE TYPE PACKING Inner Diameter:4"""
773,ONGC,ON000773,Electrical,CABLE,INSTRUMENTATION,CABLE INSTRUMENTATION HEAVY,NOS,{},,26000075,773,CNMC-000773,False,57.0,821,CCL,CC000821,CABLE INSTRUMENTATION STD
299,HPCL,HP000299,Bearings,BEARING,SPHERICAL,"SPHERICAL TYPE BEARING Outside Diameter:6""",NOS,"{'Inside Diameter': '3""', 'Outside Diameter': '6""', 'Width': '8mm', 'Load Rating': '15HP', 'Seal Type': 'STD'}","Inside Diameter: 3"" | Outside Diameter: 6"" | Width: 8mm | Load Rating: 15HP | Seal Type: STD",31170062,299,CNMC-000299,False,70.8,298,CPCL,CP000298,SPHERICAL TYPE BEARING Load Rating:15HP
173,NTPC,NT000173,Valves,VALVE,PRESSURE RELIEF,VALVE PRESSURE RELIEF TYPE Temperature Rating:10KW,NOS,"{'Size': '2""', 'Pressure Rating': '300 PSI', 'Body Material': 'BRONZE', 'End Connection': 'HEAVY', 'Temperature Rating': '10KW'}","Size: 2"" | Pressure Rating: 300 PSI | Body Material: BRONZE | End Connection: HEAVY | Temperature Rating: 10KW",40140061,169,CNMC-000169,True,88.3,169,BPCL,BP000169,VALVE-PRESSURE RELIEF Temperature Rating:10KW
588,BHEL,BH000588,Electrical,MOTOR,HV,MOTOR HV TYPE Conductor Material:CAST IRON,METERS,"{'Voltage': '6.6KV', 'Current Rating': '5HP', 'Power Rating': '10HP', 'Conductor Material': 'CAST IRON', 'Insulation Type': 'LIGHT'}",Voltage: 6.6KV | Current Rating: 5HP | Power Rating: 10HP | Conductor Material: CAST IRON | Insulation Type: LIGHT,26000034,588,CNMC-000588,False,62.3,589,BPCL,BP000589,MOTOR HV TYPE Current Rating:5HP
320,NTPC,NT000320,Fasteners,BOLT,SOCKET HEAD,"BOLT, SOCKET HEAD Finish:NORMAL",KG,"{'Diameter': '6""', 'Length': '6M', 'Thread Pitch': 'HIGH', 'Material Grade': 'CARBON STEEL', 'Finish': 'NORMAL'}","Diameter: 6"" | Length: 6M | Thread Pitch: HIGH | Material Grade: CARBON STEEL | Finish: NORMAL",31160064,320,CNMC-000320,False,62.7,319,CPCL,CP000319,"BOLT, SOCKET HEAD Thread Pitch:HIGH"
600,NTPC,NT000600,Gaskets & Seals,GASKET,SPIRAL WOUND,GASKET (SPIRAL WOUND) Material:ALLOY STEL,EACH,"{'Inner Diameter': '1""', 'Outer Diameter': '1""', 'Thickness': '2mm', 'Material': 'ALLOY STEEL', 'Pressure Rating': '900 PSI'}","Inner Diameter: 1"" | Outer Diameter: 1"" | Thickness: 2mm | Material: ALLOY STEEL | Pressure Rating: 900 PSI",31180096,600,CNMC-000600,False,65.4,599,BPCL,BP000599,"GASKET (SPIRAL WOUND) Inner Diameter:1"""
810,BHEL,BH000810,Bearings,BEARING,ROLLER,BEARING ROLLER STD,EACH,{},,31170062,784,CNMC-000784,True,80.0,784,NTPC,NT000784,BEARING ROLLER STD
91,CPCL,CP000091,Pipes & Tubes,TUBE,WELDED,"WELDED TYPE TUBE Diameter:2""",FOOT,"{'Diameter': '2""', 'Wall Thickness': '2mm', 'Length': '3M', 'Material Grade': 'STAINLESS STEEL 304', 'End Type': 'STD'}","Diameter: 2"" | Wall Thickness: 2mm | Length: 3M | Material Grade: STAINLESS STEEL 304 | End Type: STD",27100037,91,CNMC-000091,False,73.7,89,SAIL,SA000089,"TUBE, WELDED Diameter:2"""
843,GAIL,GA000843,Bearings,BEARING,TAPERED ROLLER,BEARING TAPERED ROLLER SPECIAL,NOS,{},,31170062,843,CNMC-000843,True,80.0,861,IOCL,IO000861,BEARING TAPERED ROLLER SPECIAL
182,BHEL,BH000182,Valves,VALVE,CHECK,CHECK TYPE VALVE End Connection:STD,EACH,"{'Size': '10""', 'Pressure Rating': '150 PSI', 'Body Material': 'CARBON STEEL', 'End Connection': 'STD', 'Temperature Rating': '15HP'}","Size: 10"" | Pressure Rating: 150 PSI | Body Material: CARBON STEEL | End Connection: STD | Temperature Rating: 15HP",40140061,180,CNMC-000180,True,100.0,184,GAIL,GA000184,CHECK TYPE VALVE End Connection:STD
498,HPCL,HP000498,Pumps,PUMP,MULTISTAGE,MULTISTAGE PUMP Impeller Material:STAINLESS STEEL 304,NOS,"{'Flow Rate': '10 M3/H', 'Head': 'STD', 'Power': '50HP', 'Speed': 'NORMAL', 'Impeller Material': 'STAINLESS STEEL 304'}",Flow Rate: 10 M3/H | Head: STD | Power: 50HP | Speed: NORMAL | Impeller Material: STAINLESS STEEL 304,40150077,498,CNMC-000498,False,65.3,450,BHEL,BH000450,PUMP MULTISTAGE TYPE Impeller Material:STAINLESS STEEL 304
804,SAIL,SA000804,Gaskets & Seals,SEAL,PTFE,SEAL PTFE SPECIAL,EACH,{},,31180047,804,CNMC-000804,False,48.7,863,IOCL,IO000863,SEAL RUBBER SPECIAL
70,HPCL,HP000070,Pipes & Tubes,TUBE,WELDED,WELDED TYPE TUBE Material Grade:STAINLESS STEEL 316,FOOT,"{'Diameter': '4""', 'Wall Thickness': '12mm', 'Length': '10FT', 'Material Grade': 'STAINLESS STEEL 316', 'End Type': 'HEAVY'}","Diameter: 4"" | Wall Thickness: 12mm | Length: 10FT | Material Grade: STAINLESS STEEL 316 | End Type: HEAVY",27100037,70,CNMC-000070,False,61.8,67,GAIL,GA000067,WELDED TYPE TUBE End Type:HEAVY
132,CPCL,CP000132,Valves,VALVE,PRESSURE RELIEF,"VALVE, PRESSURE RELIEF Pressure Rating:1500 PSI",NOSS,"{'Size': '1/2""', 'Pressure Rating': '1500 PSI', 'Body Material': 'BRONZE', 'End Connection': 'HIGH', 'Temperature Rating': '10KW'}","Size: 1/2"" | Pressure Rating: 1500 PSI | Body Material: BRONZE | End Connection: HIGH | Temperature Rating: 10KW",40140061,132,CNMC-000132,False,67.7,128,HPCL,HP000128,"VALVE, PRESSURE RELIEF Size:1/2"""
432,CPCL,CP000432,Pumps,PUMP,CENTRIFUGAL,PUMP CENTRIFUGAL TYPE Flow Rate:200 M3/H,EACHS,"{'Flow Rate': '200 M3/H', 'Head': 'LIGHT', 'Power': '50HP', 'Speed': 'NORMAL', 'Impeller Material': 'CAST IRON'}",Flow Rate: 200 M3/H | Head: LIGHT | Power: 50HP | Speed: NORMAL | Impeller Material: CAST IRON,40150077,432,CNMC-000432,False,64.1,434,BPCL,BP000434,PUMP CENTRIFUGAL TYPE Impeller Material:CAST IRON
483,CPCL,CP000483,Pumps,PUMP,POSITIVE DISPLACEMENT,pump (positive displacement) flow rate:100 m3/h,NOS,"{'Flow Rate': '100 M3/H', 'Head': 'LIGHT', 'Power': '50KW', 'Speed': 'LIGHT', 'Impeller Material': 'CARBON STEEL'}",Flow Rate: 100 M3/H | Head: LIGHT | Power: 50KW | Speed: LIGHT | Impeller Material: CARBON STEEL,40150077,483,CNMC-000483,True,100.0,485,BPCL,BP000485,"PUMP, POSITIVE DISPLACEMENT Flow Rate:100 M3/H"
136,NTPC,NT000136,Valves,VALVE,CHECK,VALVE-CHECK Pressure Rating:600 PSI,NOS,"{'Size': '4""', 'Pressure Rating': '600 PSI', 'Body Material': 'CAST IRON', 'End Connection': 'HEAVY', 'Temperature Rating': '10HP'}","Size: 4"" | Pressure Rating: 600 PSI | Body Material: CAST IRON | End Connection: HEAVY | Temperature Rating: 10HP",40140061,136,CNMC-000136,False,62.1,162,ONGC,ON000162,VALVE (GLOBE) Pressure Rating:600 PSI
165,CCL,CC000165,Valves,VALVE,BUTTERFLY,"VALVE, BUTTERFLY End Connection:HEAVY",NOS,"{'Size': '8""', 'Pressure Rating': '150 PSI', 'Body Material': 'ALLOY STEEL', 'End Connection': 'HEAVY', 'Temperature Rating': '100HP'}","Size: 8"" | Pressure Rating: 150 PSI | Body Material: ALLOY STEEL | End Connection: HEAVY | Temperature Rating: 100HP",40140061,165,CNMC-000165,True,100.0,167,GAIL,GA000167,VALVE-BUTTERFLY End Connection:HEAVY
29,ONGC,ON000029,Pipes & Tubes,TUBE,GALVANIZED,"GALVANIZED TYPE TUBE Diameter:3""",METER,"{'Diameter': '3""', 'Wall Thickness': '12mm', 'Length': '10FT', 'Material Grade': 'ALLOY STEEL', 'End Type': 'STD'}","Diameter: 3"" | Wall Thickness: 12mm | Length: 10FT | Material Grade: ALLOY STEEL | End Type: STD",27100037,29,CNMC-000029,True,80.9,31,HPCL,HP000031,"GALVANIZED TUBE Diameter:3"""
750,IOCL,IO000750,Instruments,PRESSURE GAUGE,DIGITAL,"PRESSURE GAUGE, DIGITAL Accuracy:LIGHT",EACHS,"{'Range': '0-10 BAR', 'Accuracy': 'LIGHT', 'Output Signal': 'LIGHT', 'Process Connection': 'NORMAL', 'Housing Material': 'STAINLESS STEEL 304'}",Range: 0-10 BAR | Accuracy: LIGHT | Output Signal: LIGHT | Process Connection: NORMAL | Housing Material: STAINLESS STEEL 304,41000061,750,CNMC-000750,False,70.8,749,ONGC,ON000749,PRESSURE GAUGE (DIGITAL) Output Signal:LIGHT
194,CPCL,CP000194,Valves,VALVE,GLOBE,VALVE GLOBE TYPE Pressure Rating:1500 PSI,EACH,"{'Size': '1/2""', 'Pressure Rating': '1500 PSI', 'Body Material': 'CARBON STEEL', 'End Connection': 'HIGH', 'Temperature Rating': '15HP'}","Size: 1/2"" | Pressure Rating: 1500 PSI | Body Material: CARBON STEEL | End Connection: HIGH | Temperature Rating: 15HP",40140061,194,CNMC-000194,True,90.5,195,HPCL,HP000195,VALVE (GLOBE) Pressure Rating:1500 PSI
368,CCL,CC000368,Fasteners,SCREW,FLANGE,FLANGE SCREW Finish:STD,KG,"{'Diameter': '3/4""', 'Length': '20FT', 'Thread Pitch': 'NORMAL', 'Material Grade': 'CARBON STEEL', 'Finish': 'STD'}","Diameter: 3/4"" | Length: 20FT | Thread Pitch: NORMAL | Material Grade: CARBON STEEL | Finish: STD",31160062,368,CNMC-000368,False,79.1,364,IOCL,IO000364,SCREW FLANGE TYPE Finish:STD
579,NTPC,NT000579,Electrical,CABLE,LV,cable-lv current rating:50hp,METER,"{'Voltage': '230V', 'Current Rating': '50HP', 'Power Rating': '25HP', 'Conductor Material': 'STAINLESS STEEL 304', 'Insulation Type': 'LIGHT'}",Voltage: 230V | Current Rating: 50HP | Power Rating: 25HP | Conductor Material: STAINLESS STEEL 304 | Insulation Type: LIGHT,26000075,576,CNMC-000576,True,100.0,576,BPCL,BP000576,CABLE-LV Current Rating:50HP
170,GAIL,GA000170,Valves,VALVE,PRESSURE RELIEF,VALVE-PRESSURE RELIEF Body Material:BRONZE,NOS,"{'Size': '2""', 'Pressure Rating': '300 PSI', 'Body Material': 'BRONZE', 'End Connection': 'HEAVY', 'Temperature Rating': '10KW'}","Size: 2"" | Pressure Rating: 300 PSI | Body Material: BRONZE | End Connection: HEAVY | Temperature Rating: 10KW",40140061,170,CNMC-000170,False,76.0,127,NTPC,NT000127,"VALVE, PRESSURE RELIEF Body Material:BRONZE"
822,CCL,CC000822,Pumps,PUMP,POSITIVE DISPLACEMENT,PUMP POSITIVE DISPLACEMENT STD,NOS,{},,40150077,822,CNMC-000822,False,59.1,429,CCL,CC000429,"PUMP, POSITIVE DISPLACEMENT Speed:STD"
141,HPCL,HP000141,Valves,VALVE,BALL,"BALL VALVE Size:3""",EACH,"{'Size': '3""', 'Pressure Rating': '2500 PSI', 'Body Material': 'STAINLESS STEEL 304', 'End Connection': 'NORMAL', 'Temperature Rating': '10HP'}","Size: 3"" | Pressure Rating: 2500 PSI | Body Material: STAINLESS STEEL 304 | End Connection: NORMAL | Temperature Rating: 10HP",40140061,141,CNMC-000141,False,72.2,143,CPCL,CP000143,"VALVE BALL TYPE Size:3"""
174,ONGC,ON000174,Valves,VALVE,GLOBE,VALVE GLOBE TYPE Temperature Rating:5KW,EACH,"{'Size': '3/4""', 'Pressure Rating': '300 PSI', 'Body Material': 'CARBON STEEL', 'End Connection': 'HEAVY', 'Temperature Rating': '5KW'}","Size: 3/4"" | Pressure Rating: 300 PSI | Body Material: CARBON STEEL | End Connection: HEAVY | Temperature Rating: 5KW",40140061,174,CNMC-000174,False,69.7,175,GAIL,GA000175,"VALVE GLOBE TYPE Size:3/4"""
7,GAIL,GA000007,Pipes & Tubes,TUBING,CARBON STEEL,"TUBING (CARBON STEEL) Diameter:1/2""",METER,"{'Diameter': '1/2""', 'Wall Thickness': '8mm', 'Length': '6M', 'Material Grade': 'ALLOY STEEL', 'End Type': 'HEAVY'}","Diameter: 1/2"" | Wall Thickness: 8mm | Length: 6M | Material Grade: ALLOY STEEL | End Type: HEAVY",27100056,7,CNMC-000007,True,100.0,9,NTPC,NT000009,"tubing, carbon steel diameter:1/2"""
583,GAIL,GA000583,Electrical,CIRCUIT BREAKER,HV,CIRCUIT BREAKER HV TYPE Current Rating:5HP,NOS,"{'Voltage': '230V', 'Current Rating': '5HP', 'Power Rating': '5KW', 'Conductor Material': 'CAST IRON', 'Insulation Type': 'STD'}",Voltage: 230V | Current Rating: 5HP | Power Rating: 5KW | Conductor Material: CAST IRON | Insulation Type: STD,26000027,583,CNMC-000583,True,84.7,584,NTPC,NT000584,HV CIRCUIT BREAKER Current Rating:5HP
395,CCL,CC000395,Fasteners,SCREW,LOCK,LOCK SCREW Material Grade:CAST IRON,KG,"{'Diameter': '8""', 'Length': '20FT', 'Thread Pitch': 'LIGHT', 'Material Grade': 'CAST IRON', 'Finish': 'STD'}","Diameter: 8"" | Length: 20FT | Thread Pitch: LIGHT | Material Grade: CAST IRON | Finish: STD",31160062,395,CNMC-000395,False,57.5,394,BPCL,BP000394,"SCREW, LOCK Diameter:8"""
74,NTPC,NT000074,Pipes & Tubes,TUBING,CARBON STEEL,"CARBON STEEL TUBING Diameter:3/4""",METER,"{'Diameter': '3/4""', 'Wall Thickness': '10mm', 'Length': '6M', 'Material Grade': 'STAINLESS STEEL 316', 'End Type': 'LIGHT'}","Diameter: 3/4"" | Wall Thickness: 10mm | Length: 6M | Material Grade: STAINLESS STEEL 316 | End Type: LIGHT",27100056,74,CNMC-000074,True,84.1,75,CPCL,CP000075,"CARBON STEEL TYPE TUBING Diameter:3/4"""
719,CCL,CC000719,Instruments,PRESSURE GAUGE,DIGITAL,PRESSURE GAUGE-DIGITAL Accuracy:STD,NOS,"{'Range': '0-100 BAR', 'Accuracy': 'STD', 'Output Signal': 'STD', 'Process Connection': 'LIGHT', 'Housing Material': 'CARBON STEEL'}",Range: 0-100 BAR | Accuracy: STD | Output Signal: STD | Process Connection: LIGHT | Housing Material: CARBON STEEL,41000061,717,CNMC-000717,True,100.0,717,CPCL,CP000717,"PRESSURE GAUGE, DIGITAL Accuracy:STD"
334,GAIL,GA000334,Fasteners,BOLT,HEX HEAD,HEX HEAD TYPE BOLT Length:6M,KG,"{'Diameter': '3/4""', 'Length': '6M', 'Thread Pitch': 'STD', 'Material Grade': 'STAINLESS STEEL 304', 'Finish': 'HIGH'}","Diameter: 3/4"" | Length: 6M | Thread Pitch: STD | Material Grade: STAINLESS STEEL 304 | Finish: HIGH",31160064,334,CNMC-000334,True,89.4,339,CPCL,CP000339,BOLT HEX HEAD TYPE Length:6M
463,SAIL,SA000463,Pumps,PUMP,CENTRIFUGAL,PUMP-CENTRIFUGAL Speed:HIGH,EACH,"{'Flow Rate': '10 M3/H', 'Head': 'HEAVY', 'Power': '50KW', 'Speed': 'HIGH', 'Impeller Material': 'STAINLESS STEEL 304'}",Flow Rate: 10 M3/H | Head: HEAVY | Power: 50KW | Speed: HIGH | Impeller Material: STAINLESS STEEL 304,40150077,463,CNMC-000463,False,63.9,464,GAIL,GA000464,PUMP-CENTRIFUGAL Power:50KW
146,BHEL,BH000146,Valves,VALVE,PRESSURE RELIEF,VALVE-PRESSURE RELIEF Body Material:STAINLESS STEEL 316,NOS,"{'Size': '2""', 'Pressure Rating': '600 PSI', 'Body Material': 'STAINLESS STEEL 316', 'End Connection': 'NORMAL', 'Temperature Rating': '100HP'}","Size: 2"" | Pressure Rating: 600 PSI | Body Material: STAINLESS STEEL 316 | End Connection: NORMAL | Temperature Rating: 100HP",40140061,146,CNMC-000146,False,60.7,144,HPCL,HP000144,PRESSURE RELIEF VALVE Pressure Rating:600 PSI
235,BPCL,BP000235,Bearings,BEARING,SPHERICAL,"BEARING-SPHERICAL Inside Diameter:1""",EACH,"{'Inside Diameter': '1""', 'Outside Diameter': '2""', 'Width': '12mm', 'Load Rating': '100HP', 'Seal Type': 'STD'}","Inside Diameter: 1"" | Outside Diameter: 2"" | Width: 12mm | Load Rating: 100HP | Seal Type: STD",31170062,235,CNMC-000235,False,69.5,237,BHEL,BH000237,"SPHERICAL BEARING Outside Diameter:2"""
221,BHEL,BH000221,Bearings,BEARING,TAPERED ROLLER,"TAPERED ROLLER BEARING Inside Diameter:1/2""",NOS,"{'Inside Diameter': '1/2""', 'Outside Diameter': '2""', 'Width': '12mm', 'Load Rating': '20HP', 'Seal Type': 'STD'}","Inside Diameter: 1/2"" | Outside Diameter: 2"" | Width: 12mm | Load Rating: 20HP | Seal Type: STD",31170062,221,CNMC-000221,True,100.0,222,NTPC,NT000222,"TAPERED ROLLER BEARING Inside Diameter:1/2"""
707,GAIL,GA000707,Instruments,TEMPERATURE TRANSMITTER,ELECTRONIC,ELECTRONIC TEMPERATURE TRANSMITTER Output Signal:HEAVY,NOS,"{'Range': '0-25 BAR', 'Accuracy': 'NORMAL', 'Output Signal': 'HEAVY', 'Process Connection': 'STD', 'Housing Material': 'STAINLESS STEEL 316'}",Range: 0-25 BAR | Accuracy: NORMAL | Output Signal: HEAVY | Process Connection: STD | Housing Material: STAINLESS STEEL 316,41000059,707,CNMC-000707,False,65.3,705,SAIL,SA000705,ELECTRONIC TEMPERATURE TRANSMITTER Housing Material:STAINLESS STEEL 316
596,CPCL,CP000596,Gaskets & Seals,PACKING,GRAPHITE,"PACKING, GRAPHITE Thickness:8mm",NOS,"{'Inner Diameter': '4""', 'Outer Diameter': '3/4""', 'Thickness': '8mm', 'Material': 'ALLOY STEEL', 'Pressure Rating': '600 PSI'}","Inner Diameter: 4"" | Outer Diameter: 3/4"" | Thickness: 8mm | Material: ALLOY STEEL | Pressure Rating: 600 PSI",31180089,594,CNMC-000594,True,83.6,594,ONGC,ON000594,GRAPHITE TYPE PACKING Thickness:8mm
133,BHEL,BH000133,Valves,VALVE,GATE,VALVE-GATE Temperature Rating:5HP,EACH,"{'Size': '10""', 'Pressure Rating': '600 PSI', 'Body Material': 'ALLOY STEEL', 'End Connection': 'HEAVY', 'Temperature Rating': '5HP'}","Size: 10"" | Pressure Rating: 600 PSI | Body Material: ALLOY STEEL | End Connection: HEAVY | Temperature Rating: 5HP",40140061,133,CNMC-000133,False,62.0,135,BPCL,BP000135,VALVE (GATE) Pressure Rating:600 PSI
465,SAIL,SA000465,Pumps,PUMP,SUBMERSIBLE,PUMP SUBMERSIBLE TYPE Impeller Material:BRONZE,NOS,"{'Flow Rate': '25 M3/H', 'Head': 'HIGH', 'Power': '10KW', 'Speed': 'LIGHT', 'Impeller Material': 'BRONZE'}",Flow Rate: 25 M3/H | Head: HIGH | Power: 10KW | Speed: LIGHT | Impeller Material: BRONZE,40150077,465,CNMC-000465,True,89.8,466,CPCL,CP000466,PUMP (SUBMERSIBLE) Impeller Material:BRONZE
680,CPCL,CP000680,Instruments,LEVEL SWITCH,ELECTRONIC,LEVEL SWITCH-ELECTRONIC Output Signal:STD,EACH,"{'Range': '0-16 BAR', 'Accuracy': 'HIGH', 'Output Signal': 'STD', 'Process Connection': 'HEAVY', 'Housing Material': 'STAINLESS STEEL 316'}",Range: 0-16 BAR | Accuracy: HIGH | Output Signal: STD | Process Connection: HEAVY | Housing Material: STAINLESS STEEL 316,41000004,677,CNMC-000677,True,100.0,677,BHEL,BH000677,LEVEL SWITCH-ELECTRONIC Output Signal:STD
186,NTPC,NT000186,Valves,VALVE,BUTTERFLY,VALVE-BUTTERFLY Temperature Rating:100HP,NOS,"{'Size': '2""', 'Pressure Rating': '300 PSI', 'Body Material': 'CARBON STEEL', 'End Connection': 'LIGHT', 'Temperature Rating': '100HP'}","Size: 2"" | Pressure Rating: 300 PSI | Body Material: CARBON STEEL | End Connection: LIGHT | Temperature Rating: 100HP",40140061,186,CNMC-000186,False,61.6,185,SAIL,SA000185,VALVE (BUTTERFLY) End Connection:LIGHT
42,HPCL,HP000042,Pipes & Tubes,TUBE,STAINLESS STEEL,TUBE (STAINLESS STEEL) Wall Thickness:3mm,METER,"{'Diameter': '12""', 'Wall Thickness': '3mm', 'Length': '10FT', 'Material Grade': 'STAINLESS STEEL 304', 'End Type': 'STD'}","Diameter: 12"" | Wall Thickness: 3mm | Length: 10FT | Material Grade: STAINLESS STEEL 304 | End Type: STD",27100037,42,CNMC-000042,True,84.2,44,NTPC,NT000044,TUBE STAINLESS STEL TYPE Wall Thickness:3mm
553,HPCL,HP000553,Electrical,MOTOR,LV,"MOTOR, LV Insulation Type:HIGH",EACH,"{'Voltage': '3.3KV', 'Current Rating': '50HP', 'Power Rating': '15HP', 'Conductor Material': 'STAINLESS STEEL 304', 'Insulation Type': 'HIGH'}",Voltage: 3.3KV | Current Rating: 50HP | Power Rating: 15HP | Conductor Material: STAINLESS STEEL 304 | Insulation Type: HIGH,26000034,553,CNMC-000553,True,88.8,554,CPCL,CP000554,MOTOR LV TYPE Insulation Type:HIGH
109,CCL,CC000109,Valves,VALVE,BALL,"VALVE, BALL Temperature Rating:5HP",NOSS,"{'Size': '12""', 'Pressure Rating': '300 PSI', 'Body Material': 'STAINLESS STEEL 316', 'End Connection': 'HEAVY', 'Temperature Rating': '5HP'}","Size: 12"" | Pressure Rating: 300 PSI | Body Material: STAINLESS STEEL 316 | End Connection: HEAVY | Temperature Rating: 5HP",40140061,105,CNMC-000105,True,100.0,105,IOCL,IO000105,VALVE-BALL Temperature Rating:5HP
429,CCL,CC000429,Pumps,PUMP,POSITIVE DISPLACEMENT,"PUMP, POSITIVE DISPLACEMENT Speed:STD",NOS,"{'Flow Rate': '50 M3/H', 'Head': 'NORMAL', 'Power': '100HP', 'Speed': 'STD', 'Impeller Material': 'CARBON STEEL'}",Flow Rate: 50 M3/H | Head: NORMAL | Power: 100HP | Speed: STD | Impeller Material: CARBON STEEL,40150077,429,CNMC-000429,False,76.0,446,ONGC,ON000446,"PUMP, POSITIVE DISPLACEMENT Speed:STD"
57,NTPC,NT000057,Pipes & Tubes,PIPE,STAINLESS STEEL,"PIPE, STAINLESS STEEL Diameter:10""",FOOT,"{'Diameter': '10""', 'Wall Thickness': '15mm', 'Length': '20FT', 'Material Grade': 'CARBON STEEL', 'End Type': 'STD'}","Diameter: 10"" | Wall Thickness: 15mm | Length: 20FT | Material Grade: CARBON STEEL | End Type: STD",27100067,57,CNMC-000057,True,85.4,60,SAIL,SA000060,"stainless steel type pipe diameter:10"""
328,ONGC,ON000328,Fasteners,NUT,LOCK,"nut, lock finish:high",NOS,"{'Diameter': '10""', 'Length': '6M', 'Thread Pitch': 'NORMAL', 'Material Grade': 'STAINLESS STEEL 316', 'Finish': 'HIGH'}","Diameter: 10"" | Length: 6M | Thread Pitch: NORMAL | Material Grade: STAINLESS STEEL 316 | Finish: HIGH",31160062,328,CNMC-000328,True,100.0,332,IOCL,IO000332,NUT-LOCK Finish:HIGH
353,CCL,CC000353,Fasteners,STUD,HEX HEAD,STUD (HEX HEAD) Thread Pitch:NORMAL,NOS,"{'Diameter': '1""', 'Length': '20FT', 'Thread Pitch': 'NORMAL', 'Material Grade': 'BRONZE', 'Finish': 'STD'}","Diameter: 1"" | Length: 20FT | Thread Pitch: NORMAL | Material Grade: BRONZE | Finish: STD",31160032,353,CNMC-000353,False,63.4,349,ONGC,ON000349,STUD (HEX HEAD) Length:20FT
507,BPCL,BP000507,Pumps,PUMP,POSITIVE DISPLACEMENT,PUMP-POSITIVE DISPLACEMENT Flow Rate:50 M3/H,NOS,"{'Flow Rate': '50 M3/H', 'Head': 'LIGHT', 'Power': '50HP', 'Speed': 'NORMAL', 'Impeller Material': 'BRONZE'}",Flow Rate: 50 M3/H | Head: LIGHT | Power: 50HP | Speed: NORMAL | Impeller Material: BRONZE,40150077,506,CNMC-000506,True,90.7,506,ONGC,ON000506,POSITIVE DISPLACEMENT TYPE PUMP Flow Rate:50 M3/H
25,BPCL,BP000025,Pipes & Tubes,TUBE,SEAMLESS,SEAMLESS TYPE TUBE Material Grade:STAINLESS STEEL 304,FOOT,"{'Diameter': '1""', 'Wall Thickness': '2mm', 'Length': '3M', 'Material Grade': 'STAINLESS STEEL 304', 'End Type': 'HEAVY'}","Diameter: 1"" | Wall Thickness: 2mm | Length: 3M | Material Grade: STAINLESS STEEL 304 | End Type: HEAVY",27100037,25,CNMC-000025,True,100.0,28,HPCL,HP000028,seamless type tube material grade:stainless steel 304
361,BPCL,BP000361,Fasteners,STUD,FLANGE,"STUD, FLANGE Finish:HIGH",KG,"{'Diameter': '1/2""', 'Length': '10FT', 'Thread Pitch': 'STD', 'Material Grade': 'ALLOY STEEL', 'Finish': 'HIGH'}","Diameter: 1/2"" | Length: 10FT | Thread Pitch: STD | Material Grade: ALLOY STEEL | Finish: HIGH",31160032,361,CNMC-000361,False,62.9,360,IOCL,IO000360,STUD (FLANGE) Thread Pitch:STD
437,SAIL,SA000437,Pumps,PUMP,GEAR,PUMP GEAR TYPE Impeller Material:STAINLESS STEEL 316,NOS,"{'Flow Rate': '10 M3/H', 'Head': 'HEAVY', 'Power': '5KW', 'Speed': 'HEAVY', 'Impeller Material': 'STAINLESS STEEL 316'}",Flow Rate: 10 M3/H | Head: HEAVY | Power: 5KW | Speed: HEAVY | Impeller Material: STAINLESS STEEL 316,40150077,437,CNMC-000437,True,89.2,438,BHEL,BH000438,PUMP GEAR TYPE Impeller Material:STAINLESS STEL 316
443,BPCL,BP000443,Pumps,PUMP,POSITIVE DISPLACEMENT,POSITIVE DISPLACEMENT TYPE PUMP Power:15HP,EACH,"{'Flow Rate': '200 M3/H', 'Head': 'HIGH', 'Power': '15HP', 'Speed': 'STD', 'Impeller Material': 'CARBON STEEL'}",Flow Rate: 200 M3/H | Head: HIGH | Power: 15HP | Speed: STD | Impeller Material: CARBON STEEL,40150077,442,CNMC-000442,True,85.5,445,CCL,CC000445,PUMP (POSITIVE DISPLACEMENT) Power:15HP
52,CCL,CC000052,Pipes & Tubes,TUBE,WELDED,WELDED TYPE TUBE Length:10FT,METER,"{'Diameter': '3""', 'Wall Thickness': '5mm', 'Length': '10FT', 'Material Grade': 'CAST IRON', 'End Type': 'LIGHT'}","Diameter: 3"" | Wall Thickness: 5mm | Length: 10FT | Material Grade: CAST IRON | End Type: LIGHT",27100037,52,CNMC-000052,False,65.3,51,NTPC,NT000051,TUBE WELDED TYPE End Type:LIGHT
634,CCL,CC000634,Gaskets & Seals,PACKING,SPIRAL WOUND,"PACKING, SPIRAL WOUND Inner Diameter:3""",EACH,"{'Inner Diameter': '3""', 'Outer Diameter': '8""', 'Thickness': '10mm', 'Material': 'STAINLESS STEEL 304', 'Pressure Rating': '2500 PSI'}","Inner Diameter: 3"" | Outer Diameter: 8"" | Thickness: 10mm | Material: STAINLESS STEEL 304 | Pressure Rating: 2500 PSI",31180089,632,CNMC-000632,True,100.0,632,GAIL,GA000632,"PACKING-SPIRAL WOUND Inner Diameter:3"""
825,CCL,CC000825,Electrical,SWITCH,LV,SWITCH LV SPECIAL,METER,{},,26000002,825,CNMC-000825,False,51.8,876,BPCL,BP000876,SWITCH LV HEAVY
742,CPCL,CP000742,Instruments,TEMPERATURE TRANSMITTER,SMART,SMART TYPE TEMPERATURE TRANSMITTER Process Connection:HEAVY,NOS,"{'Range': '0-16 BAR', 'Accuracy': 'STD', 'Output Signal': 'LIGHT', 'Process Connection': 'HEAVY', 'Housing Material': 'CARBON STEEL'}",Range: 0-16 BAR | Accuracy: STD | Output Signal: LIGHT | Process Connection: HEAVY | Housing Material: CARBON STEEL,41000059,742,CNMC-000742,False,66.8,741,NTPC,NT000741,TEMPERATURE TRANSMITTER SMART TYPE Accuracy:STD
265,HPCL,HP000265,Bearings,BEARING,SPHERICAL,"BEARING-SPHERICAL Outside Diameter:8""",EACH,"{'Inside Diameter': '3""', 'Outside Diameter': '8""', 'Width': '12mm', 'Load Rating': '15HP', 'Seal Type': 'LIGHT'}","Inside Diameter: 3"" | Outside Diameter: 8"" | Width: 12mm | Load Rating: 15HP | Seal Type: LIGHT",31170062,265,CNMC-000265,False,64.3,266,BHEL,BH000266,BEARING-SPHERICAL Load Rating:15HP
445,CCL,CC000445,Pumps,PUMP,POSITIVE DISPLACEMENT,PUMP (POSITIVE DISPLACEMENT) Power:15HP,EACH,"{'Flow Rate': '200 M3/H', 'Head': 'HIGH', 'Power': '15HP', 'Speed': 'STD', 'Impeller Material': 'CARBON STEEL'}",Flow Rate: 200 M3/H | Head: HIGH | Power: 15HP | Speed: STD | Impeller Material: CARBON STEEL,40150077,442,CNMC-000442,True,100.0,442,GAIL,GA000442,PUMP (POSITIVE DISPLACEMENT) Power:15HP
619,GAIL,GA000619,Gaskets & Seals,PACKING,PTFE,"PTFE TYPE PACKING Inner Diameter:12""",EACHS,"{'Inner Diameter': '12""', 'Outer Diameter': '10""', 'Thickness': '15mm', 'Material': 'BRONZE', 'Pressure Rating': '1500 PSI'}","Inner Diameter: 12"" | Outer Diameter: 10"" | Thickness: 15mm | Material: BRONZE | Pressure Rating: 1500 PSI",31180089,617,CNMC-000617,True,83.7,617,CPCL,CP000617,"PACKING (PTFE) Inner Diameter:12"""
418,HPCL,HP000418,Pumps,PUMP,MULTISTAGE,PUMP MULTISTAGE TYPE Head:STD,EACHS,"{'Flow Rate': '25 M3/H', 'Head': 'STD', 'Power': '10HP', 'Speed': 'NORMAL', 'Impeller Material': 'STAINLESS STEEL 304'}",Flow Rate: 25 M3/H | Head: STD | Power: 10HP | Speed: NORMAL | Impeller Material: STAINLESS STEEL 304,40150077,417,CNMC-000417,True,84.9,417,BPCL,BP000417,PUMP (MULTISTAGE) Head:STD
358,IOCL,IO000358,Fasteners,STUD,HEX HEAD,"STUD, HEX HEAD Length:6M",KG,"{'Diameter': '1""', 'Length': '6M', 'Thread Pitch': 'STD', 'Material Grade': 'BRONZE', 'Finish': 'LIGHT'}","Diameter: 1"" | Length: 6M | Thread Pitch: STD | Material Grade: BRONZE | Finish: LIGHT",31160032,354,CNMC-000354,True,100.0,354,NTPC,NT000354,STUD-HEX HEAD Length:6M
19,ONGC,ON000019,Pipes & Tubes,TUBING,GALVANIZED,TUBING GALVANIZED TYPE End Type:HEAVY,FOOT,"{'Diameter': '1/2""', 'Wall Thickness': '2mm', 'Length': '10FT', 'Material Grade': 'BRONZE', 'End Type': 'HEAVY'}","Diameter: 1/2"" | Wall Thickness: 2mm | Length: 10FT | Material Grade: BRONZE | End Type: HEAVY",27100056,19,CNMC-000019,False,67.6,64,NTPC,NT000064,GALVANIZED TYPE TUBING End Type:HEAVY
865,BPCL,BP000865,Valves,VALVE,GLOBE,VALVE GLOBE STD,EACH,{},,40140061,774,CNMC-000774,True,80.0,774,ONGC,ON000774,VALVE GLOBE STD
345,NTPC,NT000345,Fasteners,WASHER,LOCK,lock washer thread pitch:light,NOSS,"{'Diameter': '3""', 'Length': '6M', 'Thread Pitch': 'LIGHT', 'Material Grade': 'STAINLESS STEEL 316', 'Finish': 'STD'}","Diameter: 3"" | Length: 6M | Thread Pitch: LIGHT | Material Grade: STAINLESS STEEL 316 | Finish: STD",31160015,345,CNMC-000345,False,59.5,348,GAIL,GA000348,LOCK TYPE WASHER Finish:STD
84,BPCL,BP000084,Pipes & Tubes,PIPE,WELDED,welded pipe material grade:alloy steel,METER,"{'Diameter': '4""', 'Wall Thickness': '8mm', 'Length': '10FT', 'Material Grade': 'ALLOY STEEL', 'End Type': 'STD'}","Diameter: 4"" | Wall Thickness: 8mm | Length: 10FT | Material Grade: ALLOY STEEL | End Type: STD",27100067,84,CNMC-000084,True,91.3,86,IOCL,IO000086,WELDED TYPE PIPE Material Grade:ALLOY STEEL
62,SAIL,SA000062,Pipes & Tubes,TUBING,GALVANIZED,TUBING-GALVANIZED End Type:HEAVY,METER,"{'Diameter': '10""', 'Wall Thickness': '3mm', 'Length': '6M', 'Material Grade': 'BRONZE', 'End Type': 'HEAVY'}","Diameter: 10"" | Wall Thickness: 3mm | Length: 6M | Material Grade: BRONZE | End Type: HEAVY",27100056,62,CNMC-000062,True,85.1,64,NTPC,NT000064,GALVANIZED TYPE TUBING End Type:HEAVY
273,NTPC,NT000273,Bearings,BEARING,SPHERICAL,BEARING (SPHERICAL) Load Rating:50HP,EACH,"{'Inside Diameter': '8""', 'Outside Diameter': '3/4""', 'Width': '2mm', 'Load Rating': '50HP', 'Seal Type': 'STD'}","Inside Diameter: 8"" | Outside Diameter: 3/4"" | Width: 2mm | Load Rating: 50HP | Seal Type: STD",31170062,271,CNMC-000271,True,87.5,271,ONGC,ON000271,SPHERICAL TYPE BEARING Load Rating:50HP
286,GAIL,GA000286,Bearings,BEARING,ROLLER,"BEARING, ROLLER Seal Type:STD",EACH,"{'Inside Diameter': '3""', 'Outside Diameter': '3""', 'Width': '12mm', 'Load Rating': '5HP', 'Seal Type': 'STD'}","Inside Diameter: 3"" | Outside Diameter: 3"" | Width: 12mm | Load Rating: 5HP | Seal Type: STD",31170062,286,CNMC-000286,False,59.4,290,NTPC,NT000290,"bearing (roller) outside diameter:3"""
779,ONGC,ON000779,Bearings,BEARING,TAPERED ROLLER,BEARING TAPERED ROLLER STD,EACH,{},,31170062,779,CNMC-000779,True,80.0,859,IOCL,IO000859,BEARING TAPERED ROLLER STD
524,GAIL,GA000524,Electrical,CABLE,LV,CABLE LV TYPE Voltage:33KV,NOS,"{'Voltage': '33KV', 'Current Rating': '25HP', 'Power Rating': '10KW', 'Conductor Material': 'BRONZE', 'Insulation Type': 'HEAVY'}",Voltage: 33KV | Current Rating: 25HP | Power Rating: 10KW | Conductor Material: BRONZE | Insulation Type: HEAVY,26000075,524,CNMC-000524,True,100.0,525,HPCL,HP000525,CABLE LV TYPE Voltage:33KV
13,BPCL,BP000013,Pipes & Tubes,TUBE,GALVANIZED,GALVANIZED TYPE TUBE Material Grade:STAINLESS STEEL 316,METER,"{'Diameter': '6""', 'Wall Thickness': '15mm', 'Length': '3M', 'Material Grade': 'STAINLESS STEEL 316', 'End Type': 'HIGH'}","Diameter: 6"" | Wall Thickness: 15mm | Length: 3M | Material Grade: STAINLESS STEEL 316 | End Type: HIGH",27100037,13,CNMC-000013,False,66.9,15,BHEL,BH000015,"GALVANIZED TYPE TUBE Diameter:6"""
183,ONGC,ON000183,Valves,VALVE,CHECK,VALVE CHECK TYPE Body Material:CARBON STEEL,EACH,"{'Size': '10""', 'Pressure Rating': '150 PSI', 'Body Material': 'CARBON STEEL', 'End Connection': 'STD', 'Temperature Rating': '15HP'}","Size: 10"" | Pressure Rating: 150 PSI | Body Material: CARBON STEEL | End Connection: STD | Temperature Rating: 15HP",40140061,183,CNMC-000183,False,62.0,181,SAIL,SA000181,VALVE CHECK TYPE Pressure Rating:150 PSI
391,GAIL,GA000391,Fasteners,SCREW,LOCK,lock screw thread pitch:light,NOSS,"{'Diameter': '8""', 'Length': '20FT', 'Thread Pitch': 'LIGHT', 'Material Grade': 'CAST IRON', 'Finish': 'STD'}","Diameter: 8"" | Length: 20FT | Thread Pitch: LIGHT | Material Grade: CAST IRON | Finish: STD",31160062,391,CNMC-000391,False,59.9,392,BHEL,BH000392,"SCREW, LOCK Finish:STD"
558,SAIL,SA000558,Electrical,SWITCH,HV,HV TYPE SWITCH Voltage:11KV,METER,"{'Voltage': '11KV', 'Current Rating': '5HP', 'Power Rating': '5KW', 'Conductor Material': 'ALLOY STEEL', 'Insulation Type': 'HEAVY'}",Voltage: 11KV | Current Rating: 5HP | Power Rating: 5KW | Conductor Material: ALLOY STEEL | Insulation Type: HEAVY,26000002,558,CNMC-000558,False,64.4,559,BPCL,BP000559,SWITCH HV TYPE Insulation Type:HEAVY
224,NTPC,NT000224,Bearings,BEARING,BALL,BALL TYPE BEARING Seal Type:STD,NOS,"{'Inside Diameter': '8""', 'Outside Diameter': '3""', 'Width': '5mm', 'Load Rating': '50KW', 'Seal Type': 'STD'}","Inside Diameter: 8"" | Outside Diameter: 3"" | Width: 5mm | Load Rating: 50KW | Seal Type: STD",31170062,224,CNMC-000224,False,66.3,226,HPCL,HP000226,BEARING BALL TYPE Width:5mm
519,IOCL,IO000519,Electrical,CABLE,CONTROL,cable (control) conductor material:stainless stel 304,NOSS,"{'Voltage': '11KV', 'Current Rating': '5KW', 'Power Rating': '50HP', 'Conductor Material': 'STAINLESS STEEL 304', 'Insulation Type': 'NORMAL'}",Voltage: 11KV | Current Rating: 5KW | Power Rating: 50HP | Conductor Material: STAINLESS STEEL 304 | Insulation Type: NORMAL,26000075,519,CNMC-000519,False,57.9,523,NTPC,NT000523,CABLE (CONTROL) Power Rating:50HP
635,HPCL,HP000635,Gaskets & Seals,SEAL,PTFE,"SEAL, PTFE Material:STNLSS STEL 316",EACH,"{'Inner Diameter': '2""', 'Outer Diameter': '10""', 'Thickness': '2mm', 'Material': 'STAINLESS STEEL 316', 'Pressure Rating': '300 PSI'}","Inner Diameter: 2"" | Outer Diameter: 10"" | Thickness: 2mm | Material: STAINLESS STEEL 316 | Pressure Rating: 300 PSI",31180047,635,CNMC-000635,False,67.3,639,GAIL,GA000639,PTFE TYPE SEAL Material:STAINLESS STEEL 316
399,CCL,CC000399,Fasteners,BOLT,HEX HEAD,HEX HEAD BOLT Finish:STD,KGS,"{'Diameter': '1""', 'Length': '20FT', 'Thread Pitch': 'LIGHT', 'Material Grade': 'BRONZE', 'Finish': 'STD'}","Diameter: 1"" | Length: 20FT | Thread Pitch: LIGHT | Material Grade: BRONZE | Finish: STD",31160064,399,CNMC-000399,False,62.3,396,SAIL,SA000396,"BOLT HEX HEAD TYPE Diameter:1"""
858,IOCL,IO000858,Electrical,CABLE,POWER,CABLE POWER CUSTOM,EACH,{},,26000075,858,CNMC-000858,False,51.5,805,SAIL,SA000805,CABLE POWER STD
529,SAIL,SA000529,Electrical,TRANSFORMER,INSTRUMENTATION,INSTRUMENTATION TRANSFORMER Insulation Type:STD,EACH,"{'Voltage': '230V', 'Current Rating': '5KW', 'Power Rating': '20HP', 'Conductor Material': 'ALLOY STEEL', 'Insulation Type': 'STD'}",Voltage: 230V | Current Rating: 5KW | Power Rating: 20HP | Conductor Material: ALLOY STEEL | Insulation Type: STD,26000051,528,CNMC-000528,True,87.4,532,HPCL,HP000532,transformer-instrumentation insulation type:std
552,HPCL,HP000552,Electrical,SWITCH,CONTROL,SWITCH CONTROL TYPE Voltage:33KV,EACHS,"{'Voltage': '33KV', 'Current Rating': '15HP', 'Power Rating': '50KW', 'Conductor Material': 'STAINLESS STEEL 316', 'Insulation Type': 'HEAVY'}",Voltage: 33KV | Current Rating: 15HP | Power Rating: 50KW | Conductor Material: STAINLESS STEEL 316 | Insulation Type: HEAVY,26000002,548,CNMC-000548,True,100.0,548,CPCL,CP000548,SWITCH CONTROL TYPE Voltage:33KV
177,CCL,CC000177,Valves,VALVE,GLOBE,GLOBE VALVE Pressure Rating:300 PSI,NOSS,"{'Size': '3/4""', 'Pressure Rating': '300 PSI', 'Body Material': 'CARBON STEEL', 'End Connection': 'HEAVY', 'Temperature Rating': '5KW'}","Size: 3/4"" | Pressure Rating: 300 PSI | Body Material: CARBON STEEL | End Connection: HEAVY | Temperature Rating: 5KW",40140061,156,CNMC-000156,True,84.0,159,GAIL,GA000159,GLOBE VALVE Pressure Rating:300 PSI
606,CPCL,CP000606,Gaskets & Seals,GASKET,METAL JACKETED,METAL JACKETED TYPE GASKET Material:CARBON STEEL,EACH,"{'Inner Diameter': '3/4""', 'Outer Diameter': '3/4""', 'Thickness': '15mm', 'Material': 'CARBON STEEL', 'Pressure Rating': '1500 PSI'}","Inner Diameter: 3/4"" | Outer Diameter: 3/4"" | Thickness: 15mm | Material: CARBON STEEL | Pressure Rating: 1500 PSI",31180096,606,CNMC-000606,False,72.1,609,CCL,CC000609,"METAL JACKETED TYPE GASKET Inner Diameter:3/4"""
451,NTPC,NT000451,Pumps,PUMP,MULTISTAGE,PUMP MULTISTAGE TYPE Speed:LIGHT,EACH,"{'Flow Rate': '200 M3/H', 'Head': 'STD', 'Power': '10HP', 'Speed': 'LIGHT', 'Impeller Material': 'STAINLESS STEEL 304'}",Flow Rate: 200 M3/H | Head: STD | Power: 10HP | Speed: LIGHT | Impeller Material: STAINLESS STEEL 304,40150077,451,CNMC-000451,False,66.9,449,CPCL,CP000449,PUMP MULTISTAGE TYPE Flow Rate:200 M3/H
850,IOCL,IO000850,Pumps,PUMP,SUBMERSIBLE,PUMP SUBMERSIBLE STD,EACH,{},,40150077,850,CNMC-000850,False,50.3,879,BPCL,BP000879,PUMP SUBMERSIBLE SPECIAL
164,BHEL,BH000164,Valves,VALVE,GLOBE,VALVE GLOBE TYPE Pressure Rating:600 PSI,EACHS,"{'Size': '1""', 'Pressure Rating': '600 PSI', 'Body Material': 'CAST IRON', 'End Connection': 'HIGH', 'Temperature Rating': '50HP'}","Size: 1"" | Pressure Rating: 600 PSI | Body Material: CAST IRON | End Connection: HIGH | Temperature Rating: 50HP",40140061,162,CNMC-000162,True,90.1,162,ONGC,ON000162,VALVE (GLOBE) Pressure Rating:600 PSI
249,CPCL,CP000249,Bearings,BEARING,ROLLER,ROLLER TYPE BEARING Load Rating:100HP,EACH,"{'Inside Diameter': '3/4""', 'Outside Diameter': '1""', 'Width': '10mm', 'Load Rating': '100HP', 'Seal Type': 'NORMAL'}","Inside Diameter: 3/4"" | Outside Diameter: 1"" | Width: 10mm | Load Rating: 100HP | Seal Type: NORMAL",31170062,249,CNMC-000249,True,87.2,251,HPCL,HP000251,bearing-roller load rating:100hp
576,BPCL,BP000576,Electrical,CABLE,LV,CABLE-LV Current Rating:50HP,EACH,"{'Voltage': '230V', 'Current Rating': '50HP', 'Power Rating': '25HP', 'Conductor Material': 'STAINLESS STEEL 304', 'Insulation Type': 'LIGHT'}",Voltage: 230V | Current Rating: 50HP | Power Rating: 25HP | Conductor Material: STAINLESS STEEL 304 | Insulation Type: LIGHT,26000075,576,CNMC-000576,True,100.0,579,NTPC,NT000579,cable-lv current rating:50hp
795,NTPC,NT000795,Gaskets & Seals,O-RING,METAL JACKETED,O-RING METAL JACKETED SPECIAL,EACH,{},,31180009,795,CNMC-000795,True,80.0,872,BPCL,BP000872,O-RING METAL JACKETED SPECIAL
75,CPCL,CP000075,Pipes & Tubes,TUBING,CARBON STEEL,"CARBON STEEL TYPE TUBING Diameter:3/4""",METER,"{'Diameter': '3/4""', 'Wall Thickness': '10mm', 'Length': '6M', 'Material Grade': 'STAINLESS STEEL 316', 'End Type': 'LIGHT'}","Diameter: 3/4"" | Wall Thickness: 10mm | Length: 6M | Material Grade: STAINLESS STEEL 316 | End Type: LIGHT",27100056,74,CNMC-000074,True,84.1,74,NTPC,NT000074,"CARBON STEEL TUBING Diameter:3/4"""
114,IOCL,IO000114,Valves,VALVE,GATE,gate valve end connection:high,NOS,"{'Size': '4""', 'Pressure Rating': '300 PSI', 'Body Material': 'ALLOY STEEL', 'End Connection': 'HIGH', 'Temperature Rating': '50KW'}","Size: 4"" | Pressure Rating: 300 PSI | Body Material: ALLOY STEEL | End Connection: HIGH | Temperature Rating: 50KW",40140061,114,CNMC-000114,False,53.8,115,CPCL,CP000115,GATE TYPE VALVE Body Material:ALLOY STEEL
627,CPCL,CP000627,Gaskets & Seals,SEAL,GRAPHITE,SEAL (GRAPHITE) Thickness:8mm,EACH,"{'Inner Diameter': '2""', 'Outer Diameter': '2""', 'Thickness': '8mm', 'Material': 'STAINLESS STEEL 316', 'Pressure Rating': '1500 PSI'}","Inner Diameter: 2"" | Outer Diameter: 2"" | Thickness: 8mm | Material: STAINLESS STEEL 316 | Pressure Rating: 1500 PSI",31180047,627,CNMC-000627,True,86.7,629,ONGC,ON000629,seal graphite type thickness:8mm
501,IOCL,IO000501,Pumps,PUMP,SUBMERSIBLE,PUMP-SUBMERSIBLE Impeller Material:STAINLESS STEEL 316,EACH,"{'Flow Rate': '50 M3/H', 'Head': 'HIGH', 'Power': '50HP', 'Speed': 'HEAVY', 'Impeller Material': 'STAINLESS STEEL 316'}",Flow Rate: 50 M3/H | Head: HIGH | Power: 50HP | Speed: HEAVY | Impeller Material: STAINLESS STEEL 316,40150077,499,CNMC-000499,True,100.0,499,HPCL,HP000499,PUMP (SUBMERSIBLE) Impeller Material:STAINLESS STEEL 316
105,IOCL,IO000105,Valves,VALVE,BALL,VALVE-BALL Temperature Rating:5HP,NOS,"{'Size': '12""', 'Pressure Rating': '300 PSI', 'Body Material': 'STAINLESS STEEL 316', 'End Connection': 'HEAVY', 'Temperature Rating': '5HP'}","Size: 12"" | Pressure Rating: 300 PSI | Body Material: STAINLESS STEEL 316 | End Connection: HEAVY | Temperature Rating: 5HP",40140061,105,CNMC-000105,True,100.0,109,CCL,CC000109,"VALVE, BALL Temperature Rating:5HP"
115,CPCL,CP000115,Valves,VALVE,GATE,GATE TYPE VALVE Body Material:ALLOY STEEL,NOS,"{'Size': '4""', 'Pressure Rating': '300 PSI', 'Body Material': 'ALLOY STEEL', 'End Connection': 'HIGH', 'Temperature Rating': '50KW'}","Size: 4"" | Pressure Rating: 300 PSI | Body Material: ALLOY STEEL | End Connection: HIGH | Temperature Rating: 50KW",40140061,115,CNMC-000115,False,64.0,113,HPCL,HP000113,GATE TYPE VALVE Pressure Rating:300 PSI
586,BHEL,BH000586,Electrical,CIRCUIT BREAKER,HV,HV TYPE CIRCUIT BREAKER Power Rating:5KW,NOS,"{'Voltage': '230V', 'Current Rating': '5HP', 'Power Rating': '5KW', 'Conductor Material': 'CAST IRON', 'Insulation Type': 'STD'}",Voltage: 230V | Current Rating: 5HP | Power Rating: 5KW | Conductor Material: CAST IRON | Insulation Type: STD,26000027,586,CNMC-000586,False,71.0,583,GAIL,GA000583,CIRCUIT BREAKER HV TYPE Current Rating:5HP
93,BPCL,BP000093,Valves,VALVE,GLOBE,VALVE (GLOBE) Temperature Rating:20HP,EACH,"{'Size': '1/2""', 'Pressure Rating': '2500 PSI', 'Body Material': 'BRONZE', 'End Connection': 'HIGH', 'Temperature Rating': '20HP'}","Size: 1/2"" | Pressure Rating: 2500 PSI | Body Material: BRONZE | End Connection: HIGH | Temperature Rating: 20HP",40140061,93,CNMC-000093,True,100.0,94,ONGC,ON000094,VALVE-GLOBE Temperature Rating:20HP
508,IOCL,IO000508,Pumps,PUMP,POSITIVE DISPLACEMENT,PUMP POSITIVE DISPLACEMENT TYPE Speed:HEAVY,NOSS,"{'Flow Rate': '100 M3/H', 'Head': 'LIGHT', 'Power': '10KW', 'Speed': 'HEAVY', 'Impeller Material': 'CARBON STEEL'}",Flow Rate: 100 M3/H | Head: LIGHT | Power: 10KW | Speed: HEAVY | Impeller Material: CARBON STEEL,40150077,508,CNMC-000508,False,71.5,510,BPCL,BP000510,PUMP POSITIVE DISPLACEMENT TYPE Flow Rate:100 M3/H
90,BPCL,BP000090,Pipes & Tubes,TUBE,WELDED,TUBE-WELDED Length:3M,FOOTS,"{'Diameter': '2""', 'Wall Thickness': '2mm', 'Length': '3M', 'Material Grade': 'STAINLESS STEEL 304', 'End Type': 'STD'}","Diameter: 2"" | Wall Thickness: 2mm | Length: 3M | Material Grade: STAINLESS STEEL 304 | End Type: STD",27100037,90,CNMC-000090,False,66.7,89,SAIL,SA000089,"TUBE, WELDED Diameter:2"""
337,BHEL,BH000337,Fasteners,BOLT,HEX HEAD,BOLT (HEX HEAD) Material Grade:STAINLESS STEEL 304,KG,"{'Diameter': '3/4""', 'Length': '6M', 'Thread Pitch': 'STD', 'Material Grade': 'STAINLESS STEEL 304', 'Finish': 'HIGH'}","Diameter: 3/4"" | Length: 6M | Thread Pitch: STD | Material Grade: STAINLESS STEEL 304 | Finish: HIGH",31160064,337,CNMC-000337,False,62.9,341,BPCL,BP000341,BOLT (FLANGE) Material Grade:STAINLESS STEEL 304
890,HPCL,HP000890,Fasteners,STUD,SOCKET HEAD,STUD SOCKET HEAD SPECIAL,KG,{},,31160032,890,CNMC-000890,False,63.1,888,HPCL,HP000888,STUD SOCKET HEAD STD
826,CCL,CC000826,Bearings,BEARING,BALL,BEARING BALL SPECIAL,NOS,{},,31170062,826,CNMC-000826,True,80.0,864,IOCL,IO000864,BEARING BALL SPECIAL
837,GAIL,GA000837,Bearings,BEARING,SPHERICAL,BEARING SPHERICAL HEAVY,EACH,{},,31170062,837,CNMC-000837,False,49.3,855,IOCL,IO000855,BEARING SPHERICAL CUSTOM
549,ONGC,ON000549,Electrical,SWITCH,CONTROL,switch-control conductor material:stainless steel 316,EACH,"{'Voltage': '33KV', 'Current Rating': '15HP', 'Power Rating': '50KW', 'Conductor Material': 'STAINLESS STEEL 316', 'Insulation Type': 'HEAVY'}",Voltage: 33KV | Current Rating: 15HP | Power Rating: 50KW | Conductor Material: STAINLESS STEEL 316 | Insulation Type: HEAVY,26000002,549,CNMC-000549,False,57.6,550,GAIL,GA000550,SWITCH-CONTROL Current Rating:15HP
745,IOCL,IO000745,Instruments,PRESSURE GAUGE,ANALOG,ANALOG PRESSURE GAUGE Process Connection:HEAVY,EACH,"{'Range': '0-16 BAR', 'Accuracy': 'STD', 'Output Signal': 'LIGHT', 'Process Connection': 'HEAVY', 'Housing Material': 'CAST IRON'}",Range: 0-16 BAR | Accuracy: STD | Output Signal: LIGHT | Process Connection: HEAVY | Housing Material: CAST IRON,41000061,745,CNMC-000745,False,58.7,746,CCL,CC000746,"PRESSURE GAUGE, ANALOG Range:0-16 BAR"
95,NTPC,NT000095,Valves,VALVE,GLOBE,GLOBE VALVE Body Material:BRONZE,NOS,"{'Size': '1/2""', 'Pressure Rating': '2500 PSI', 'Body Material': 'BRONZE', 'End Connection': 'HIGH', 'Temperature Rating': '20HP'}","Size: 1/2"" | Pressure Rating: 2500 PSI | Body Material: BRONZE | End Connection: HIGH | Temperature Rating: 20HP",40140061,95,CNMC-000095,False,61.8,127,NTPC,NT000127,"VALVE, PRESSURE RELIEF Body Material:BRONZE"
12,NTPC,NT000012,Pipes & Tubes,TUBING,CARBON STEEL,CARBON STEEL TUBING Wall Thickness:5mm,METER,"{'Diameter': '1/2""', 'Wall Thickness': '5mm', 'Length': '3M', 'Material Grade': 'STAINLESS STEEL 304', 'End Type': 'HEAVY'}","Diameter: 1/2"" | Wall Thickness: 5mm | Length: 3M | Material Grade: STAINLESS STEEL 304 | End Type: HEAVY",27100056,12,CNMC-000012,False,60.4,11,BHEL,BH000011,TUBING CARBON STEEL TYPE Length:3M
533,SAIL,SA000533,Electrical,SWITCH,HV,SWITCH-HV Current Rating:50KW,EACH,"{'Voltage': '11KV', 'Current Rating': '50KW', 'Power Rating': '5KW', 'Conductor Material': 'CAST IRON', 'Insulation Type': 'STD'}",Voltage: 11KV | Current Rating: 50KW | Power Rating: 5KW | Conductor Material: CAST IRON | Insulation Type: STD,26000002,533,CNMC-000533,True,100.0,534,HPCL,HP000534,SWITCH (HV) Current Rating:50KW
44,NTPC,NT000044,Pipes & Tubes,TUBE,STAINLESS STEEL,TUBE STAINLESS STEL TYPE Wall Thickness:3mm,FOOT,"{'Diameter': '12""', 'Wall Thickness': '3mm', 'Length': '10FT', 'Material Grade': 'STAINLESS STEEL 304', 'End Type': 'STD'}","Diameter: 12"" | Wall Thickness: 3mm | Length: 10FT | Material Grade: STAINLESS STEEL 304 | End Type: STD",27100037,42,CNMC-000042,True,87.5,45,BPCL,BP000045,STAINLESS STEL TUBE Wall Thickness:3mm
43,CCL,CC000043,Pipes & Tubes,TUBE,STAINLESS STEEL,"TUBE-STAINLESS STEEL Diameter:12""",METER,"{'Diameter': '12""', 'Wall Thickness': '3mm', 'Length': '10FT', 'Material Grade': 'STAINLESS STEEL 304', 'End Type': 'STD'}","Diameter: 12"" | Wall Thickness: 3mm | Length: 10FT | Material Grade: STAINLESS STEEL 304 | End Type: STD",27100037,43,CNMC-000043,False,67.0,42,HPCL,HP000042,TUBE (STAINLESS STEEL) Wall Thickness:3mm
330,CCL,CC000330,Fasteners,NUT,LOCK,"NUT, LOCK Finish:HIGH",KGS,"{'Diameter': '10""', 'Length': '6M', 'Thread Pitch': 'NORMAL', 'Material Grade': 'STAINLESS STEEL 316', 'Finish': 'HIGH'}","Diameter: 10"" | Length: 6M | Thread Pitch: NORMAL | Material Grade: STAINLESS STEEL 316 | Finish: HIGH",31160062,328,CNMC-000328,True,100.0,332,IOCL,IO000332,NUT-LOCK Finish:HIGH
168,IOCL,IO000168,Valves,VALVE,BUTTERFLY,BUTTERFLY TYPE VALVE End Connection:HEAVY,EACH,"{'Size': '8""', 'Pressure Rating': '150 PSI', 'Body Material': 'ALLOY STEEL', 'End Connection': 'HEAVY', 'Temperature Rating': '100HP'}","Size: 8"" | Pressure Rating: 150 PSI | Body Material: ALLOY STEEL | End Connection: HEAVY | Temperature Rating: 100HP",40140061,165,CNMC-000165,True,85.3,165,CCL,CC000165,"VALVE, BUTTERFLY End Connection:HEAVY"
787,NTPC,NT000787,Pumps,PUMP,POSITIVE DISPLACEMENT,PUMP POSITIVE DISPLACEMENT CUSTOM,EACH,{},,40150077,787,CNMC-000787,True,80.0,802,SAIL,SA000802,PUMP POSITIVE DISPLACEMENT CUSTOM
543,ONGC,ON000543,Electrical,MOTOR,CONTROL,CONTROL MOTOR Current Rating:10KW,METER,"{'Voltage': '33KV', 'Current Rating': '10KW', 'Power Rating': '20HP', 'Conductor Material': 'STAINLESS STEEL 304', 'Insulation Type': 'NORMAL'}",Voltage: 33KV | Current Rating: 10KW | Power Rating: 20HP | Conductor Material: STAINLESS STEEL 304 | Insulation Type: NORMAL,26000034,543,CNMC-000543,False,58.6,542,NTPC,NT000542,MOTOR (CONTROL) Voltage:33KV
683,NTPC,NT000683,Instruments,CONTROL VALVE,ANALOG,ANALOG CONTROL VALVE Process Connection:HEAVY,NOS,"{'Range': '0-16 BAR', 'Accuracy': 'STD', 'Output Signal': 'HEAVY', 'Process Connection': 'HEAVY', 'Housing Material': 'CAST IRON'}",Range: 0-16 BAR | Accuracy: STD | Output Signal: HEAVY | Process Connection: HEAVY | Housing Material: CAST IRON,41000013,683,CNMC-000683,True,90.5,685,IOCL,IO000685,"CONTROL VALVE, ANALOG Process Connection:HEAVY"
604,BPCL,BP000604,Gaskets & Seals,GASKET,RUBBER,"gasket-rubber outer diameter:4""",EACH,"{'Inner Diameter': '4""', 'Outer Diameter': '4""', 'Thickness': '12mm', 'Material': 'CAST IRON', 'Pressure Rating': '900 PSI'}","Inner Diameter: 4"" | Outer Diameter: 4"" | Thickness: 12mm | Material: CAST IRON | Pressure Rating: 900 PSI",31180096,602,CNMC-000602,True,100.0,602,BHEL,BH000602,"GASKET-RUBBER Outer Diameter:4"""
179,BPCL,BP000179,Valves,VALVE,CHECK,VALVE-CHECK Temperature Rating:15HP,NOS,"{'Size': '10""', 'Pressure Rating': '150 PSI', 'Body Material': 'CARBON STEEL', 'End Connection': 'STD', 'Temperature Rating': '15HP'}","Size: 10"" | Pressure Rating: 150 PSI | Body Material: CARBON STEEL | End Connection: STD | Temperature Rating: 15HP",40140061,179,CNMC-000179,False,62.3,181,SAIL,SA000181,VALVE CHECK TYPE Pressure Rating:150 PSI
589,BPCL,BP000589,Electrical,MOTOR,HV,MOTOR HV TYPE Current Rating:5HP,EACH,"{'Voltage': '6.6KV', 'Current Rating': '5HP', 'Power Rating': '10HP', 'Conductor Material': 'CAST IRON', 'Insulation Type': 'LIGHT'}",Voltage: 6.6KV | Current Rating: 5HP | Power Rating: 10HP | Conductor Material: CAST IRON | Insulation Type: LIGHT,26000034,589,CNMC-000589,True,88.5,590,CCL,CC000590,MOTOR-HV Current Rating:5HP
796,SAIL,SA000796,Gaskets & Seals,O-RING,SPIRAL WOUND,O-RING SPIRAL WOUND CUSTOM,EACH,{},,31180009,796,CNMC-000796,True,80.0,811,BHEL,BH000811,O-RING SPIRAL WOUND CUSTOM
599,BPCL,BP000599,Gaskets & Seals,GASKET,SPIRAL WOUND,"GASKET (SPIRAL WOUND) Inner Diameter:1""",EACH,"{'Inner Diameter': '1""', 'Outer Diameter': '1""', 'Thickness': '2mm', 'Material': 'ALLOY STEEL', 'Pressure Rating': '900 PSI'}","Inner Diameter: 1"" | Outer Diameter: 1"" | Thickness: 2mm | Material: ALLOY STEEL | Pressure Rating: 900 PSI",31180096,598,CNMC-000598,True,100.0,598,IOCL,IO000598,"GASKET (SPIRAL WOUND) Inner Diameter:1"""
178,HPCL,HP000178,Valves,VALVE,GLOBE,"VALVE GLOBE TYPE Size:3/4""",NOS,"{'Size': '3/4""', 'Pressure Rating': '300 PSI', 'Body Material': 'CARBON STEEL', 'End Connection': 'HEAVY', 'Temperature Rating': '5KW'}","Size: 3/4"" | Pressure Rating: 300 PSI | Body Material: CARBON STEEL | End Connection: HEAVY | Temperature Rating: 5KW",40140061,175,CNMC-000175,True,100.0,175,GAIL,GA000175,"VALVE GLOBE TYPE Size:3/4"""
468,NTPC,NT000468,Pumps,PUMP,SUBMERSIBLE,PUMP-SUBMERSIBLE Power:10KW,NOS,"{'Flow Rate': '25 M3/H', 'Head': 'HIGH', 'Power': '10KW', 'Speed': 'LIGHT', 'Impeller Material': 'BRONZE'}",Flow Rate: 25 M3/H | Head: HIGH | Power: 10KW | Speed: LIGHT | Impeller Material: BRONZE,40150077,468,CNMC-000468,False,61.3,466,CPCL,CP000466,PUMP (SUBMERSIBLE) Impeller Material:BRONZE
614,NTPC,NT000614,Gaskets & Seals,GASKET,SPIRAL WOUND,"GASKET, SPIRAL WOUND Material:STAINLESS STEEL 316",EACH,"{'Inner Diameter': '6""', 'Outer Diameter': '8""', 'Thickness': '10mm', 'Material': 'STAINLESS STEEL 316', 'Pressure Rating': '2500 PSI'}","Inner Diameter: 6"" | Outer Diameter: 8"" | Thickness: 10mm | Material: STAINLESS STEEL 316 | Pressure Rating: 2500 PSI",31180096,614,CNMC-000614,False,63.1,616,CCL,CC000616,"GASKET-SPIRAL WOUND Outer Diameter:8"""
717,CPCL,CP000717,Instruments,PRESSURE GAUGE,DIGITAL,"PRESSURE GAUGE, DIGITAL Accuracy:STD",NOS,"{'Range': '0-100 BAR', 'Accuracy': 'STD', 'Output Signal': 'STD', 'Process Connection': 'LIGHT', 'Housing Material': 'CARBON STEEL'}",Range: 0-100 BAR | Accuracy: STD | Output Signal: STD | Process Connection: LIGHT | Housing Material: CARBON STEEL,41000061,717,CNMC-000717,True,100.0,719,CCL,CC000719,PRESSURE GAUGE-DIGITAL Accuracy:STD
621,BPCL,BP000621,Gaskets & Seals,GASKET,RUBBER,GASKET RUBBER TYPE Thickness:15mm,EACH,"{'Inner Diameter': '12""', 'Outer Diameter': '1/2""', 'Thickness': '15mm', 'Material': 'STAINLESS STEEL 304', 'Pressure Rating': '150 PSI'}","Inner Diameter: 12"" | Outer Diameter: 1/2"" | Thickness: 15mm | Material: STAINLESS STEEL 304 | Pressure Rating: 150 PSI",31180096,621,CNMC-000621,True,89.5,622,BHEL,BH000622,RUBBER TYPE GASKET Thickness:15mm
384,ONGC,ON000384,Fasteners,NUT,HEX HEAD,NUT (HEX HEAD) Finish:STD,KG,"{'Diameter': '10""', 'Length': '3M', 'Thread Pitch': 'LIGHT', 'Material Grade': 'CARBON STEEL', 'Finish': 'STD'}","Diameter: 10"" | Length: 3M | Thread Pitch: LIGHT | Material Grade: CARBON STEEL | Finish: STD",31160062,381,CNMC-000381,True,100.0,381,BPCL,BP000381,NUT (HEX HEAD) Finish:STD
258,NTPC,NT000258,Bearings,BEARING,THRUST,BEARING-THRUST Load Rating:5KW,EACH,"{'Inside Diameter': '1""', 'Outside Diameter': '3/4""', 'Width': '5mm', 'Load Rating': '5KW', 'Seal Type': 'STD'}","Inside Diameter: 1"" | Outside Diameter: 3/4"" | Width: 5mm | Load Rating: 5KW | Seal Type: STD",31170062,258,CNMC-000258,False,63.6,256,ONGC,ON000256,bearing-thrust width:5mm
446,ONGC,ON000446,Pumps,PUMP,POSITIVE DISPLACEMENT,"PUMP, POSITIVE DISPLACEMENT Speed:STD",EACH,"{'Flow Rate': '200 M3/H', 'Head': 'HIGH', 'Power': '15HP', 'Speed': 'STD', 'Impeller Material': 'CARBON STEEL'}",Flow Rate: 200 M3/H | Head: HIGH | Power: 15HP | Speed: STD | Impeller Material: CARBON STEEL,40150077,446,CNMC-000446,False,76.0,429,CCL,CC000429,"PUMP, POSITIVE DISPLACEMENT Speed:STD"
336,IOCL,IO000336,Fasteners,BOLT,HEX HEAD,BOLT (HEX HEAD) Finish:HIGH,NOS,"{'Diameter': '3/4""', 'Length': '6M', 'Thread Pitch': 'STD', 'Material Grade': 'STAINLESS STEEL 304', 'Finish': 'HIGH'}","Diameter: 3/4"" | Length: 6M | Thread Pitch: STD | Material Grade: STAINLESS STEEL 304 | Finish: HIGH",31160064,336,CNMC-000336,False,66.8,338,ONGC,ON000338,BOLT-HEX HEAD Length:6M
723,ONGC,ON000723,Instruments,PRESSURE GAUGE,SMART,SMART TYPE PRESSURE GAUGE Output Signal:HEAVY,EACH,"{'Range': '0-40 BAR', 'Accuracy': 'STD', 'Output Signal': 'HEAVY', 'Process Connection': 'STD', 'Housing Material': 'ALLOY STEEL'}",Range: 0-40 BAR | Accuracy: STD | Output Signal: HEAVY | Process Connection: STD | Housing Material: ALLOY STEEL,41000061,723,CNMC-000723,False,62.9,716,ONGC,ON000716,PRESSURE GAUGE (ANALOG) Output Signal:HEAVY
16,CPCL,CP000016,Pipes & Tubes,TUBE,GALVANIZED,TUBE-GALVANIZED Wall Thickness:15mm,FOOT,"{'Diameter': '6""', 'Wall Thickness': '15mm', 'Length': '3M', 'Material Grade': 'STAINLESS STEEL 316', 'End Type': 'HIGH'}","Diameter: 6"" | Wall Thickness: 15mm | Length: 3M | Material Grade: STAINLESS STEEL 316 | End Type: HIGH",27100037,16,CNMC-000016,False,63.6,17,IOCL,IO000017,"TUBE (GALVANIZED) Diameter:6"""
4,ONGC,ON000004,Pipes & Tubes,PIPE,CARBON STEEL,"CARBON STEL TYPE PIPE Diameter:8""",FOOT,"{'Diameter': '8""', 'Wall Thickness': '10mm', 'Length': '3M', 'Material Grade': 'STAINLESS STEEL 304', 'End Type': 'LIGHT'}","Diameter: 8"" | Wall Thickness: 10mm | Length: 3M | Material Grade: STAINLESS STEEL 304 | End Type: LIGHT",27100067,4,CNMC-000004,False,63.8,3,HPCL,HP000003,PIPE CARBON STEEL TYPE Length:3M
775,ONGC,ON000775,Electrical,CABLE,MV,CABLE MV CUSTOM,EACH,{},,26000075,775,CNMC-000775,False,47.4,858,IOCL,IO000858,CABLE POWER CUSTOM
257,HPCL,HP000257,Bearings,BEARING,THRUST,BEARING THRUST TYPE Seal Type:STD,EACH,"{'Inside Diameter': '1""', 'Outside Diameter': '3/4""', 'Width': '5mm', 'Load Rating': '5KW', 'Seal Type': 'STD'}","Inside Diameter: 1"" | Outside Diameter: 3/4"" | Width: 5mm | Load Rating: 5KW | Seal Type: STD",31170062,255,CNMC-000255,True,91.1,255,BPCL,BP000255,THRUST TYPE BEARING Seal Type:STD
744,GAIL,GA000744,Instruments,PRESSURE GAUGE,ANALOG,PRESSURE GAUGE-ANALOG Output Signal:LIGHT,NOSS,"{'Range': '0-16 BAR', 'Accuracy': 'STD', 'Output Signal': 'LIGHT', 'Process Connection': 'HEAVY', 'Housing Material': 'CAST IRON'}",Range: 0-16 BAR | Accuracy: STD | Output Signal: LIGHT | Process Connection: HEAVY | Housing Material: CAST IRON,41000061,744,CNMC-000744,True,88.1,747,BHEL,BH000747,PRESSURE GAUGE ANALOG TYPE Output Signal:LIGHT
484,CCL,CC000484,Pumps,PUMP,POSITIVE DISPLACEMENT,"pump, positive displacement power:50kw",EACH,"{'Flow Rate': '100 M3/H', 'Head': 'LIGHT', 'Power': '50KW', 'Speed': 'LIGHT', 'Impeller Material': 'CARBON STEEL'}",Flow Rate: 100 M3/H | Head: LIGHT | Power: 50KW | Speed: LIGHT | Impeller Material: CARBON STEEL,40150077,484,CNMC-000484,False,65.3,483,CPCL,CP000483,pump (positive displacement) flow rate:100 m3/h
651,BHEL,BH000651,Gaskets & Seals,PACKING,SPIRAL WOUND,PACKING-SPIRAL WOUND Thickness:2mm,EACH,"{'Inner Diameter': '1""', 'Outer Diameter': '1/2""', 'Thickness': '2mm', 'Material': 'STAINLESS STEEL 304', 'Pressure Rating': '150 PSI'}","Inner Diameter: 1"" | Outer Diameter: 1/2"" | Thickness: 2mm | Material: STAINLESS STEEL 304 | Pressure Rating: 150 PSI",31180089,651,CNMC-000651,False,65.2,652,CPCL,CP000652,"SPIRAL WOUND TYPE PACKING Inner Diameter:1"""
394,BPCL,BP000394,Fasteners,SCREW,LOCK,"SCREW, LOCK Diameter:8""",NOS,"{'Diameter': '8""', 'Length': '20FT', 'Thread Pitch': 'LIGHT', 'Material Grade': 'CAST IRON', 'Finish': 'STD'}","Diameter: 8"" | Length: 20FT | Thread Pitch: LIGHT | Material Grade: CAST IRON | Finish: STD",31160062,394,CNMC-000394,False,68.7,392,BHEL,BH000392,"SCREW, LOCK Finish:STD"
223,CPCL,CP000223,Bearings,BEARING,BALL,BEARING BALL TYPE Load Rating:50KW,NOS,"{'Inside Diameter': '8""', 'Outside Diameter': '3""', 'Width': '5mm', 'Load Rating': '50KW', 'Seal Type': 'STD'}","Inside Diameter: 8"" | Outside Diameter: 3"" | Width: 5mm | Load Rating: 50KW | Seal Type: STD",31170062,223,CNMC-000223,True,88.1,225,SAIL,SA000225,BEARING-BALL Load Rating:50KW
180,CPCL,CP000180,Valves,VALVE,CHECK,"VALVE, CHECK End Connection:STD",EACH,"{'Size': '10""', 'Pressure Rating': '150 PSI', 'Body Material': 'CARBON STEEL', 'End Connection': 'STD', 'Temperature Rating': '15HP'}","Size: 10"" | Pressure Rating: 150 PSI | Body Material: CARBON STEEL | End Connection: STD | Temperature Rating: 15HP",40140061,180,CNMC-000180,True,85.2,182,BHEL,BH000182,CHECK TYPE VALVE End Connection:STD
754,CCL,CC000754,Instruments,TEMPERATURE TRANSMITTER,ANALOG,TEMPERATURE TRANSMITTER-ANALOG Range:0-10 BAR,EACH,"{'Range': '0-10 BAR', 'Accuracy': 'STD', 'Output Signal': 'HEAVY', 'Process Connection': 'HIGH', 'Housing Material': 'CAST IRON'}",Range: 0-10 BAR | Accuracy: STD | Output Signal: HEAVY | Process Connection: HIGH | Housing Material: CAST IRON,41000059,754,CNMC-000754,False,67.0,752,HPCL,HP000752,TEMPERATURE TRANSMITTER (ANALOG) Housing Material:CAST IRON
829,CCL,CC000829,Valves,VALVE,GLOBE,VALVE GLOBE CUSTOM,EACH,{},,40140061,829,CNMC-000829,True,80.0,846,GAIL,GA000846,VALVE GLOBE CUSTOM
325,IOCL,IO000325,Fasteners,NUT,HEX HEAD,HEX HEAD TYPE NUT Thread Pitch:NORMAL,NOS,"{'Diameter': '8""', 'Length': '20FT', 'Thread Pitch': 'NORMAL', 'Material Grade': 'STAINLESS STEEL 304', 'Finish': 'LIGHT'}","Diameter: 8"" | Length: 20FT | Thread Pitch: NORMAL | Material Grade: STAINLESS STEEL 304 | Finish: LIGHT",31160062,322,CNMC-000322,True,86.7,322,NTPC,NT000322,NUT-HEX HEAD Thread Pitch:NORMAL
536,NTPC,NT000536,Electrical,CIRCUIT BREAKER,MV,"CIRCUIT BREAKER, MV Insulation Type:HIGH",EACH,"{'Voltage': '230V', 'Current Rating': '100HP', 'Power Rating': '20HP', 'Conductor Material': 'CAST IRON', 'Insulation Type': 'HIGH'}",Voltage: 230V | Current Rating: 100HP | Power Rating: 20HP | Conductor Material: CAST IRON | Insulation Type: HIGH,26000027,536,CNMC-000536,True,87.9,539,GAIL,GA000539,MV CIRCUIT BREAKER Insulation Type:HIGH
10,CCL,CC000010,Pipes & Tubes,TUBING,CARBON STEEL,TUBING CARBON STEEL TYPE End Type:HEAVY,METER,"{'Diameter': '1/2""', 'Wall Thickness': '5mm', 'Length': '3M', 'Material Grade': 'STAINLESS STEEL 304', 'End Type': 'HEAVY'}","Diameter: 1/2"" | Wall Thickness: 5mm | Length: 3M | Material Grade: STAINLESS STEEL 304 | End Type: HEAVY",27100056,10,CNMC-000010,False,74.9,11,BHEL,BH000011,TUBING CARBON STEEL TYPE Length:3M
250,BHEL,BH000250,Bearings,BEARING,ROLLER,"BEARING, ROLLER Outside Diameter:1""",NOS,"{'Inside Diameter': '3/4""', 'Outside Diameter': '1""', 'Width': '10mm', 'Load Rating': '100HP', 'Seal Type': 'NORMAL'}","Inside Diameter: 3/4"" | Outside Diameter: 1"" | Width: 10mm | Load Rating: 100HP | Seal Type: NORMAL",31170062,250,CNMC-000250,True,100.0,252,GAIL,GA000252,"BEARING (ROLLER) Outside Diameter:1"""
23,SAIL,SA000023,Pipes & Tubes,TUBING,WELDED,"TUBING-WELDED Diameter:8""",FOOT,"{'Diameter': '8""', 'Wall Thickness': '2mm', 'Length': '10FT', 'Material Grade': 'ALLOY STEEL', 'End Type': 'STD'}","Diameter: 8"" | Wall Thickness: 2mm | Length: 10FT | Material Grade: ALLOY STEEL | End Type: STD",27100056,23,CNMC-000023,False,63.1,22,CPCL,CP000022,"tubing, welded material grade:alloy steel"
357,BPCL,BP000357,Fasteners,STUD,HEX HEAD,HEX HEAD STUD Thread Pitch:STD,NOS,"{'Diameter': '1""', 'Length': '6M', 'Thread Pitch': 'STD', 'Material Grade': 'BRONZE', 'Finish': 'LIGHT'}","Diameter: 1"" | Length: 6M | Thread Pitch: STD | Material Grade: BRONZE | Finish: LIGHT",31160032,357,CNMC-000357,False,66.8,355,ONGC,ON000355,"HEX HEAD STUD Diameter:1"""
222,NTPC,NT000222,Bearings,BEARING,TAPERED ROLLER,"TAPERED ROLLER BEARING Inside Diameter:1/2""",EACH,"{'Inside Diameter': '1/2""', 'Outside Diameter': '2""', 'Width': '12mm', 'Load Rating': '20HP', 'Seal Type': 'STD'}","Inside Diameter: 1/2"" | Outside Diameter: 2"" | Width: 12mm | Load Rating: 20HP | Seal Type: STD",31170062,221,CNMC-000221,True,100.0,221,BHEL,BH000221,"TAPERED ROLLER BEARING Inside Diameter:1/2"""
607,IOCL,IO000607,Gaskets & Seals,GASKET,METAL JACKETED,"GASKET (METAL JACKETED) Inner Diameter:3/4""",NOS,"{'Inner Diameter': '3/4""', 'Outer Diameter': '3/4""', 'Thickness': '15mm', 'Material': 'CARBON STEEL', 'Pressure Rating': '1500 PSI'}","Inner Diameter: 3/4"" | Outer Diameter: 3/4"" | Thickness: 15mm | Material: CARBON STEEL | Pressure Rating: 1500 PSI",31180096,607,CNMC-000607,True,84.2,609,CCL,CC000609,"METAL JACKETED TYPE GASKET Inner Diameter:3/4"""
774,ONGC,ON000774,Valves,VALVE,GLOBE,VALVE GLOBE STD,EACH,{},,40140061,774,CNMC-000774,True,80.0,865,BPCL,BP000865,VALVE GLOBE STD
885,HPCL,HP000885,Gaskets & Seals,O-RING,GRAPHITE,O-RING GRAPHITE STD,NOS,{},,31180009,885,CNMC-000885,False,47.4,641,IOCL,IO000641,"O-RING, GRAPHITE Thickness:20mm"
534,HPCL,HP000534,Electrical,SWITCH,HV,SWITCH (HV) Current Rating:50KW,EACH,"{'Voltage': '11KV', 'Current Rating': '50KW', 'Power Rating': '5KW', 'Conductor Material': 'CAST IRON', 'Insulation Type': 'STD'}",Voltage: 11KV | Current Rating: 50KW | Power Rating: 5KW | Conductor Material: CAST IRON | Insulation Type: STD,26000002,533,CNMC-000533,True,100.0,533,SAIL,SA000533,SWITCH-HV Current Rating:50KW
341,BPCL,BP000341,Fasteners,BOLT,FLANGE,BOLT (FLANGE) Material Grade:STAINLESS STEEL 304,KG,"{'Diameter': '3""', 'Length': '20FT', 'Thread Pitch': 'HEAVY', 'Material Grade': 'STAINLESS STEEL 304', 'Finish': 'HIGH'}","Diameter: 3"" | Length: 20FT | Thread Pitch: HEAVY | Material Grade: STAINLESS STEEL 304 | Finish: HIGH",31160064,341,CNMC-000341,False,62.9,337,BHEL,BH000337,BOLT (HEX HEAD) Material Grade:STAINLESS STEEL 304
751,BHEL,BH000751,Instruments,TEMPERATURE TRANSMITTER,ANALOG,ANALOG TEMPERATURE TRANSMITTER Process Connection:HIGH,NOS,"{'Range': '0-10 BAR', 'Accuracy': 'STD', 'Output Signal': 'HEAVY', 'Process Connection': 'HIGH', 'Housing Material': 'CAST IRON'}",Range: 0-10 BAR | Accuracy: STD | Output Signal: HEAVY | Process Connection: HIGH | Housing Material: CAST IRON,41000059,751,CNMC-000751,False,62.5,752,HPCL,HP000752,TEMPERATURE TRANSMITTER (ANALOG) Housing Material:CAST IRON
531,BHEL,BH000531,Electrical,TRANSFORMER,INSTRUMENTATION,TRANSFORMER (INSTRUMENTATION) Power Rating:20HP,EACHS,"{'Voltage': '230V', 'Current Rating': '5KW', 'Power Rating': '20HP', 'Conductor Material': 'ALLOY STEEL', 'Insulation Type': 'STD'}",Voltage: 230V | Current Rating: 5KW | Power Rating: 20HP | Conductor Material: ALLOY STEEL | Insulation Type: STD,26000051,530,CNMC-000530,True,88.8,530,CPCL,CP000530,TRANSFORMER INSTRUMENTATION TYPE Power Rating:20HP
204,GAIL,GA000204,Valves,VALVE,BALL,"VALVE BALL TYPE Size:4""",EACHS,"{'Size': '4""', 'Pressure Rating': '900 PSI', 'Body Material': 'CAST IRON', 'End Connection': 'NORMAL', 'Temperature Rating': '50KW'}","Size: 4"" | Pressure Rating: 900 PSI | Body Material: CAST IRON | End Connection: NORMAL | Temperature Rating: 50KW",40140061,204,CNMC-000204,False,78.4,203,SAIL,SA000203,"VALVE (BALL) Size:4"""
238,IOCL,IO000238,Bearings,BEARING,SPHERICAL,"BEARING, SPHERICAL Width:12mm",EACH,"{'Inside Diameter': '1""', 'Outside Diameter': '2""', 'Width': '12mm', 'Load Rating': '100HP', 'Seal Type': 'STD'}","Inside Diameter: 1"" | Outside Diameter: 2"" | Width: 12mm | Load Rating: 100HP | Seal Type: STD",31170062,238,CNMC-000238,False,68.0,268,NTPC,NT000268,"BEARING, SPHERICAL Width:12mm"
94,ONGC,ON000094,Valves,VALVE,GLOBE,VALVE-GLOBE Temperature Rating:20HP,EACH,"{'Size': '1/2""', 'Pressure Rating': '2500 PSI', 'Body Material': 'BRONZE', 'End Connection': 'HIGH', 'Temperature Rating': '20HP'}","Size: 1/2"" | Pressure Rating: 2500 PSI | Body Material: BRONZE | End Connection: HIGH | Temperature Rating: 20HP",40140061,93,CNMC-000093,True,100.0,93,BPCL,BP000093,VALVE (GLOBE) Temperature Rating:20HP
495,SAIL,SA000495,Pumps,PUMP,MULTISTAGE,PUMP MULTISTAGE TYPE Speed:HIGH,NOSS,"{'Flow Rate': '100 M3/H', 'Head': 'HIGH', 'Power': '100HP', 'Speed': 'HIGH', 'Impeller Material': 'STAINLESS STEEL 304'}",Flow Rate: 100 M3/H | Head: HIGH | Power: 100HP | Speed: HIGH | Impeller Material: STAINLESS STEEL 304,40150077,492,CNMC-000492,True,100.0,492,CPCL,CP000492,PUMP MULTISTAGE TYPE Speed:HIGH
449,CPCL,CP000449,Pumps,PUMP,MULTISTAGE,PUMP MULTISTAGE TYPE Flow Rate:200 M3/H,EACH,"{'Flow Rate': '200 M3/H', 'Head': 'STD', 'Power': '10HP', 'Speed': 'LIGHT', 'Impeller Material': 'STAINLESS STEEL 304'}",Flow Rate: 200 M3/H | Head: STD | Power: 10HP | Speed: LIGHT | Impeller Material: STAINLESS STEEL 304,40150077,414,CNMC-000414,True,84.0,414,HPCL,HP000414,PUMP MULTISTAGE TYPE Flow Rate:200 M3/H
834,GAIL,GA000834,Instruments,FLOW METER,ELECTRONIC,FLOW METER ELECTRONIC HEAVY,EACH,{},,41000046,834,CNMC-000834,False,48.0,671,HPCL,HP000671,FLOW METER-ELECTRONIC Range:0-16 BAR
285,CCL,CC000285,Bearings,BEARING,ROLLER,"BEARING ROLLER TYPE Outside Diameter:8""",NOSS,"{'Inside Diameter': '3""', 'Outside Diameter': '8""', 'Width': '2mm', 'Load Rating': '100HP', 'Seal Type': 'HIGH'}","Inside Diameter: 3"" | Outside Diameter: 8"" | Width: 2mm | Load Rating: 100HP | Seal Type: HIGH",31170062,281,CNMC-000281,True,83.2,281,NTPC,NT000281,"BEARING (ROLLER) Outside Diameter:8"""
185,SAIL,SA000185,Valves,VALVE,BUTTERFLY,VALVE (BUTTERFLY) End Connection:LIGHT,EACH,"{'Size': '2""', 'Pressure Rating': '300 PSI', 'Body Material': 'CARBON STEEL', 'End Connection': 'LIGHT', 'Temperature Rating': '100HP'}","Size: 2"" | Pressure Rating: 300 PSI | Body Material: CARBON STEEL | End Connection: LIGHT | Temperature Rating: 100HP",40140061,185,CNMC-000185,True,100.0,189,ONGC,ON000189,VALVE-BUTTERFLY End Connection:LIGHT
758,CPCL,CP000758,Pipes & Tubes,TUBING,GALVANIZED,TUBING GALVANIZED HEAVY,FOOT,{},,27100056,758,CNMC-000758,False,55.2,62,SAIL,SA000062,TUBING-GALVANIZED End Type:HEAVY
435,GAIL,GA000435,Pumps,PUMP,CENTRIFUGAL,CENTRIFUGAL PUMP Head:LIGHT,EACH,"{'Flow Rate': '200 M3/H', 'Head': 'LIGHT', 'Power': '50HP', 'Speed': 'NORMAL', 'Impeller Material': 'CAST IRON'}",Flow Rate: 200 M3/H | Head: LIGHT | Power: 50HP | Speed: NORMAL | Impeller Material: CAST IRON,40150077,435,CNMC-000435,False,60.1,433,SAIL,SA000433,"PUMP, CENTRIFUGAL Power:50HP"
540,CCL,CC000540,Electrical,CIRCUIT BREAKER,MV,MV CIRCUIT BREAKER Power Rating:20HP,NOS,"{'Voltage': '230V', 'Current Rating': '100HP', 'Power Rating': '20HP', 'Conductor Material': 'CAST IRON', 'Insulation Type': 'HIGH'}",Voltage: 230V | Current Rating: 100HP | Power Rating: 20HP | Conductor Material: CAST IRON | Insulation Type: HIGH,26000027,540,CNMC-000540,False,62.7,539,GAIL,GA000539,MV CIRCUIT BREAKER Insulation Type:HIGH
154,CPCL,CP000154,Valves,VALVE,BUTTERFLY,BUTTERFLY TYPE VALVE End Connection:LIGHT,EACH,"{'Size': '3/4""', 'Pressure Rating': '2500 PSI', 'Body Material': 'STAINLESS STEEL 304', 'End Connection': 'LIGHT', 'Temperature Rating': '10KW'}","Size: 3/4"" | Pressure Rating: 2500 PSI | Body Material: STAINLESS STEEL 304 | End Connection: LIGHT | Temperature Rating: 10KW",40140061,154,CNMC-000154,False,68.0,188,CCL,CC000188,BUTTERFLY TYPE VALVE End Connection:LIGHT
76,SAIL,SA000076,Pipes & Tubes,TUBING,WELDED,WELDED TUBING Length:20FT,FOOTS,"{'Diameter': '6""', 'Wall Thickness': '12mm', 'Length': '20FT', 'Material Grade': 'STAINLESS STEEL 304', 'End Type': 'HIGH'}","Diameter: 6"" | Wall Thickness: 12mm | Length: 20FT | Material Grade: STAINLESS STEEL 304 | End Type: HIGH",27100056,76,CNMC-000076,False,70.2,79,BHEL,BH000079,"WELDED TUBING Diameter:6"""
663,IOCL,IO000663,Instruments,TEMPERATURE TRANSMITTER,SMART,SMART TEMPERATURE TRANSMITTER Accuracy:LIGHT,EACH,"{'Range': '0-40 BAR', 'Accuracy': 'LIGHT', 'Output Signal': 'HEAVY', 'Process Connection': 'LIGHT', 'Housing Material': 'CARBON STEEL'}",Range: 0-40 BAR | Accuracy: LIGHT | Output Signal: HEAVY | Process Connection: LIGHT | Housing Material: CARBON STEEL,41000059,663,CNMC-000663,False,62.3,666,CCL,CC000666,TEMPERATURE TRANSMITTER-SMART Range:0-40 BAR
718,HPCL,HP000718,Instruments,PRESSURE GAUGE,DIGITAL,PRESSURE GAUGE-DIGITAL Housing Material:CARBON STEEL,EACH,"{'Range': '0-100 BAR', 'Accuracy': 'STD', 'Output Signal': 'STD', 'Process Connection': 'LIGHT', 'Housing Material': 'CARBON STEEL'}",Range: 0-100 BAR | Accuracy: STD | Output Signal: STD | Process Connection: LIGHT | Housing Material: CARBON STEEL,41000061,718,CNMC-000718,False,63.9,719,CCL,CC000719,PRESSURE GAUGE-DIGITAL Accuracy:STD
278,NTPC,NT000278,Bearings,BEARING,ROLLER,roller type bearing width:3mm,EACH,"{'Inside Diameter': '1/2""', 'Outside Diameter': '4""', 'Width': '3mm', 'Load Rating': '5KW', 'Seal Type': 'LIGHT'}","Inside Diameter: 1/2"" | Outside Diameter: 4"" | Width: 3mm | Load Rating: 5KW | Seal Type: LIGHT",31170062,277,CNMC-000277,True,89.7,277,ONGC,ON000277,ROLLER BEARING Width:3mm
69,IOCL,IO000069,Pipes & Tubes,TUBE,WELDED,"TUBE, WELDED Diameter:4""",METER,"{'Diameter': '4""', 'Wall Thickness': '12mm', 'Length': '10FT', 'Material Grade': 'STAINLESS STEEL 316', 'End Type': 'HEAVY'}","Diameter: 4"" | Wall Thickness: 12mm | Length: 10FT | Material Grade: STAINLESS STEEL 316 | End Type: HEAVY",27100037,69,CNMC-000069,False,65.4,72,BPCL,BP000072,"TUBE, WELDED Length:10FT"
447,HPCL,HP000447,Pumps,PUMP,MULTISTAGE,MULTISTAGE PUMP Power:10HP,NOS,"{'Flow Rate': '200 M3/H', 'Head': 'STD', 'Power': '10HP', 'Speed': 'LIGHT', 'Impeller Material': 'STAINLESS STEEL 304'}",Flow Rate: 200 M3/H | Head: STD | Power: 10HP | Speed: LIGHT | Impeller Material: STAINLESS STEEL 304,40150077,420,CNMC-000420,True,87.1,452,IOCL,IO000452,"PUMP, MULTISTAGE Power:10HP"
570,BHEL,BH000570,Electrical,CIRCUIT BREAKER,INSTRUMENTATION,CIRCUIT BREAKER INSTRUMENTATION TYPE Voltage:11KV,NOS,"{'Voltage': '11KV', 'Current Rating': '50KW', 'Power Rating': '5HP', 'Conductor Material': 'STAINLESS STEEL 304', 'Insulation Type': 'LIGHT'}",Voltage: 11KV | Current Rating: 50KW | Power Rating: 5HP | Conductor Material: STAINLESS STEEL 304 | Insulation Type: LIGHT,26000027,568,CNMC-000568,True,84.2,568,GAIL,GA000568,INSTRUMENTATION CIRCUIT BREAKER Voltage:11KV
189,ONGC,ON000189,Valves,VALVE,BUTTERFLY,VALVE-BUTTERFLY End Connection:LIGHT,NOS,"{'Size': '2""', 'Pressure Rating': '300 PSI', 'Body Material': 'CARBON STEEL', 'End Connection': 'LIGHT', 'Temperature Rating': '100HP'}","Size: 2"" | Pressure Rating: 300 PSI | Body Material: CARBON STEEL | End Connection: LIGHT | Temperature Rating: 100HP",40140061,185,CNMC-000185,True,100.0,185,SAIL,SA000185,VALVE (BUTTERFLY) End Connection:LIGHT
272,BHEL,BH000272,Bearings,BEARING,SPHERICAL,SPHERICAL TYPE BEARING Seal Type:STD,EACH,"{'Inside Diameter': '8""', 'Outside Diameter': '3/4""', 'Width': '2mm', 'Load Rating': '50HP', 'Seal Type': 'STD'}","Inside Diameter: 8"" | Outside Diameter: 3/4"" | Width: 2mm | Load Rating: 50HP | Seal Type: STD",31170062,269,CNMC-000269,True,100.0,269,BPCL,BP000269,SPHERICAL TYPE BEARING Seal Type:STD
669,IOCL,IO000669,Instruments,FLOW METER,ELECTRONIC,flow meter electronic type range:0-16 bar,EACH,"{'Range': '0-16 BAR', 'Accuracy': 'LIGHT', 'Output Signal': 'HEAVY', 'Process Connection': 'HEAVY', 'Housing Material': 'BRONZE'}",Range: 0-16 BAR | Accuracy: LIGHT | Output Signal: HEAVY | Process Connection: HEAVY | Housing Material: BRONZE,41000046,669,CNMC-000669,True,91.1,670,SAIL,SA000670,ELECTRONIC TYPE FLOW METER Range:0-16 BAR
864,IOCL,IO000864,Bearings,BEARING,BALL,BEARING BALL SPECIAL,NOS,{},,31170062,826,CNMC-000826,True,80.0,826,CCL,CC000826,BEARING BALL SPECIAL
237,BHEL,BH000237,Bearings,BEARING,SPHERICAL,"SPHERICAL BEARING Outside Diameter:2""",EACH,"{'Inside Diameter': '1""', 'Outside Diameter': '2""', 'Width': '12mm', 'Load Rating': '100HP', 'Seal Type': 'STD'}","Inside Diameter: 1"" | Outside Diameter: 2"" | Width: 12mm | Load Rating: 100HP | Seal Type: STD",31170062,237,CNMC-000237,False,69.5,235,BPCL,BP000235,"BEARING-SPHERICAL Inside Diameter:1"""
89,SAIL,SA000089,Pipes & Tubes,TUBE,WELDED,"TUBE, WELDED Diameter:2""",METER,"{'Diameter': '2""', 'Wall Thickness': '2mm', 'Length': '3M', 'Material Grade': 'STAINLESS STEEL 304', 'End Type': 'STD'}","Diameter: 2"" | Wall Thickness: 2mm | Length: 3M | Material Grade: STAINLESS STEEL 304 | End Type: STD",27100037,89,CNMC-000089,False,73.7,91,CPCL,CP000091,"WELDED TYPE TUBE Diameter:2"""
765,CPCL,CP000765,Fasteners,SCREW,SOCKET HEAD,SCREW SOCKET HEAD HEAVY,KG,{},,31160062,765,CNMC-000765,False,64.3,403,HPCL,HP000403,SCREW-SOCKET HEAD Finish:HEAVY
118,NTPC,NT000118,Valves,VALVE,CHECK,VALVE (CHECK) End Connection:NORMAL,NOSS,"{'Size': '2""', 'Pressure Rating': '600 PSI', 'Body Material': 'STAINLESS STEEL 316', 'End Connection': 'NORMAL', 'Temperature Rating': '5HP'}","Size: 2"" | Pressure Rating: 600 PSI | Body Material: STAINLESS STEEL 316 | End Connection: NORMAL | Temperature Rating: 5HP",40140061,118,CNMC-000118,False,61.8,119,SAIL,SA000119,"VALVE-CHECK Size:2"""
126,BHEL,BH000126,Valves,VALVE,GATE,gate type valve temperature rating:50kw,EACH,"{'Size': '12""', 'Pressure Rating': '150 PSI', 'Body Material': 'CAST IRON', 'End Connection': 'HEAVY', 'Temperature Rating': '50KW'}","Size: 12"" | Pressure Rating: 150 PSI | Body Material: CAST IRON | End Connection: HEAVY | Temperature Rating: 50KW",40140061,126,CNMC-000126,False,67.9,121,SAIL,SA000121,"GATE TYPE VALVE Size:12"""
756,CPCL,CP000756,Valves,VALVE,CHECK,VALVE CHECK SPECIAL,EACH,{},,40140061,756,CNMC-000756,True,80.0,761,CPCL,CP000761,VALVE CHECK SPECIAL
290,NTPC,NT000290,Bearings,BEARING,ROLLER,"bearing (roller) outside diameter:3""",EACH,"{'Inside Diameter': '3""', 'Outside Diameter': '3""', 'Width': '12mm', 'Load Rating': '5HP', 'Seal Type': 'STD'}","Inside Diameter: 3"" | Outside Diameter: 3"" | Width: 12mm | Load Rating: 5HP | Seal Type: STD",31170062,290,CNMC-000290,False,74.6,288,HPCL,HP000288,"BEARING-ROLLER Inside Diameter:3"""
239,NTPC,NT000239,Bearings,BEARING,SPHERICAL,SPHERICAL TYPE BEARING Seal Type:STD,EACH,"{'Inside Diameter': '1""', 'Outside Diameter': '2""', 'Width': '12mm', 'Load Rating': '100HP', 'Seal Type': 'STD'}","Inside Diameter: 1"" | Outside Diameter: 2"" | Width: 12mm | Load Rating: 100HP | Seal Type: STD",31170062,239,CNMC-000239,False,68.0,272,BHEL,BH000272,SPHERICAL TYPE BEARING Seal Type:STD
1,CPCL,CP000001,Pipes & Tubes,PIPE,CARBON STEEL,CARBON STEEL PIPE Material Grade:STAINLESS STEEL 304,FOOTS,"{'Diameter': '8""', 'Wall Thickness': '10mm', 'Length': '3M', 'Material Grade': 'STAINLESS STEEL 304', 'End Type': 'LIGHT'}","Diameter: 8"" | Wall Thickness: 10mm | Length: 3M | Material Grade: STAINLESS STEEL 304 | End Type: LIGHT",27100067,1,CNMC-000001,False,64.4,5,BPCL,BP000005,CARBON STEEL PIPE End Type:LIGHT
892,HPCL,HP000892,Instruments,LEVEL SWITCH,SMART,LEVEL SWITCH SMART SPECIAL,EACH,{},,41000004,892,CNMC-000892,False,59.1,866,BPCL,BP000866,LEVEL SWITCH SMART STD
478,IOCL,IO000478,Pumps,PUMP,SUBMERSIBLE,SUBMERSIBLE TYPE PUMP Impeller Material:STAINLESS STEEL 304,EACH,"{'Flow Rate': '25 M3/H', 'Head': 'LIGHT', 'Power': '25HP', 'Speed': 'LIGHT', 'Impeller Material': 'STAINLESS STEEL 304'}",Flow Rate: 25 M3/H | Head: LIGHT | Power: 25HP | Speed: LIGHT | Impeller Material: STAINLESS STEEL 304,40150077,478,CNMC-000478,True,92.2,479,ONGC,ON000479,SUBMERSIBLE PUMP Impeller Material:STAINLESS STEEL 304
784,NTPC,NT000784,Bearings,BEARING,ROLLER,BEARING ROLLER STD,NOS,{},,31170062,784,CNMC-000784,True,80.0,810,BHEL,BH000810,BEARING ROLLER STD
396,SAIL,SA000396,Fasteners,BOLT,HEX HEAD,"BOLT HEX HEAD TYPE Diameter:1""",KGS,"{'Diameter': '1""', 'Length': '20FT', 'Thread Pitch': 'LIGHT', 'Material Grade': 'BRONZE', 'Finish': 'STD'}","Diameter: 1"" | Length: 20FT | Thread Pitch: LIGHT | Material Grade: BRONZE | Finish: STD",31160064,396,CNMC-000396,False,69.2,397,IOCL,IO000397,BOLT HEX HEAD TYPE Material Grade:BRONZE
537,SAIL,SA000537,Electrical,CIRCUIT BREAKER,MV,CIRCUIT BREAKER-MV Voltage:230V,METERS,"{'Voltage': '230V', 'Current Rating': '100HP', 'Power Rating': '20HP', 'Conductor Material': 'CAST IRON', 'Insulation Type': 'HIGH'}",Voltage: 230V | Current Rating: 100HP | Power Rating: 20HP | Conductor Material: CAST IRON | Insulation Type: HIGH,26000027,537,CNMC-000537,True,100.0,538,BHEL,BH000538,CIRCUIT BREAKER-MV Voltage:230V
127,NTPC,NT000127,Valves,VALVE,PRESSURE RELIEF,"VALVE, PRESSURE RELIEF Body Material:BRONZE",EACH,"{'Size': '1/2""', 'Pressure Rating': '1500 PSI', 'Body Material': 'BRONZE', 'End Connection': 'HIGH', 'Temperature Rating': '10KW'}","Size: 1/2"" | Pressure Rating: 1500 PSI | Body Material: BRONZE | End Connection: HIGH | Temperature Rating: 10KW",40140061,127,CNMC-000127,True,100.0,129,BHEL,BH000129,valve (pressure relief) body material:bronze
279,IOCL,IO000279,Bearings,BEARING,ROLLER,BEARING-ROLLER Width:3mm,EACH,"{'Inside Diameter': '1/2""', 'Outside Diameter': '4""', 'Width': '3mm', 'Load Rating': '5KW', 'Seal Type': 'LIGHT'}","Inside Diameter: 1/2"" | Outside Diameter: 4"" | Width: 3mm | Load Rating: 5KW | Seal Type: LIGHT",31170062,277,CNMC-000277,True,87.2,277,ONGC,ON000277,ROLLER BEARING Width:3mm
698,CCL,CC000698,Instruments,PRESSURE GAUGE,SMART,PRESSURE GAUGE SMART TYPE Accuracy:STD,NOSS,"{'Range': '0-40 BAR', 'Accuracy': 'STD', 'Output Signal': 'LIGHT', 'Process Connection': 'HIGH', 'Housing Material': 'STAINLESS STEEL 316'}",Range: 0-40 BAR | Accuracy: STD | Output Signal: LIGHT | Process Connection: HIGH | Housing Material: STAINLESS STEEL 316,41000061,695,CNMC-000695,True,81.2,695,CPCL,CP000695,SMART PRESSURE GAUGE Accuracy:STD
117,GAIL,GA000117,Valves,VALVE,CHECK,"VALVE, CHECK Temperature Rating:5HP",NOSS,"{'Size': '2""', 'Pressure Rating': '600 PSI', 'Body Material': 'STAINLESS STEEL 316', 'End Connection': 'NORMAL', 'Temperature Rating': '5HP'}","Size: 2"" | Pressure Rating: 600 PSI | Body Material: STAINLESS STEEL 316 | End Connection: NORMAL | Temperature Rating: 5HP",40140061,117,CNMC-000117,True,100.0,120,CCL,CC000120,VALVE-CHECK Temperature Rating:5HP
474,GAIL,GA000474,Pumps,PUMP,SUBMERSIBLE,PUMP SUBMERSIBLE TYPE Head:LIGHT,EACH,"{'Flow Rate': '25 M3/H', 'Head': 'LIGHT', 'Power': '25HP', 'Speed': 'LIGHT', 'Impeller Material': 'STAINLESS STEEL 304'}",Flow Rate: 25 M3/H | Head: LIGHT | Power: 25HP | Speed: LIGHT | Impeller Material: STAINLESS STEEL 304,40150077,474,CNMC-000474,False,78.7,475,HPCL,HP000475,PUMP SUBMERSIBLE TYPE Speed:LIGHT
229,IOCL,IO000229,Bearings,BEARING,TAPERED ROLLER,BEARING (TAPERED ROLLER) Width:20mm,NOS,"{'Inside Diameter': '3/4""', 'Outside Diameter': '10""', 'Width': '20mm', 'Load Rating': '10KW', 'Seal Type': 'NORMAL'}","Inside Diameter: 3/4"" | Outside Diameter: 10"" | Width: 20mm | Load Rating: 10KW | Seal Type: NORMAL",31170062,229,CNMC-000229,True,89.2,234,BPCL,BP000234,BEARING TAPERED ROLLER TYPE Width:20mm
629,ONGC,ON000629,Gaskets & Seals,SEAL,GRAPHITE,seal graphite type thickness:8mm,EACH,"{'Inner Diameter': '2""', 'Outer Diameter': '2""', 'Thickness': '8mm', 'Material': 'STAINLESS STEEL 316', 'Pressure Rating': '1500 PSI'}","Inner Diameter: 2"" | Outer Diameter: 2"" | Thickness: 8mm | Material: STAINLESS STEEL 316 | Pressure Rating: 1500 PSI",31180047,627,CNMC-000627,True,86.7,627,CPCL,CP000627,SEAL (GRAPHITE) Thickness:8mm
881,BPCL,BP000881,Fasteners,SCREW,HEX HEAD,SCREW HEX HEAD CUSTOM,NOS,{},,31160062,881,CNMC-000881,False,38.8,765,CPCL,CP000765,SCREW SOCKET HEAD HEAVY
58,IOCL,IO000058,Pipes & Tubes,PIPE,STAINLESS STEEL,"PIPE, STAINLESS STEEL Length:20FT",FOOTS,"{'Diameter': '10""', 'Wall Thickness': '15mm', 'Length': '20FT', 'Material Grade': 'CARBON STEEL', 'End Type': 'STD'}","Diameter: 10"" | Wall Thickness: 15mm | Length: 20FT | Material Grade: CARBON STEEL | End Type: STD",27100067,58,CNMC-000058,False,71.8,57,NTPC,NT000057,"PIPE, STAINLESS STEEL Diameter:10"""
522,SAIL,SA000522,Electrical,CABLE,CONTROL,CABLE (CONTROL) Insulation Type:NORMAL,NOSS,"{'Voltage': '11KV', 'Current Rating': '5KW', 'Power Rating': '50HP', 'Conductor Material': 'STAINLESS STEEL 304', 'Insulation Type': 'NORMAL'}",Voltage: 11KV | Current Rating: 5KW | Power Rating: 50HP | Conductor Material: STAINLESS STEEL 304 | Insulation Type: NORMAL,26000075,522,CNMC-000522,False,60.9,520,ONGC,ON000520,CONTROL TYPE CABLE Current Rating:5KW
275,SAIL,SA000275,Bearings,BEARING,ROLLER,roller type bearing load rating:5kw,EACHS,"{'Inside Diameter': '1/2""', 'Outside Diameter': '4""', 'Width': '3mm', 'Load Rating': '5KW', 'Seal Type': 'LIGHT'}","Inside Diameter: 1/2"" | Outside Diameter: 4"" | Width: 3mm | Load Rating: 5KW | Seal Type: LIGHT",31170062,275,CNMC-000275,True,87.6,276,CCL,CC000276,BEARING-ROLLER Load Rating:5KW
319,CPCL,CP000319,Fasteners,BOLT,SOCKET HEAD,"BOLT, SOCKET HEAD Thread Pitch:HIGH",KGS,"{'Diameter': '6""', 'Length': '6M', 'Thread Pitch': 'HIGH', 'Material Grade': 'CARBON STEEL', 'Finish': 'NORMAL'}","Diameter: 6"" | Length: 6M | Thread Pitch: HIGH | Material Grade: CARBON STEEL | Finish: NORMAL",31160064,318,CNMC-000318,True,100.0,318,SAIL,SA000318,BOLT-SOCKET HEAD Thread Pitch:HIGH
612,NTPC,NT000612,Gaskets & Seals,O-RING,METAL JACKETED,METAL JACKETED O-RING Material:STAINLESS STEEL 316,NOS,"{'Inner Diameter': '1""', 'Outer Diameter': '12""', 'Thickness': '20mm', 'Material': 'STAINLESS STEEL 316', 'Pressure Rating': '300 PSI'}","Inner Diameter: 1"" | Outer Diameter: 12"" | Thickness: 20mm | Material: STAINLESS STEEL 316 | Pressure Rating: 300 PSI",31180009,612,CNMC-000612,False,63.7,613,BPCL,BP000613,O-RING (METAL JACKETED) Thickness:20mm
145,SAIL,SA000145,Valves,VALVE,PRESSURE RELIEF,PRESSURE RELIEF TYPE VALVE Temperature Rating:100HP,EACH,"{'Size': '2""', 'Pressure Rating': '600 PSI', 'Body Material': 'STAINLESS STEEL 316', 'End Connection': 'NORMAL', 'Temperature Rating': '100HP'}","Size: 2"" | Pressure Rating: 600 PSI | Body Material: STAINLESS STEEL 316 | End Connection: NORMAL | Temperature Rating: 100HP",40140061,145,CNMC-000145,False,64.1,144,HPCL,HP000144,PRESSURE RELIEF VALVE Pressure Rating:600 PSI
641,IOCL,IO000641,Gaskets & Seals,O-RING,GRAPHITE,"O-RING, GRAPHITE Thickness:20mm",EACH,"{'Inner Diameter': '4""', 'Outer Diameter': '3/4""', 'Thickness': '20mm', 'Material': 'BRONZE', 'Pressure Rating': '600 PSI'}","Inner Diameter: 4"" | Outer Diameter: 3/4"" | Thickness: 20mm | Material: BRONZE | Pressure Rating: 600 PSI",31180009,641,CNMC-000641,False,62.0,645,HPCL,HP000645,O-RING GRAPHITE TYPE Material:BRONZE
694,CCL,CC000694,Instruments,CONTROL VALVE,DIGITAL,CONTROL VALVE DIGITAL TYPE Accuracy:NORMAL,EACH,"{'Range': '0-40 BAR', 'Accuracy': 'NORMAL', 'Output Signal': 'HEAVY', 'Process Connection': 'HEAVY', 'Housing Material': 'CAST IRON'}",Range: 0-40 BAR | Accuracy: NORMAL | Output Signal: HEAVY | Process Connection: HEAVY | Housing Material: CAST IRON,41000013,692,CNMC-000692,True,85.5,692,SAIL,SA000692,CONTROL VALVE (DIGITAL) Accuracy:NORMAL
818,CCL,CC000818,Electrical,SWITCH,MV,SWITCH MV SPECIAL,EACH,{},,26000002,818,CNMC-000818,False,55.5,815,BHEL,BH000815,SWITCH MV STD
761,CPCL,CP000761,Valves,VALVE,CHECK,VALVE CHECK SPECIAL,EACH,{},,40140061,756,CNMC-000756,True,80.0,756,CPCL,CP000756,VALVE CHECK SPECIAL
370,GAIL,GA000370,Fasteners,NUT,LOCK,NUT-LOCK Length:6M,NOS,"{'Diameter': '8""', 'Length': '6M', 'Thread Pitch': 'HEAVY', 'Material Grade': 'STAINLESS STEEL 316', 'Finish': 'LIGHT'}","Diameter: 8"" | Length: 6M | Thread Pitch: HEAVY | Material Grade: STAINLESS STEEL 316 | Finish: LIGHT",31160062,370,CNMC-000370,False,65.7,371,ONGC,ON000371,"NUT, LOCK Diameter:8"""
269,BPCL,BP000269,Bearings,BEARING,SPHERICAL,SPHERICAL TYPE BEARING Seal Type:STD,NOS,"{'Inside Diameter': '8""', 'Outside Diameter': '3/4""', 'Width': '2mm', 'Load Rating': '50HP', 'Seal Type': 'STD'}","Inside Diameter: 8"" | Outside Diameter: 3/4"" | Width: 2mm | Load Rating: 50HP | Seal Type: STD",31170062,269,CNMC-000269,True,100.0,272,BHEL,BH000272,SPHERICAL TYPE BEARING Seal Type:STD
630,NTPC,NT000630,Gaskets & Seals,SEAL,GRAPHITE,SEAL GRAPHITE TYPE Pressure Rating:1500 PSI,NOS,"{'Inner Diameter': '2""', 'Outer Diameter': '2""', 'Thickness': '8mm', 'Material': 'STAINLESS STEEL 316', 'Pressure Rating': '1500 PSI'}","Inner Diameter: 2"" | Outer Diameter: 2"" | Thickness: 8mm | Material: STAINLESS STEEL 316 | Pressure Rating: 1500 PSI",31180047,630,CNMC-000630,False,64.7,629,ONGC,ON000629,seal graphite type thickness:8mm
308,ONGC,ON000308,Bearings,BEARING,TAPERED ROLLER,BEARING TAPERED ROLLER TYPE Load Rating:5HP,NOS,"{'Inside Diameter': '3/4""', 'Outside Diameter': '8""', 'Width': '3mm', 'Load Rating': '5HP', 'Seal Type': 'LIGHT'}","Inside Diameter: 3/4"" | Outside Diameter: 8"" | Width: 3mm | Load Rating: 5HP | Seal Type: LIGHT",31170062,308,CNMC-000308,False,69.8,309,GAIL,GA000309,TAPERED ROLLER TYPE BEARING Seal Type:LIGHT
424,GAIL,GA000424,Pumps,PUMP,GEAR,PUMP-GEAR Impeller Material:ALLOY STEEL,NOS,"{'Flow Rate': '50 M3/H', 'Head': 'LIGHT', 'Power': '10HP', 'Speed': 'HEAVY', 'Impeller Material': 'ALLOY STEEL'}",Flow Rate: 50 M3/H | Head: LIGHT | Power: 10HP | Speed: HEAVY | Impeller Material: ALLOY STEEL,40150077,423,CNMC-000423,True,100.0,423,BHEL,BH000423,PUMP-GEAR Impeller Material:ALLOY STEEL
311,BHEL,BH000311,Fasteners,BOLT,SOCKET HEAD,"BOLT, SOCKET HEAD Diameter:12""",KG,"{'Diameter': '12""', 'Length': '20FT', 'Thread Pitch': 'NORMAL', 'Material Grade': 'STAINLESS STEEL 304', 'Finish': 'HEAVY'}","Diameter: 12"" | Length: 20FT | Thread Pitch: NORMAL | Material Grade: STAINLESS STEEL 304 | Finish: HEAVY",31160064,310,CNMC-000310,True,85.6,310,SAIL,SA000310,"socket head type bolt diameter:12"""
355,ONGC,ON000355,Fasteners,STUD,HEX HEAD,"HEX HEAD STUD Diameter:1""",NOS,"{'Diameter': '1""', 'Length': '6M', 'Thread Pitch': 'STD', 'Material Grade': 'BRONZE', 'Finish': 'LIGHT'}","Diameter: 1"" | Length: 6M | Thread Pitch: STD | Material Grade: BRONZE | Finish: LIGHT",31160032,355,CNMC-000355,False,77.4,356,CPCL,CP000356,"STUD HEX HEAD TYPE Diameter:1"""
47,ONGC,ON000047,Pipes & Tubes,TUBE,STAINLESS STEEL,STAINLESS STEEL TUBE End Type:STD,FOOTS,"{'Diameter': '12""', 'Wall Thickness': '3mm', 'Length': '10FT', 'Material Grade': 'STAINLESS STEEL 304', 'End Type': 'STD'}","Diameter: 12"" | Wall Thickness: 3mm | Length: 10FT | Material Grade: STAINLESS STEEL 304 | End Type: STD",27100037,46,CNMC-000046,True,84.1,46,CPCL,CP000046,STNLSS STEEL TUBE End Type:STD
350,GAIL,GA000350,Fasteners,STUD,HEX HEAD,HEX HEAD TYPE STUD Material Grade:BRONZE,KG,"{'Diameter': '1""', 'Length': '20FT', 'Thread Pitch': 'NORMAL', 'Material Grade': 'BRONZE', 'Finish': 'STD'}","Diameter: 1"" | Length: 20FT | Thread Pitch: NORMAL | Material Grade: BRONZE | Finish: STD",31160032,350,CNMC-000350,False,71.5,351,IOCL,IO000351,"HEX HEAD TYPE STUD Diameter:1"""
372,IOCL,IO000372,Fasteners,NUT,LOCK,LOCK TYPE NUT Material Grade:STAINLESS STEEL 316,NOS,"{'Diameter': '8""', 'Length': '6M', 'Thread Pitch': 'HEAVY', 'Material Grade': 'STAINLESS STEEL 316', 'Finish': 'LIGHT'}","Diameter: 8"" | Length: 6M | Thread Pitch: HEAVY | Material Grade: STAINLESS STEEL 316 | Finish: LIGHT",31160062,372,CNMC-000372,False,53.9,329,BHEL,BH000329,LOCK NUT Material Grade:STNLSS STEEL 316
480,CPCL,CP000480,Pumps,PUMP,MULTISTAGE,PUMP (MULTISTAGE) Speed:NORMAL,EACH,"{'Flow Rate': '25 M3/H', 'Head': 'HEAVY', 'Power': '25HP', 'Speed': 'NORMAL', 'Impeller Material': 'BRONZE'}",Flow Rate: 25 M3/H | Head: HEAVY | Power: 25HP | Speed: NORMAL | Impeller Material: BRONZE,40150077,480,CNMC-000480,True,100.0,481,CCL,CC000481,"PUMP, MULTISTAGE Speed:NORMAL"
582,BPCL,BP000582,Electrical,SWITCH,HV,HV SWITCH Voltage:415V,METER,"{'Voltage': '415V', 'Current Rating': '100HP', 'Power Rating': '50KW', 'Conductor Material': 'STAINLESS STEEL 304', 'Insulation Type': 'NORMAL'}",Voltage: 415V | Current Rating: 100HP | Power Rating: 50KW | Conductor Material: STAINLESS STEEL 304 | Insulation Type: NORMAL,26000002,582,CNMC-000582,False,55.3,580,BHEL,BH000580,SWITCH HV TYPE Power Rating:50KW
262,NTPC,NT000262,Bearings,BEARING,BALL,"BEARING (BALL) Outside Diameter:1""",NOS,"{'Inside Diameter': '3""', 'Outside Diameter': '1""', 'Width': '8mm', 'Load Rating': '10HP', 'Seal Type': 'STD'}","Inside Diameter: 3"" | Outside Diameter: 1"" | Width: 8mm | Load Rating: 10HP | Seal Type: STD",31170062,262,CNMC-000262,False,73.7,261,HPCL,HP000261,"bearing (ball) inside diameter:3"""
196,CCL,CC000196,Valves,VALVE,CHECK,valve check type temperature rating:10kw,EACH,"{'Size': '12""', 'Pressure Rating': '900 PSI', 'Body Material': 'CAST IRON', 'End Connection': 'HIGH', 'Temperature Rating': '10KW'}","Size: 12"" | Pressure Rating: 900 PSI | Body Material: CAST IRON | End Connection: HIGH | Temperature Rating: 10KW",40140061,196,CNMC-000196,True,88.0,198,NTPC,NT000198,"VALVE, CHECK Temperature Rating:10KW"
901,HPCL,HP000901,Gaskets & Seals,GASKET,GRAPHITE,GASKET GRAPHITE CUSTOM,NOS,{},,31180096,901,CNMC-000901,False,45.5,762,CPCL,CP000762,GASKET SPIRAL WOUND CUSTOM
752,HPCL,HP000752,Instruments,TEMPERATURE TRANSMITTER,ANALOG,TEMPERATURE TRANSMITTER (ANALOG) Housing Material:CAST IRON,NOS,"{'Range': '0-10 BAR', 'Accuracy': 'STD', 'Output Signal': 'HEAVY', 'Process Connection': 'HIGH', 'Housing Material': 'CAST IRON'}",Range: 0-10 BAR | Accuracy: STD | Output Signal: HEAVY | Process Connection: HIGH | Housing Material: CAST IRON,41000059,752,CNMC-000752,True,87.8,753,NTPC,NT000753,ANALOG TYPE TEMPERATURE TRANSMITTER Housing Material:CAST IRON
108,NTPC,NT000108,Valves,VALVE,BALL,"VALVE, BALL Temperature Rating:5HP",EACH,"{'Size': '12""', 'Pressure Rating': '300 PSI', 'Body Material': 'STAINLESS STEEL 316', 'End Connection': 'HEAVY', 'Temperature Rating': '5HP'}","Size: 12"" | Pressure Rating: 300 PSI | Body Material: STAINLESS STEEL 316 | End Connection: HEAVY | Temperature Rating: 5HP",40140061,105,CNMC-000105,True,100.0,109,CCL,CC000109,"VALVE, BALL Temperature Rating:5HP"
877,BPCL,BP000877,Pipes & Tubes,TUBE,STAINLESS STEEL,TUBE STAINLESS STEEL STD,FOOT,{},,27100037,877,CNMC-000877,False,56.0,47,ONGC,ON000047,STAINLESS STEEL TUBE End Type:STD
60,SAIL,SA000060,Pipes & Tubes,PIPE,STAINLESS STEEL,"stainless steel type pipe diameter:10""",METER,"{'Diameter': '10""', 'Wall Thickness': '15mm', 'Length': '20FT', 'Material Grade': 'CARBON STEEL', 'End Type': 'STD'}","Diameter: 10"" | Wall Thickness: 15mm | Length: 20FT | Material Grade: CARBON STEEL | End Type: STD",27100067,57,CNMC-000057,True,85.4,57,NTPC,NT000057,"PIPE, STAINLESS STEEL Diameter:10"""
665,BPCL,BP000665,Instruments,TEMPERATURE TRANSMITTER,SMART,SMART TYPE TEMPERATURE TRANSMITTER Housing Material:CARBON STEEL,EACH,"{'Range': '0-40 BAR', 'Accuracy': 'LIGHT', 'Output Signal': 'HEAVY', 'Process Connection': 'LIGHT', 'Housing Material': 'CARBON STEEL'}",Range: 0-40 BAR | Accuracy: LIGHT | Output Signal: HEAVY | Process Connection: LIGHT | Housing Material: CARBON STEEL,41000059,665,CNMC-000665,False,68.6,664,ONGC,ON000664,SMART TYPE TEMPERATURE TRANSMITTER Range:0-40 BAR
264,BHEL,BH000264,Bearings,BEARING,BALL,BALL BEARING Width:8mm,NOS,"{'Inside Diameter': '3""', 'Outside Diameter': '1""', 'Width': '8mm', 'Load Rating': '10HP', 'Seal Type': 'STD'}","Inside Diameter: 3"" | Outside Diameter: 1"" | Width: 8mm | Load Rating: 10HP | Seal Type: STD",31170062,260,CNMC-000260,True,87.8,260,IOCL,IO000260,BEARING-BALL Width:8mm
722,IOCL,IO000722,Instruments,PRESSURE GAUGE,SMART,PRESSURE GAUGE-SMART Housing Material:ALLOY STEEL,EACHS,"{'Range': '0-40 BAR', 'Accuracy': 'STD', 'Output Signal': 'HEAVY', 'Process Connection': 'STD', 'Housing Material': 'ALLOY STEEL'}",Range: 0-40 BAR | Accuracy: STD | Output Signal: HEAVY | Process Connection: STD | Housing Material: ALLOY STEEL,41000061,721,CNMC-000721,True,91.5,721,BPCL,BP000721,SMART PRESSURE GAUGE Housing Material:ALLOY STEEL
101,NTPC,NT000101,Valves,VALVE,PRESSURE RELIEF,VALVE PRESSURE RELIEF TYPE End Connection:HIGH,EACHS,"{'Size': '3""', 'Pressure Rating': '150 PSI', 'Body Material': 'CARBON STEEL', 'End Connection': 'HIGH', 'Temperature Rating': '50HP'}","Size: 3"" | Pressure Rating: 150 PSI | Body Material: CARBON STEEL | End Connection: HIGH | Temperature Rating: 50HP",40140061,101,CNMC-000101,False,68.3,103,BPCL,BP000103,VALVE PRESSURE RELIEF TYPE Body Material:CARBON STEL
444,SAIL,SA000444,Pumps,PUMP,POSITIVE DISPLACEMENT,PUMP (POSITIVE DISPLACEMENT) Head:HIGH,EACH,"{'Flow Rate': '200 M3/H', 'Head': 'HIGH', 'Power': '15HP', 'Speed': 'STD', 'Impeller Material': 'CARBON STEEL'}",Flow Rate: 200 M3/H | Head: HIGH | Power: 15HP | Speed: STD | Impeller Material: CARBON STEEL,40150077,444,CNMC-000444,False,67.3,446,ONGC,ON000446,"PUMP, POSITIVE DISPLACEMENT Speed:STD"
491,HPCL,HP000491,Pumps,PUMP,POSITIVE DISPLACEMENT,PUMP POSITIVE DISPLACEMENT TYPE Power:15HP,NOS,"{'Flow Rate': '25 M3/H', 'Head': 'NORMAL', 'Power': '15HP', 'Speed': 'HEAVY', 'Impeller Material': 'STAINLESS STEEL 316'}",Flow Rate: 25 M3/H | Head: NORMAL | Power: 15HP | Speed: HEAVY | Impeller Material: STAINLESS STEEL 316,40150077,491,CNMC-000491,False,65.0,486,IOCL,IO000486,"PUMP, POSITIVE DISPLACEMENT Head:NORMAL"
678,ONGC,ON000678,Instruments,LEVEL SWITCH,ELECTRONIC,"LEVEL SWITCH, ELECTRONIC Process Connection:HEAVY",NOS,"{'Range': '0-16 BAR', 'Accuracy': 'HIGH', 'Output Signal': 'STD', 'Process Connection': 'HEAVY', 'Housing Material': 'STAINLESS STEEL 316'}",Range: 0-16 BAR | Accuracy: HIGH | Output Signal: STD | Process Connection: HEAVY | Housing Material: STAINLESS STEEL 316,41000004,678,CNMC-000678,True,100.0,679,GAIL,GA000679,LEVEL SWITCH-ELECTRONIC Process Connection:HEAVY
305,CCL,CC000305,Bearings,BEARING,BALL,BEARING BALL TYPE Seal Type:HIGH,EACH,"{'Inside Diameter': '1""', 'Outside Diameter': '3/4""', 'Width': '2mm', 'Load Rating': '15HP', 'Seal Type': 'HIGH'}","Inside Diameter: 1"" | Outside Diameter: 3/4"" | Width: 2mm | Load Rating: 15HP | Seal Type: HIGH",31170062,303,CNMC-000303,True,87.8,303,HPCL,HP000303,BEARING (BALL) Seal Type:HIGH
342,HPCL,HP000342,Fasteners,BOLT,FLANGE,BOLT-FLANGE Finish:HIGH,NOSS,"{'Diameter': '3""', 'Length': '20FT', 'Thread Pitch': 'HEAVY', 'Material Grade': 'STAINLESS STEEL 304', 'Finish': 'HIGH'}","Diameter: 3"" | Length: 20FT | Thread Pitch: HEAVY | Material Grade: STAINLESS STEEL 304 | Finish: HIGH",31160064,342,CNMC-000342,False,63.5,340,ONGC,ON000340,bolt (flange) length:20ft
869,BPCL,BP000869,Instruments,CONTROL VALVE,PNEUMATIC,CONTROL VALVE PNEUMATIC STD,NOS,{},,41000013,869,CNMC-000869,False,47.0,760,CPCL,CP000760,CONTROL VALVE ELECTRONIC STD
150,SAIL,SA000150,Valves,VALVE,BUTTERFLY,"VALVE BUTTERFLY TYPE Size:2""",EACH,"{'Size': '2""', 'Pressure Rating': '2500 PSI', 'Body Material': 'STAINLESS STEEL 316', 'End Connection': 'STD', 'Temperature Rating': '25HP'}","Size: 2"" | Pressure Rating: 2500 PSI | Body Material: STAINLESS STEEL 316 | End Connection: STD | Temperature Rating: 25HP",40140061,150,CNMC-000150,False,74.1,151,NTPC,NT000151,VALVE BUTTERFLY TYPE Temperature Rating:25HP
125,IOCL,IO000125,Valves,VALVE,GATE,GATE VALVE End Connection:HEAVY,EACHS,"{'Size': '12""', 'Pressure Rating': '150 PSI', 'Body Material': 'CAST IRON', 'End Connection': 'HEAVY', 'Temperature Rating': '50KW'}","Size: 12"" | Pressure Rating: 150 PSI | Body Material: CAST IRON | End Connection: HEAVY | Temperature Rating: 50KW",40140061,122,CNMC-000122,True,86.6,123,CCL,CC000123,VALVE-GATE End Connection:HEAVY
710,ONGC,ON000710,Instruments,TEMPERATURE TRANSMITTER,ELECTRONIC,"TEMPERATURE TRANSMITTER, ELECTRONIC Housing Material:STAINLESS STEEL 316",NOSS,"{'Range': '0-25 BAR', 'Accuracy': 'NORMAL', 'Output Signal': 'HEAVY', 'Process Connection': 'STD', 'Housing Material': 'STAINLESS STEEL 316'}",Range: 0-25 BAR | Accuracy: NORMAL | Output Signal: HEAVY | Process Connection: STD | Housing Material: STAINLESS STEEL 316,41000059,705,CNMC-000705,True,92.4,705,SAIL,SA000705,ELECTRONIC TEMPERATURE TRANSMITTER Housing Material:STAINLESS STEEL 316
51,NTPC,NT000051,Pipes & Tubes,TUBE,WELDED,TUBE WELDED TYPE End Type:LIGHT,FOOTS,"{'Diameter': '3""', 'Wall Thickness': '5mm', 'Length': '10FT', 'Material Grade': 'CAST IRON', 'End Type': 'LIGHT'}","Diameter: 3"" | Wall Thickness: 5mm | Length: 10FT | Material Grade: CAST IRON | End Type: LIGHT",27100037,51,CNMC-000051,True,88.3,53,GAIL,GA000053,"tube, welded end type:light"
354,NTPC,NT000354,Fasteners,STUD,HEX HEAD,STUD-HEX HEAD Length:6M,NOS,"{'Diameter': '1""', 'Length': '6M', 'Thread Pitch': 'STD', 'Material Grade': 'BRONZE', 'Finish': 'LIGHT'}","Diameter: 1"" | Length: 6M | Thread Pitch: STD | Material Grade: BRONZE | Finish: LIGHT",31160032,354,CNMC-000354,True,100.0,358,IOCL,IO000358,"STUD, HEX HEAD Length:6M"
851,IOCL,IO000851,Instruments,PRESSURE GAUGE,SMART,PRESSURE GAUGE SMART HEAVY,NOS,{},,41000061,851,CNMC-000851,False,56.5,711,NTPC,NT000711,"PRESSURE GAUGE, SMART Accuracy:HEAVY"
143,CPCL,CP000143,Valves,VALVE,BALL,"VALVE BALL TYPE Size:3""",NOS,"{'Size': '3""', 'Pressure Rating': '2500 PSI', 'Body Material': 'STAINLESS STEEL 304', 'End Connection': 'NORMAL', 'Temperature Rating': '10HP'}","Size: 3"" | Pressure Rating: 2500 PSI | Body Material: STAINLESS STEEL 304 | End Connection: NORMAL | Temperature Rating: 10HP",40140061,143,CNMC-000143,False,73.2,142,SAIL,SA000142,VALVE BALL TYPE End Connection:NORMAL
471,BHEL,BH000471,Pumps,PUMP,SUBMERSIBLE,SUBMERSIBLE PUMP Flow Rate:10 M3/H,NOS,"{'Flow Rate': '10 M3/H', 'Head': 'NORMAL', 'Power': '50HP', 'Speed': 'LIGHT', 'Impeller Material': 'CAST IRON'}",Flow Rate: 10 M3/H | Head: NORMAL | Power: 50HP | Speed: LIGHT | Impeller Material: CAST IRON,40150077,469,CNMC-000469,True,90.2,469,CCL,CC000469,"PUMP, SUBMERSIBLE Flow Rate:10 M3/H"
400,BPCL,BP000400,Fasteners,BOLT,HEX HEAD,BOLT HEX HEAD TYPE Material Grade:BRONZE,NOS,"{'Diameter': '1""', 'Length': '20FT', 'Thread Pitch': 'LIGHT', 'Material Grade': 'BRONZE', 'Finish': 'STD'}","Diameter: 1"" | Length: 20FT | Thread Pitch: LIGHT | Material Grade: BRONZE | Finish: STD",31160064,397,CNMC-000397,True,100.0,397,IOCL,IO000397,BOLT HEX HEAD TYPE Material Grade:BRONZE
568,GAIL,GA000568,Electrical,CIRCUIT BREAKER,INSTRUMENTATION,INSTRUMENTATION CIRCUIT BREAKER Voltage:11KV,EACHS,"{'Voltage': '11KV', 'Current Rating': '50KW', 'Power Rating': '5HP', 'Conductor Material': 'STAINLESS STEEL 304', 'Insulation Type': 'LIGHT'}",Voltage: 11KV | Current Rating: 50KW | Power Rating: 5HP | Conductor Material: STAINLESS STEEL 304 | Insulation Type: LIGHT,26000027,568,CNMC-000568,True,84.2,570,BHEL,BH000570,CIRCUIT BREAKER INSTRUMENTATION TYPE Voltage:11KV
321,CCL,CC000321,Fasteners,BOLT,SOCKET HEAD,BOLT SOCKET HEAD TYPE Thread Pitch:HIGH,NOS,"{'Diameter': '6""', 'Length': '6M', 'Thread Pitch': 'HIGH', 'Material Grade': 'CARBON STEEL', 'Finish': 'NORMAL'}","Diameter: 6"" | Length: 6M | Thread Pitch: HIGH | Material Grade: CARBON STEEL | Finish: NORMAL",31160064,318,CNMC-000318,True,89.9,319,CPCL,CP000319,"BOLT, SOCKET HEAD Thread Pitch:HIGH"
20,CPCL,CP000020,Pipes & Tubes,TUBING,GALVANIZED,"TUBING, GALVANIZED Material Grade:BRONZE",FOOT,"{'Diameter': '1/2""', 'Wall Thickness': '2mm', 'Length': '10FT', 'Material Grade': 'BRONZE', 'End Type': 'HEAVY'}","Diameter: 1/2"" | Wall Thickness: 2mm | Length: 10FT | Material Grade: BRONZE | End Type: HEAVY",27100056,20,CNMC-000020,False,59.9,19,ONGC,ON000019,TUBING GALVANIZED TYPE End Type:HEAVY
731,CPCL,CP000731,Instruments,TEMPERATURE TRANSMITTER,SMART,temperature transmitter smart type process connection:normal,EACH,"{'Range': '0-10 BAR', 'Accuracy': 'LIGHT', 'Output Signal': 'LIGHT', 'Process Connection': 'NORMAL', 'Housing Material': 'ALLOY STEEL'}",Range: 0-10 BAR | Accuracy: LIGHT | Output Signal: LIGHT | Process Connection: NORMAL | Housing Material: ALLOY STEEL,41000059,730,CNMC-000730,True,89.6,730,HPCL,HP000730,TEMPERATURE TRANSMITTER (SMART) Process Connection:NORMAL
714,NTPC,NT000714,Instruments,PRESSURE GAUGE,ANALOG,ANALOG PRESSURE GAUGE Housing Material:ALLOY STEEL,NOS,"{'Range': '0-40 BAR', 'Accuracy': 'NORMAL', 'Output Signal': 'HEAVY', 'Process Connection': 'NORMAL', 'Housing Material': 'ALLOY STEEL'}",Range: 0-40 BAR | Accuracy: NORMAL | Output Signal: HEAVY | Process Connection: NORMAL | Housing Material: ALLOY STEEL,41000061,714,CNMC-000714,False,74.8,721,BPCL,BP000721,SMART PRESSURE GAUGE Housing Material:ALLOY STEEL
813,BHEL,BH000813,Pumps,PUMP,CENTRIFUGAL,PUMP CENTRIFUGAL HEAVY,NOS,{},,40150077,813,CNMC-000813,True,80.0,816,BHEL,BH000816,PUMP CENTRIFUGAL HEAVY
408,SAIL,SA000408,Fasteners,WASHER,SOCKET HEAD,WASHER SOCKET HEAD TYPE Finish:HIGH,KG,"{'Diameter': '4""', 'Length': '20FT', 'Thread Pitch': 'LIGHT', 'Material Grade': 'CARBON STEEL', 'Finish': 'HIGH'}","Diameter: 4"" | Length: 20FT | Thread Pitch: LIGHT | Material Grade: CARBON STEEL | Finish: HIGH",31160015,408,CNMC-000408,False,73.0,405,BPCL,BP000405,"SOCKET HEAD TYPE WASHER Diameter:4"""
581,CCL,CC000581,Electrical,SWITCH,HV,SWITCH (HV) Current Rating:100HP,NOSS,"{'Voltage': '415V', 'Current Rating': '100HP', 'Power Rating': '50KW', 'Conductor Material': 'STAINLESS STEEL 304', 'Insulation Type': 'NORMAL'}",Voltage: 415V | Current Rating: 100HP | Power Rating: 50KW | Conductor Material: STAINLESS STEEL 304 | Insulation Type: NORMAL,26000002,581,CNMC-000581,False,61.4,580,BHEL,BH000580,SWITCH HV TYPE Power Rating:50KW
39,ONGC,ON000039,Pipes & Tubes,TUBE,CARBON STEEL,TUBE-CARBON STEEL Material Grade:CAST IRON,METERS,"{'Diameter': '6""', 'Wall Thickness': '20mm', 'Length': '20FT', 'Material Grade': 'CAST IRON', 'End Type': 'HEAVY'}","Diameter: 6"" | Wall Thickness: 20mm | Length: 20FT | Material Grade: CAST IRON | End Type: HEAVY",27100037,39,CNMC-000039,True,91.4,41,BPCL,BP000041,CARBON STEEL TYPE TUBE Material Grade:CAST IRON
176,BHEL,BH000176,Valves,VALVE,GLOBE,"VALVE, GLOBE Body Material:CARBON STEEL",EACH,"{'Size': '3/4""', 'Pressure Rating': '300 PSI', 'Body Material': 'CARBON STEEL', 'End Connection': 'HEAVY', 'Temperature Rating': '5KW'}","Size: 3/4"" | Pressure Rating: 300 PSI | Body Material: CARBON STEEL | End Connection: HEAVY | Temperature Rating: 5KW",40140061,176,CNMC-000176,False,68.0,191,SAIL,SA000191,VALVE (GLOBE) Body Material:CARBON STEEL
246,BPCL,BP000246,Bearings,BEARING,BALL,ball type bearing seal type:light,EACH,"{'Inside Diameter': '3""', 'Outside Diameter': '2""', 'Width': '3mm', 'Load Rating': '5HP', 'Seal Type': 'LIGHT'}","Inside Diameter: 3"" | Outside Diameter: 2"" | Width: 3mm | Load Rating: 5HP | Seal Type: LIGHT",31170062,245,CNMC-000245,True,90.7,245,HPCL,HP000245,BALL BEARING Seal Type:LIGHT
866,BPCL,BP000866,Instruments,LEVEL SWITCH,SMART,LEVEL SWITCH SMART STD,EACH,{},,41000004,866,CNMC-000866,False,59.1,892,HPCL,HP000892,LEVEL SWITCH SMART SPECIAL
690,BPCL,BP000690,Instruments,FLOW METER,SMART,FLOW METER (SMART) Range:0-25 BAR,NOS,"{'Range': '0-25 BAR', 'Accuracy': 'HEAVY', 'Output Signal': 'HEAVY', 'Process Connection': 'HIGH', 'Housing Material': 'STAINLESS STEEL 304'}",Range: 0-25 BAR | Accuracy: HEAVY | Output Signal: HEAVY | Process Connection: HIGH | Housing Material: STAINLESS STEEL 304,41000046,688,CNMC-000688,True,85.9,688,IOCL,IO000688,SMART TYPE FLOW METER Range:0-25 BAR
681,BPCL,BP000681,Instruments,CONTROL VALVE,ANALOG,"CONTROL VALVE, ANALOG Range:0-16 BAR",NOS,"{'Range': '0-16 BAR', 'Accuracy': 'STD', 'Output Signal': 'HEAVY', 'Process Connection': 'HEAVY', 'Housing Material': 'CAST IRON'}",Range: 0-16 BAR | Accuracy: STD | Output Signal: HEAVY | Process Connection: HEAVY | Housing Material: CAST IRON,41000013,681,CNMC-000681,False,64.9,686,ONGC,ON000686,"CONTROL VALVE, ANALOG Accuracy:STD"
817,CCL,CC000817,Fasteners,BOLT,LOCK,BOLT LOCK STD,NOS,{},,31160064,817,CNMC-000817,False,43.1,806,SAIL,SA000806,BOLT HEX HEAD STD
155,BHEL,BH000155,Valves,VALVE,GLOBE,valve globe type end connection:std,EACH,"{'Size': '3/4""', 'Pressure Rating': '300 PSI', 'Body Material': 'ALLOY STEEL', 'End Connection': 'STD', 'Temperature Rating': '5KW'}","Size: 3/4"" | Pressure Rating: 300 PSI | Body Material: ALLOY STEEL | End Connection: STD | Temperature Rating: 5KW",40140061,155,CNMC-000155,True,86.6,158,ONGC,ON000158,VALVE-GLOBE End Connection:STD
288,HPCL,HP000288,Bearings,BEARING,ROLLER,"BEARING-ROLLER Inside Diameter:3""",EACH,"{'Inside Diameter': '3""', 'Outside Diameter': '3""', 'Width': '12mm', 'Load Rating': '5HP', 'Seal Type': 'STD'}","Inside Diameter: 3"" | Outside Diameter: 3"" | Width: 12mm | Load Rating: 5HP | Seal Type: STD",31170062,288,CNMC-000288,False,74.6,290,NTPC,NT000290,"bearing (roller) outside diameter:3"""
546,CPCL,CP000546,Electrical,MOTOR,CONTROL,MOTOR (CONTROL) Insulation Type:NORMAL,EACH,"{'Voltage': '33KV', 'Current Rating': '10KW', 'Power Rating': '20HP', 'Conductor Material': 'STAINLESS STEEL 304', 'Insulation Type': 'NORMAL'}",Voltage: 33KV | Current Rating: 10KW | Power Rating: 20HP | Conductor Material: STAINLESS STEEL 304 | Insulation Type: NORMAL,26000034,546,CNMC-000546,False,62.4,542,NTPC,NT000542,MOTOR (CONTROL) Voltage:33KV
18,ONGC,ON000018,Pipes & Tubes,TUBE,GALVANIZED,"TUBE, GALVANIZED End Type:HIGH",FOOT,"{'Diameter': '6""', 'Wall Thickness': '15mm', 'Length': '3M', 'Material Grade': 'STAINLESS STEEL 316', 'End Type': 'HIGH'}","Diameter: 6"" | Wall Thickness: 15mm | Length: 3M | Material Grade: STAINLESS STEEL 316 | End Type: HIGH",27100037,18,CNMC-000018,False,65.1,17,IOCL,IO000017,"TUBE (GALVANIZED) Diameter:6"""
128,HPCL,HP000128,Valves,VALVE,PRESSURE RELIEF,"VALVE, PRESSURE RELIEF Size:1/2""",NOS,"{'Size': '1/2""', 'Pressure Rating': '1500 PSI', 'Body Material': 'BRONZE', 'End Connection': 'HIGH', 'Temperature Rating': '10KW'}","Size: 1/2"" | Pressure Rating: 1500 PSI | Body Material: BRONZE | End Connection: HIGH | Temperature Rating: 10KW",40140061,128,CNMC-000128,False,68.6,131,SAIL,SA000131,VALVE (PRESSURE RELIEF) Temperature Rating:10KW
323,ONGC,ON000323,Fasteners,NUT,HEX HEAD,HEX HEAD TYPE NUT Length:20FT,KG,"{'Diameter': '8""', 'Length': '20FT', 'Thread Pitch': 'NORMAL', 'Material Grade': 'STAINLESS STEEL 304', 'Finish': 'LIGHT'}","Diameter: 8"" | Length: 20FT | Thread Pitch: NORMAL | Material Grade: STAINLESS STEEL 304 | Finish: LIGHT",31160062,323,CNMC-000323,True,90.3,324,BPCL,BP000324,NUT HEX HEAD TYPE Length:20FT
256,ONGC,ON000256,Bearings,BEARING,THRUST,bearing-thrust width:5mm,EACH,"{'Inside Diameter': '1""', 'Outside Diameter': '3/4""', 'Width': '5mm', 'Load Rating': '5KW', 'Seal Type': 'STD'}","Inside Diameter: 1"" | Outside Diameter: 3/4"" | Width: 5mm | Load Rating: 5KW | Seal Type: STD",31170062,254,CNMC-000254,True,86.4,254,CCL,CC000254,BEARING THRUST TYPE Width:5mm
598,IOCL,IO000598,Gaskets & Seals,GASKET,SPIRAL WOUND,"GASKET (SPIRAL WOUND) Inner Diameter:1""",NOS,"{'Inner Diameter': '1""', 'Outer Diameter': '1""', 'Thickness': '2mm', 'Material': 'ALLOY STEEL', 'Pressure Rating': '900 PSI'}","Inner Diameter: 1"" | Outer Diameter: 1"" | Thickness: 2mm | Material: ALLOY STEEL | Pressure Rating: 900 PSI",31180096,598,CNMC-000598,True,100.0,599,BPCL,BP000599,"GASKET (SPIRAL WOUND) Inner Diameter:1"""
867,BPCL,BP000867,Valves,VALVE,PRESSURE RELIEF,VALVE PRESSURE RELIEF STD,NOS,{},,40140061,867,CNMC-000867,False,55.5,884,HPCL,HP000884,VALVE PRESSURE RELIEF SPECIAL
191,SAIL,SA000191,Valves,VALVE,GLOBE,VALVE (GLOBE) Body Material:CARBON STEEL,NOSS,"{'Size': '1/2""', 'Pressure Rating': '1500 PSI', 'Body Material': 'CARBON STEEL', 'End Connection': 'HIGH', 'Temperature Rating': '15HP'}","Size: 1/2"" | Pressure Rating: 1500 PSI | Body Material: CARBON STEEL | End Connection: HIGH | Temperature Rating: 15HP",40140061,191,CNMC-000191,False,68.0,176,BHEL,BH000176,"VALVE, GLOBE Body Material:CARBON STEEL"
116,SAIL,SA000116,Valves,VALVE,GATE,VALVE GATE TYPE Pressure Rating:300 PSI,EACH,"{'Size': '4""', 'Pressure Rating': '300 PSI', 'Body Material': 'ALLOY STEEL', 'End Connection': 'HIGH', 'Temperature Rating': '50KW'}","Size: 4"" | Pressure Rating: 300 PSI | Body Material: ALLOY STEEL | End Connection: HIGH | Temperature Rating: 50KW",40140061,113,CNMC-000113,True,93.2,113,HPCL,HP000113,GATE TYPE VALVE Pressure Rating:300 PSI
559,BPCL,BP000559,Electrical,SWITCH,HV,SWITCH HV TYPE Insulation Type:HEAVY,NOS,"{'Voltage': '11KV', 'Current Rating': '5HP', 'Power Rating': '5KW', 'Conductor Material': 'ALLOY STEEL', 'Insulation Type': 'HEAVY'}",Voltage: 11KV | Current Rating: 5HP | Power Rating: 5KW | Conductor Material: ALLOY STEEL | Insulation Type: HEAVY,26000002,557,CNMC-000557,True,89.5,557,CPCL,CP000557,SWITCH-HV Insulation Type:HEAVY
181,SAIL,SA000181,Valves,VALVE,CHECK,VALVE CHECK TYPE Pressure Rating:150 PSI,NOSS,"{'Size': '10""', 'Pressure Rating': '150 PSI', 'Body Material': 'CARBON STEEL', 'End Connection': 'STD', 'Temperature Rating': '15HP'}","Size: 10"" | Pressure Rating: 150 PSI | Body Material: CARBON STEEL | End Connection: STD | Temperature Rating: 15HP",40140061,181,CNMC-000181,False,62.5,182,BHEL,BH000182,CHECK TYPE VALVE End Connection:STD
302,ONGC,ON000302,Bearings,BEARING,SPHERICAL,SPHERICAL BEARING Load Rating:15HP,NOS,"{'Inside Diameter': '3""', 'Outside Diameter': '6""', 'Width': '8mm', 'Load Rating': '15HP', 'Seal Type': 'STD'}","Inside Diameter: 3"" | Outside Diameter: 6"" | Width: 8mm | Load Rating: 15HP | Seal Type: STD",31170062,298,CNMC-000298,True,90.7,298,CPCL,CP000298,SPHERICAL TYPE BEARING Load Rating:15HP
686,ONGC,ON000686,Instruments,CONTROL VALVE,ANALOG,"CONTROL VALVE, ANALOG Accuracy:STD",NOSS,"{'Range': '0-16 BAR', 'Accuracy': 'STD', 'Output Signal': 'HEAVY', 'Process Connection': 'HEAVY', 'Housing Material': 'CAST IRON'}",Range: 0-16 BAR | Accuracy: STD | Output Signal: HEAVY | Process Connection: HEAVY | Housing Material: CAST IRON,41000013,682,CNMC-000682,True,85.7,684,CPCL,CP000684,ANALOG CONTROL VALVE Accuracy:STD
645,HPCL,HP000645,Gaskets & Seals,O-RING,GRAPHITE,O-RING GRAPHITE TYPE Material:BRONZE,NOS,"{'Inner Diameter': '4""', 'Outer Diameter': '3/4""', 'Thickness': '20mm', 'Material': 'BRONZE', 'Pressure Rating': '600 PSI'}","Inner Diameter: 4"" | Outer Diameter: 3/4"" | Thickness: 20mm | Material: BRONZE | Pressure Rating: 600 PSI",31180009,642,CNMC-000642,True,89.2,644,SAIL,SA000644,GRAPHITE TYPE O-RING Material:BRONZE
656,IOCL,IO000656,Gaskets & Seals,PACKING,RUBBER,"RUBBER TYPE PACKING Inner Diameter:12""",NOS,"{'Inner Diameter': '12""', 'Outer Diameter': '2""', 'Thickness': '3mm', 'Material': 'STAINLESS STEEL 316', 'Pressure Rating': '600 PSI'}","Inner Diameter: 12"" | Outer Diameter: 2"" | Thickness: 3mm | Material: STAINLESS STEEL 316 | Pressure Rating: 600 PSI",31180089,656,CNMC-000656,False,76.5,655,NTPC,NT000655,"PACKING RUBBER TYPE Outer Diameter:2"""
622,BHEL,BH000622,Gaskets & Seals,GASKET,RUBBER,RUBBER TYPE GASKET Thickness:15mm,EACH,"{'Inner Diameter': '12""', 'Outer Diameter': '1/2""', 'Thickness': '15mm', 'Material': 'STAINLESS STEEL 304', 'Pressure Rating': '150 PSI'}","Inner Diameter: 12"" | Outer Diameter: 1/2"" | Thickness: 15mm | Material: STAINLESS STEEL 304 | Pressure Rating: 150 PSI",31180096,621,CNMC-000621,True,89.5,621,BPCL,BP000621,GASKET RUBBER TYPE Thickness:15mm
602,BHEL,BH000602,Gaskets & Seals,GASKET,RUBBER,"GASKET-RUBBER Outer Diameter:4""",NOS,"{'Inner Diameter': '4""', 'Outer Diameter': '4""', 'Thickness': '12mm', 'Material': 'CAST IRON', 'Pressure Rating': '900 PSI'}","Inner Diameter: 4"" | Outer Diameter: 4"" | Thickness: 12mm | Material: CAST IRON | Pressure Rating: 900 PSI",31180096,602,CNMC-000602,True,100.0,604,BPCL,BP000604,"gasket-rubber outer diameter:4"""
518,ONGC,ON000518,Electrical,CIRCUIT BREAKER,POWER,POWER TYPE CIRCUIT BREAKER Current Rating:50KW,EACH,"{'Voltage': '415V', 'Current Rating': '50KW', 'Power Rating': '100HP', 'Conductor Material': 'STAINLESS STEEL 304', 'Insulation Type': 'HIGH'}",Voltage: 415V | Current Rating: 50KW | Power Rating: 100HP | Conductor Material: STAINLESS STEEL 304 | Insulation Type: HIGH,26000027,518,CNMC-000518,False,70.4,515,CPCL,CP000515,POWER TYPE CIRCUIT BREAKER Voltage:415V
886,HPCL,HP000886,Pipes & Tubes,TUBE,WELDED,TUBE WELDED CUSTOM,METER,{},,27100037,886,CNMC-000886,False,46.8,69,IOCL,IO000069,"TUBE, WELDED Diameter:4"""
46,CPCL,CP000046,Pipes & Tubes,TUBE,STAINLESS STEEL,STNLSS STEEL TUBE End Type:STD,METER,"{'Diameter': '12""', 'Wall Thickness': '3mm', 'Length': '10FT', 'Material Grade': 'STAINLESS STEEL 304', 'End Type': 'STD'}","Diameter: 12"" | Wall Thickness: 3mm | Length: 10FT | Material Grade: STAINLESS STEEL 304 | End Type: STD",27100037,46,CNMC-000046,True,84.1,47,ONGC,ON000047,STAINLESS STEEL TUBE End Type:STD
816,BHEL,BH000816,Pumps,PUMP,CENTRIFUGAL,PUMP CENTRIFUGAL HEAVY,NOS,{},,40150077,813,CNMC-000813,True,80.0,813,BHEL,BH000813,PUMP CENTRIFUGAL HEAVY
158,ONGC,ON000158,Valves,VALVE,GLOBE,VALVE-GLOBE End Connection:STD,EACH,"{'Size': '3/4""', 'Pressure Rating': '300 PSI', 'Body Material': 'ALLOY STEEL', 'End Connection': 'STD', 'Temperature Rating': '5KW'}","Size: 3/4"" | Pressure Rating: 300 PSI | Body Material: ALLOY STEEL | End Connection: STD | Temperature Rating: 5KW",40140061,155,CNMC-000155,True,86.6,155,BHEL,BH000155,valve globe type end connection:std
743,IOCL,IO000743,Instruments,TEMPERATURE TRANSMITTER,SMART,TEMPERATURE TRANSMITTER-SMART Range:0-16 BAR,NOSS,"{'Range': '0-16 BAR', 'Accuracy': 'STD', 'Output Signal': 'LIGHT', 'Process Connection': 'HEAVY', 'Housing Material': 'CARBON STEEL'}",Range: 0-16 BAR | Accuracy: STD | Output Signal: LIGHT | Process Connection: HEAVY | Housing Material: CARBON STEEL,41000059,739,CNMC-000739,True,90.7,739,BHEL,BH000739,TEMPERATURE TRANSMITTER SMART TYPE Range:0-16 BAR
172,IOCL,IO000172,Valves,VALVE,PRESSURE RELIEF,PRESSURE RELIEF VALVE Pressure Rating:300 PSI,NOS,"{'Size': '2""', 'Pressure Rating': '300 PSI', 'Body Material': 'BRONZE', 'End Connection': 'HEAVY', 'Temperature Rating': '10KW'}","Size: 2"" | Pressure Rating: 300 PSI | Body Material: BRONZE | End Connection: HEAVY | Temperature Rating: 10KW",40140061,171,CNMC-000171,True,93.6,171,CCL,CC000171,VALVE-PRESSURE RELIEF Pressure Rating:300 PSI
17,IOCL,IO000017,Pipes & Tubes,TUBE,GALVANIZED,"TUBE (GALVANIZED) Diameter:6""",METER,"{'Diameter': '6""', 'Wall Thickness': '15mm', 'Length': '3M', 'Material Grade': 'STAINLESS STEEL 316', 'End Type': 'HIGH'}","Diameter: 6"" | Wall Thickness: 15mm | Length: 3M | Material Grade: STAINLESS STEEL 316 | End Type: HIGH",27100037,14,CNMC-000014,True,100.0,14,HPCL,HP000014,"TUBE (GALVANIZED) Diameter:6"""
512,BPCL,BP000512,Electrical,TRANSFORMER,HV,TRANSFORMER-HV Voltage:415V,EACH,"{'Voltage': '415V', 'Current Rating': '20HP', 'Power Rating': '5HP', 'Conductor Material': 'BRONZE', 'Insulation Type': 'HEAVY'}",Voltage: 415V | Current Rating: 20HP | Power Rating: 5HP | Conductor Material: BRONZE | Insulation Type: HEAVY,26000051,512,CNMC-000512,False,63.5,513,CPCL,CP000513,TRANSFORMER (HV) Insulation Type:HEAVY
49,IOCL,IO000049,Pipes & Tubes,PIPE,GALVANIZED,pipe (galvanized) length:3m,FOOT,"{'Diameter': '1/2""', 'Wall Thickness': '15mm', 'Length': '3M', 'Material Grade': 'CARBON STEEL', 'End Type': 'LIGHT'}","Diameter: 1/2"" | Wall Thickness: 15mm | Length: 3M | Material Grade: CARBON STEEL | End Type: LIGHT",27100067,49,CNMC-000049,False,67.6,50,GAIL,GA000050,PIPE-GALVANIZED End Type:LIGHT
873,BPCL,BP000873,Bearings,BEARING,THRUST,BEARING THRUST CUSTOM,NOS,{},,31170062,873,CNMC-000873,False,51.2,844,GAIL,GA000844,BEARING THRUST SPECIAL
757,CPCL,CP000757,Electrical,TRANSFORMER,LV,TRANSFORMER LV HEAVY,METER,{},,26000051,757,CNMC-000757,False,43.7,513,CPCL,CP000513,TRANSFORMER (HV) Insulation Type:HEAVY
516,SAIL,SA000516,Electrical,CIRCUIT BREAKER,POWER,"CIRCUIT BREAKER, POWER Insulation Type:HIGH",METER,"{'Voltage': '415V', 'Current Rating': '50KW', 'Power Rating': '100HP', 'Conductor Material': 'STAINLESS STEEL 304', 'Insulation Type': 'HIGH'}",Voltage: 415V | Current Rating: 50KW | Power Rating: 100HP | Conductor Material: STAINLESS STEEL 304 | Insulation Type: HIGH,26000027,516,CNMC-000516,True,100.0,517,GAIL,GA000517,CIRCUIT BREAKER (POWER) Insulation Type:HIGH
623,CPCL,CP000623,Gaskets & Seals,GASKET,RUBBER,"gasket, rubber outer diameter:1/2""",NOSS,"{'Inner Diameter': '12""', 'Outer Diameter': '1/2""', 'Thickness': '15mm', 'Material': 'STAINLESS STEEL 304', 'Pressure Rating': '150 PSI'}","Inner Diameter: 12"" | Outer Diameter: 1/2"" | Thickness: 15mm | Material: STAINLESS STEEL 304 | Pressure Rating: 150 PSI",31180096,623,CNMC-000623,False,60.0,621,BPCL,BP000621,GASKET RUBBER TYPE Thickness:15mm
481,CCL,CC000481,Pumps,PUMP,MULTISTAGE,"PUMP, MULTISTAGE Speed:NORMAL",EACH,"{'Flow Rate': '25 M3/H', 'Head': 'HEAVY', 'Power': '25HP', 'Speed': 'NORMAL', 'Impeller Material': 'BRONZE'}",Flow Rate: 25 M3/H | Head: HEAVY | Power: 25HP | Speed: NORMAL | Impeller Material: BRONZE,40150077,480,CNMC-000480,True,100.0,480,CPCL,CP000480,PUMP (MULTISTAGE) Speed:NORMAL
284,BHEL,BH000284,Bearings,BEARING,ROLLER,BEARING (ROLLER) Width:2mm,EACH,"{'Inside Diameter': '3""', 'Outside Diameter': '8""', 'Width': '2mm', 'Load Rating': '100HP', 'Seal Type': 'HIGH'}","Inside Diameter: 3"" | Outside Diameter: 8"" | Width: 2mm | Load Rating: 100HP | Seal Type: HIGH",31170062,282,CNMC-000282,True,100.0,283,IOCL,IO000283,BEARING-ROLLER Width:2mm
595,HPCL,HP000595,Gaskets & Seals,PACKING,GRAPHITE,"GRAPHITE TYPE PACKING Inner Diameter:4""",NOS,"{'Inner Diameter': '4""', 'Outer Diameter': '3/4""', 'Thickness': '8mm', 'Material': 'ALLOY STEEL', 'Pressure Rating': '600 PSI'}","Inner Diameter: 4"" | Outer Diameter: 3/4"" | Thickness: 8mm | Material: ALLOY STEEL | Pressure Rating: 600 PSI",31180089,595,CNMC-000595,False,76.6,597,CCL,CC000597,"PACKING GRAPHITE TYPE Outer Diameter:3/4"""
226,HPCL,HP000226,Bearings,BEARING,BALL,BEARING BALL TYPE Width:5mm,NOS,"{'Inside Diameter': '8""', 'Outside Diameter': '3""', 'Width': '5mm', 'Load Rating': '50KW', 'Seal Type': 'STD'}","Inside Diameter: 8"" | Outside Diameter: 3"" | Width: 5mm | Load Rating: 50KW | Seal Type: STD",31170062,226,CNMC-000226,False,66.3,224,NTPC,NT000224,BALL TYPE BEARING Seal Type:STD
27,GAIL,GA000027,Pipes & Tubes,TUBE,SEAMLESS,TUBE-SEAMLESS Length:3M,METER,"{'Diameter': '1""', 'Wall Thickness': '2mm', 'Length': '3M', 'Material Grade': 'STAINLESS STEEL 304', 'End Type': 'HEAVY'}","Diameter: 1"" | Wall Thickness: 2mm | Length: 3M | Material Grade: STAINLESS STEEL 304 | End Type: HEAVY",27100037,26,CNMC-000026,True,100.0,26,ONGC,ON000026,TUBE (SEAMLESS) Length:3M
706,BPCL,BP000706,Instruments,TEMPERATURE TRANSMITTER,ELECTRONIC,TEMPERATURE TRANSMITTER ELECTRONIC TYPE Accuracy:NORMAL,NOS,"{'Range': '0-25 BAR', 'Accuracy': 'NORMAL', 'Output Signal': 'HEAVY', 'Process Connection': 'STD', 'Housing Material': 'STAINLESS STEEL 316'}",Range: 0-25 BAR | Accuracy: NORMAL | Output Signal: HEAVY | Process Connection: STD | Housing Material: STAINLESS STEEL 316,41000059,706,CNMC-000706,True,87.4,708,BHEL,BH000708,TEMPERATURE TRANSMITTER-ELECTRONIC Accuracy:NORMAL
438,BHEL,BH000438,Pumps,PUMP,GEAR,PUMP GEAR TYPE Impeller Material:STAINLESS STEL 316,NOS,"{'Flow Rate': '10 M3/H', 'Head': 'HEAVY', 'Power': '5KW', 'Speed': 'HEAVY', 'Impeller Material': 'STAINLESS STEEL 316'}",Flow Rate: 10 M3/H | Head: HEAVY | Power: 5KW | Speed: HEAVY | Impeller Material: STAINLESS STEEL 316,40150077,437,CNMC-000437,True,89.2,437,SAIL,SA000437,PUMP GEAR TYPE Impeller Material:STAINLESS STEEL 316
854,IOCL,IO000854,Electrical,CABLE,HV,CABLE HV SPECIAL,METER,{},,26000075,854,CNMC-000854,False,48.3,791,NTPC,NT000791,CABLE CONTROL SPECIAL
365,ONGC,ON000365,Fasteners,SCREW,FLANGE,SCREW FLANGE TYPE Finish:STD,NOS,"{'Diameter': '3/4""', 'Length': '20FT', 'Thread Pitch': 'NORMAL', 'Material Grade': 'CARBON STEEL', 'Finish': 'STD'}","Diameter: 3/4"" | Length: 20FT | Thread Pitch: NORMAL | Material Grade: CARBON STEEL | Finish: STD",31160062,364,CNMC-000364,True,100.0,364,IOCL,IO000364,SCREW FLANGE TYPE Finish:STD
230,NTPC,NT000230,Bearings,BEARING,TAPERED ROLLER,BEARING (TAPERED ROLLER) Seal Type:NORMAL,EACH,"{'Inside Diameter': '3/4""', 'Outside Diameter': '10""', 'Width': '20mm', 'Load Rating': '10KW', 'Seal Type': 'NORMAL'}","Inside Diameter: 3/4"" | Outside Diameter: 10"" | Width: 20mm | Load Rating: 10KW | Seal Type: NORMAL",31170062,230,CNMC-000230,True,100.0,232,ONGC,ON000232,BEARING (TAPERED ROLLER) Seal Type:NORMAL
38,CCL,CC000038,Pipes & Tubes,TUBE,CARBON STEEL,"CARBON STEEL TYPE TUBE Diameter:6""",FOOT,"{'Diameter': '6""', 'Wall Thickness': '20mm', 'Length': '20FT', 'Material Grade': 'CAST IRON', 'End Type': 'HEAVY'}","Diameter: 6"" | Wall Thickness: 20mm | Length: 20FT | Material Grade: CAST IRON | End Type: HEAVY",27100037,37,CNMC-000037,True,100.0,40,SAIL,SA000040,"CARBON STEEL TYPE TUBE Diameter:6"""
868,BPCL,BP000868,Pipes & Tubes,PIPE,CARBON STEEL,PIPE CARBON STEEL SPECIAL,FOOT,{},,27100067,868,CNMC-000868,False,52.6,793,NTPC,NT000793,PIPE CARBON STEEL HEAVY
375,NTPC,NT000375,Fasteners,SCREW,SPRING,"SCREW, SPRING Material Grade:STAINLESS STEEL 304",NOSS,"{'Diameter': '8""', 'Length': '6M', 'Thread Pitch': 'NORMAL', 'Material Grade': 'STAINLESS STEEL 304', 'Finish': 'STD'}","Diameter: 8"" | Length: 6M | Thread Pitch: NORMAL | Material Grade: STAINLESS STEEL 304 | Finish: STD",31160062,373,CNMC-000373,True,93.0,373,ONGC,ON000373,SPRING SCREW Material Grade:STAINLESS STEEL 304
470,BPCL,BP000470,Pumps,PUMP,SUBMERSIBLE,PUMP SUBMERSIBLE TYPE Flow Rate:10 M3/H,NOS,"{'Flow Rate': '10 M3/H', 'Head': 'NORMAL', 'Power': '50HP', 'Speed': 'LIGHT', 'Impeller Material': 'CAST IRON'}",Flow Rate: 10 M3/H | Head: NORMAL | Power: 50HP | Speed: LIGHT | Impeller Material: CAST IRON,40150077,469,CNMC-000469,True,90.1,469,CCL,CC000469,"PUMP, SUBMERSIBLE Flow Rate:10 M3/H"
870,BPCL,BP000870,Instruments,TEMPERATURE TRANSMITTER,PNEUMATIC,TEMPERATURE TRANSMITTER PNEUMATIC HEAVY,NOS,{},,41000059,870,CNMC-000870,False,50.4,673,HPCL,HP000673,TEMPERATURE TRANSMITTER (PNEUMATIC) Housing Material:CARBON STEEL
766,ONGC,ON000766,Pipes & Tubes,TUBE,GALVANIZED,TUBE GALVANIZED HEAVY,FOOT,{},,27100037,766,CNMC-000766,False,52.0,814,BHEL,BH000814,TUBE GALVANIZED SPECIAL
658,BHEL,BH000658,Gaskets & Seals,SEAL,METAL JACKETED,METAL JACKETED TYPE SEAL Thickness:15mm,NOSS,"{'Inner Diameter': '3""', 'Outer Diameter': '1""', 'Thickness': '15mm', 'Material': 'STAINLESS STEEL 304', 'Pressure Rating': '300 PSI'}","Inner Diameter: 3"" | Outer Diameter: 1"" | Thickness: 15mm | Material: STAINLESS STEEL 304 | Pressure Rating: 300 PSI",31180047,658,CNMC-000658,True,100.0,659,SAIL,SA000659,METAL JACKETED TYPE SEAL Thickness:15mm
195,HPCL,HP000195,Valves,VALVE,GLOBE,VALVE (GLOBE) Pressure Rating:1500 PSI,EACHS,"{'Size': '1/2""', 'Pressure Rating': '1500 PSI', 'Body Material': 'CARBON STEEL', 'End Connection': 'HIGH', 'Temperature Rating': '15HP'}","Size: 1/2"" | Pressure Rating: 1500 PSI | Body Material: CARBON STEEL | End Connection: HIGH | Temperature Rating: 15HP",40140061,194,CNMC-000194,True,90.5,194,CPCL,CP000194,VALVE GLOBE TYPE Pressure Rating:1500 PSI
768,ONGC,ON000768,Gaskets & Seals,O-RING,RUBBER,O-RING RUBBER SPECIAL,NOS,{},,31180009,768,CNMC-000768,False,52.3,831,CCL,CC000831,O-RING RUBBER STD
836,GAIL,GA000836,Electrical,SWITCH,CONTROL,SWITCH CONTROL SPECIAL,NOS,{},,26000002,836,CNMC-000836,False,51.2,820,CCL,CC000820,SWITCH CONTROL HEAVY
504,BHEL,BH000504,Pumps,PUMP,SUBMERSIBLE,pump-submersible speed:heavy,EACH,"{'Flow Rate': '50 M3/H', 'Head': 'HIGH', 'Power': '50HP', 'Speed': 'HEAVY', 'Impeller Material': 'STAINLESS STEEL 316'}",Flow Rate: 50 M3/H | Head: HIGH | Power: 50HP | Speed: HEAVY | Impeller Material: STAINLESS STEEL 316,40150077,500,CNMC-000500,True,100.0,500,SAIL,SA000500,PUMP (SUBMERSIBLE) Speed:HEAVY
884,HPCL,HP000884,Valves,VALVE,PRESSURE RELIEF,VALVE PRESSURE RELIEF SPECIAL,NOS,{},,40140061,884,CNMC-000884,True,80.0,899,HPCL,HP000899,VALVE PRESSURE RELIEF SPECIAL
799,SAIL,SA000799,Pumps,PUMP,MULTISTAGE,PUMP MULTISTAGE SPECIAL,NOS,{},,40150077,789,CNMC-000789,True,80.0,891,HPCL,HP000891,PUMP MULTISTAGE SPECIAL
580,BHEL,BH000580,Electrical,SWITCH,HV,SWITCH HV TYPE Power Rating:50KW,NOS,"{'Voltage': '415V', 'Current Rating': '100HP', 'Power Rating': '50KW', 'Conductor Material': 'STAINLESS STEEL 304', 'Insulation Type': 'NORMAL'}",Voltage: 415V | Current Rating: 100HP | Power Rating: 50KW | Conductor Material: STAINLESS STEEL 304 | Insulation Type: NORMAL,26000002,580,CNMC-000580,False,61.4,581,CCL,CC000581,SWITCH (HV) Current Rating:100HP
871,BPCL,BP000871,Gaskets & Seals,GASKET,PTFE,GASKET PTFE SPECIAL,EACH,{},,31180096,824,CNMC-000824,True,80.0,824,CCL,CC000824,GASKET PTFE SPECIAL
163,NTPC,NT000163,Valves,VALVE,GLOBE,"GLOBE TYPE VALVE Size:1""",NOS,"{'Size': '1""', 'Pressure Rating': '600 PSI', 'Body Material': 'CAST IRON', 'End Connection': 'HIGH', 'Temperature Rating': '50HP'}","Size: 1"" | Pressure Rating: 600 PSI | Body Material: CAST IRON | End Connection: HIGH | Temperature Rating: 50HP",40140061,163,CNMC-000163,False,71.5,161,BPCL,BP000161,"VALVE-GLOBE Size:1"""
637,BPCL,BP000637,Gaskets & Seals,SEAL,PTFE,"SEAL (PTFE) Outer Diameter:10""",NOS,"{'Inner Diameter': '2""', 'Outer Diameter': '10""', 'Thickness': '2mm', 'Material': 'STAINLESS STEEL 316', 'Pressure Rating': '300 PSI'}","Inner Diameter: 2"" | Outer Diameter: 10"" | Thickness: 2mm | Material: STAINLESS STEEL 316 | Pressure Rating: 300 PSI",31180047,637,CNMC-000637,False,71.5,638,CCL,CC000638,"SEAL (PTFE) Inner Diameter:2"""
153,BHEL,BH000153,Valves,VALVE,BUTTERFLY,butterfly valve pressure rating:2500 psi,NOSS,"{'Size': '3/4""', 'Pressure Rating': '2500 PSI', 'Body Material': 'STAINLESS STEEL 304', 'End Connection': 'LIGHT', 'Temperature Rating': '10KW'}","Size: 3/4"" | Pressure Rating: 2500 PSI | Body Material: STAINLESS STEEL 304 | End Connection: LIGHT | Temperature Rating: 10KW",40140061,153,CNMC-000153,False,59.3,147,IOCL,IO000147,VALVE (BUTTERFLY) Pressure Rating:2500 PSI
618,BHEL,BH000618,Gaskets & Seals,PACKING,PTFE,PTFE PACKING Thickness:15mm,NOS,"{'Inner Diameter': '12""', 'Outer Diameter': '10""', 'Thickness': '15mm', 'Material': 'BRONZE', 'Pressure Rating': '1500 PSI'}","Inner Diameter: 12"" | Outer Diameter: 10"" | Thickness: 15mm | Material: BRONZE | Pressure Rating: 1500 PSI",31180089,618,CNMC-000618,False,58.8,619,GAIL,GA000619,"PTFE TYPE PACKING Inner Diameter:12"""
636,IOCL,IO000636,Gaskets & Seals,SEAL,PTFE,"PTFE TYPE SEAL Inner Diameter:2""",EACH,"{'Inner Diameter': '2""', 'Outer Diameter': '10""', 'Thickness': '2mm', 'Material': 'STAINLESS STEEL 316', 'Pressure Rating': '300 PSI'}","Inner Diameter: 2"" | Outer Diameter: 10"" | Thickness: 2mm | Material: STAINLESS STEEL 316 | Pressure Rating: 300 PSI",31180047,636,CNMC-000636,False,79.7,638,CCL,CC000638,"SEAL (PTFE) Inner Diameter:2"""
724,ONGC,ON000724,Instruments,PRESSURE GAUGE,PNEUMATIC,PRESSURE GAUGE-PNEUMATIC Housing Material:BRONZE,EACHS,"{'Range': '0-25 BAR', 'Accuracy': 'NORMAL', 'Output Signal': 'HEAVY', 'Process Connection': 'LIGHT', 'Housing Material': 'BRONZE'}",Range: 0-25 BAR | Accuracy: NORMAL | Output Signal: HEAVY | Process Connection: LIGHT | Housing Material: BRONZE,41000061,724,CNMC-000724,False,66.9,725,BPCL,BP000725,PRESSURE GAUGE (PNEUMATIC) Process Connection:LIGHT
112,GAIL,GA000112,Valves,VALVE,CHECK,VALVE-CHECK Pressure Rating:1500 PSI,EACH,"{'Size': '3""', 'Pressure Rating': '1500 PSI', 'Body Material': 'BRONZE', 'End Connection': 'STD', 'Temperature Rating': '10HP'}","Size: 3"" | Pressure Rating: 1500 PSI | Body Material: BRONZE | End Connection: STD | Temperature Rating: 10HP",40140061,112,CNMC-000112,False,61.1,110,BHEL,BH000110,"VALVE-CHECK Size:3"""
227,GAIL,GA000227,Bearings,BEARING,BALL,"BALL BEARING Outside Diameter:3""",NOS,"{'Inside Diameter': '8""', 'Outside Diameter': '3""', 'Width': '5mm', 'Load Rating': '50KW', 'Seal Type': 'STD'}","Inside Diameter: 8"" | Outside Diameter: 3"" | Width: 5mm | Load Rating: 50KW | Seal Type: STD",31170062,227,CNMC-000227,True,82.7,228,CCL,CC000228,"BEARING-BALL Outside Diameter:3"""
704,CPCL,CP000704,Instruments,LEVEL SWITCH,ANALOG,"LEVEL SWITCH, ANALOG Accuracy:HIGH",EACH,"{'Range': '0-10 BAR', 'Accuracy': 'HIGH', 'Output Signal': 'HEAVY', 'Process Connection': 'HEAVY', 'Housing Material': 'ALLOY STEEL'}",Range: 0-10 BAR | Accuracy: HIGH | Output Signal: HEAVY | Process Connection: HEAVY | Housing Material: ALLOY STEEL,41000004,701,CNMC-000701,True,100.0,701,BPCL,BP000701,level switch-analog accuracy:high
104,CCL,CC000104,Valves,VALVE,PRESSURE RELIEF,"VALVE, PRESSURE RELIEF Pressure Rating:150 PSI",EACH,"{'Size': '3""', 'Pressure Rating': '150 PSI', 'Body Material': 'CARBON STEEL', 'End Connection': 'HIGH', 'Temperature Rating': '50HP'}","Size: 3"" | Pressure Rating: 150 PSI | Body Material: CARBON STEEL | End Connection: HIGH | Temperature Rating: 50HP",40140061,104,CNMC-000104,False,61.8,102,HPCL,HP000102,VALVE-PRESSURE RELIEF Body Material:CARBON STEEL
422,SAIL,SA000422,Pumps,PUMP,MULTISTAGE,MULTISTAGE TYPE PUMP Speed:NORMAL,NOS,"{'Flow Rate': '25 M3/H', 'Head': 'STD', 'Power': '10HP', 'Speed': 'NORMAL', 'Impeller Material': 'STAINLESS STEEL 304'}",Flow Rate: 25 M3/H | Head: STD | Power: 10HP | Speed: NORMAL | Impeller Material: STAINLESS STEEL 304,40150077,422,CNMC-000422,False,71.0,420,ONGC,ON000420,MULTISTAGE TYPE PUMP Power:10HP
420,ONGC,ON000420,Pumps,PUMP,MULTISTAGE,MULTISTAGE TYPE PUMP Power:10HP,EACH,"{'Flow Rate': '25 M3/H', 'Head': 'STD', 'Power': '10HP', 'Speed': 'NORMAL', 'Impeller Material': 'STAINLESS STEEL 304'}",Flow Rate: 25 M3/H | Head: STD | Power: 10HP | Speed: NORMAL | Impeller Material: STAINLESS STEEL 304,40150077,420,CNMC-000420,True,83.6,421,CCL,CC000421,"PUMP, MULTISTAGE Power:10HP"
587,ONGC,ON000587,Electrical,MOTOR,HV,MOTOR-HV Voltage:6.6KV,METER,"{'Voltage': '6.6KV', 'Current Rating': '5HP', 'Power Rating': '10HP', 'Conductor Material': 'CAST IRON', 'Insulation Type': 'LIGHT'}",Voltage: 6.6KV | Current Rating: 5HP | Power Rating: 10HP | Conductor Material: CAST IRON | Insulation Type: LIGHT,26000034,587,CNMC-000587,False,61.0,590,CCL,CC000590,MOTOR-HV Current Rating:5HP
120,CCL,CC000120,Valves,VALVE,CHECK,VALVE-CHECK Temperature Rating:5HP,EACH,"{'Size': '2""', 'Pressure Rating': '600 PSI', 'Body Material': 'STAINLESS STEEL 316', 'End Connection': 'NORMAL', 'Temperature Rating': '5HP'}","Size: 2"" | Pressure Rating: 600 PSI | Body Material: STAINLESS STEEL 316 | End Connection: NORMAL | Temperature Rating: 5HP",40140061,117,CNMC-000117,True,100.0,117,GAIL,GA000117,"VALVE, CHECK Temperature Rating:5HP"
54,BHEL,BH000054,Pipes & Tubes,TUBE,WELDED,TUBE-WELDED Wall Thickness:5mm,METER,"{'Diameter': '3""', 'Wall Thickness': '5mm', 'Length': '10FT', 'Material Grade': 'CAST IRON', 'End Type': 'LIGHT'}","Diameter: 3"" | Wall Thickness: 5mm | Length: 10FT | Material Grade: CAST IRON | End Type: LIGHT",27100037,54,CNMC-000054,True,89.0,55,CPCL,CP000055,TUBE WELDED TYPE Wall Thickness:5mm
152,ONGC,ON000152,Valves,VALVE,BUTTERFLY,"VALVE (BUTTERFLY) Size:3/4""",EACH,"{'Size': '3/4""', 'Pressure Rating': '2500 PSI', 'Body Material': 'STAINLESS STEEL 304', 'End Connection': 'LIGHT', 'Temperature Rating': '10KW'}","Size: 3/4"" | Pressure Rating: 2500 PSI | Body Material: STAINLESS STEEL 304 | End Connection: LIGHT | Temperature Rating: 10KW",40140061,152,CNMC-000152,False,58.8,153,BHEL,BH000153,butterfly valve pressure rating:2500 psi
404,BHEL,BH000404,Fasteners,WASHER,SOCKET HEAD,"SOCKET HEAD WASHER Diameter:4""",KG,"{'Diameter': '4""', 'Length': '20FT', 'Thread Pitch': 'LIGHT', 'Material Grade': 'CARBON STEEL', 'Finish': 'HIGH'}","Diameter: 4"" | Length: 20FT | Thread Pitch: LIGHT | Material Grade: CARBON STEEL | Finish: HIGH",31160015,404,CNMC-000404,True,86.5,405,BPCL,BP000405,"SOCKET HEAD TYPE WASHER Diameter:4"""
849,IOCL,IO000849,Valves,VALVE,PRESSURE RELIEF,VALVE PRESSURE RELIEF HEAVY,EACH,{},,40140061,849,CNMC-000849,False,54.2,867,BPCL,BP000867,VALVE PRESSURE RELIEF STD
208,SAIL,SA000208,Bearings,BEARING,TAPERED ROLLER,"BEARING (TAPERED ROLLER) Inside Diameter:1""",EACH,"{'Inside Diameter': '1""', 'Outside Diameter': '3""', 'Width': '5mm', 'Load Rating': '10HP', 'Seal Type': 'HEAVY'}","Inside Diameter: 1"" | Outside Diameter: 3"" | Width: 5mm | Load Rating: 10HP | Seal Type: HEAVY",31170062,208,CNMC-000208,False,71.6,207,BPCL,BP000207,"BEARING, TAPERED ROLLER Load Rating:10HP"
760,CPCL,CP000760,Instruments,CONTROL VALVE,ELECTRONIC,CONTROL VALVE ELECTRONIC STD,EACH,{},,41000013,760,CNMC-000760,False,47.0,869,BPCL,BP000869,CONTROL VALVE PNEUMATIC STD
688,IOCL,IO000688,Instruments,FLOW METER,SMART,SMART TYPE FLOW METER Range:0-25 BAR,EACH,"{'Range': '0-25 BAR', 'Accuracy': 'HEAVY', 'Output Signal': 'HEAVY', 'Process Connection': 'HIGH', 'Housing Material': 'STAINLESS STEEL 304'}",Range: 0-25 BAR | Accuracy: HEAVY | Output Signal: HEAVY | Process Connection: HIGH | Housing Material: STAINLESS STEEL 304,41000046,688,CNMC-000688,True,85.9,690,BPCL,BP000690,FLOW METER (SMART) Range:0-25 BAR
9,NTPC,NT000009,Pipes & Tubes,TUBING,CARBON STEEL,"tubing, carbon steel diameter:1/2""",METER,"{'Diameter': '1/2""', 'Wall Thickness': '8mm', 'Length': '6M', 'Material Grade': 'ALLOY STEEL', 'End Type': 'HEAVY'}","Diameter: 1/2"" | Wall Thickness: 8mm | Length: 6M | Material Grade: ALLOY STEEL | End Type: HEAVY",27100056,7,CNMC-000007,True,100.0,7,GAIL,GA000007,"TUBING (CARBON STEEL) Diameter:1/2"""
729,ONGC,ON000729,Instruments,TEMPERATURE TRANSMITTER,SMART,TEMPERATURE TRANSMITTER-SMART Range:0-10 BAR,EACHS,"{'Range': '0-10 BAR', 'Accuracy': 'LIGHT', 'Output Signal': 'LIGHT', 'Process Connection': 'NORMAL', 'Housing Material': 'ALLOY STEEL'}",Range: 0-10 BAR | Accuracy: LIGHT | Output Signal: LIGHT | Process Connection: NORMAL | Housing Material: ALLOY STEEL,41000059,728,CNMC-000728,True,100.0,728,BPCL,BP000728,TEMPERATURE TRANSMITTER (SMART) Range:0-10 BAR
37,BHEL,BH000037,Pipes & Tubes,TUBE,CARBON STEEL,"carbon steel tube diameter:6""",METER,"{'Diameter': '6""', 'Wall Thickness': '20mm', 'Length': '20FT', 'Material Grade': 'CAST IRON', 'End Type': 'HEAVY'}","Diameter: 6"" | Wall Thickness: 20mm | Length: 20FT | Material Grade: CAST IRON | End Type: HEAVY",27100037,37,CNMC-000037,True,86.7,40,SAIL,SA000040,"CARBON STEEL TYPE TUBE Diameter:6"""
453,CCL,CC000453,Pumps,PUMP,SUBMERSIBLE,submersible type pump power:50kw,EACH,"{'Flow Rate': '50 M3/H', 'Head': 'HEAVY', 'Power': '50KW', 'Speed': 'STD', 'Impeller Material': 'ALLOY STEEL'}",Flow Rate: 50 M3/H | Head: HEAVY | Power: 50KW | Speed: STD | Impeller Material: ALLOY STEEL,40150077,453,CNMC-000453,True,82.7,454,HPCL,HP000454,PUMP (SUBMERSIBLE) Power:50KW
254,CCL,CC000254,Bearings,BEARING,THRUST,BEARING THRUST TYPE Width:5mm,EACH,"{'Inside Diameter': '1""', 'Outside Diameter': '3/4""', 'Width': '5mm', 'Load Rating': '5KW', 'Seal Type': 'STD'}","Inside Diameter: 1"" | Outside Diameter: 3/4"" | Width: 5mm | Load Rating: 5KW | Seal Type: STD",31170062,254,CNMC-000254,True,86.4,256,ONGC,ON000256,bearing-thrust width:5mm
304,CPCL,CP000304,Bearings,BEARING,BALL,BEARING-BALL Width:2mm,NOSS,"{'Inside Diameter': '1""', 'Outside Diameter': '3/4""', 'Width': '2mm', 'Load Rating': '15HP', 'Seal Type': 'HIGH'}","Inside Diameter: 1"" | Outside Diameter: 3/4"" | Width: 2mm | Load Rating: 15HP | Seal Type: HIGH",31170062,304,CNMC-000304,False,61.9,306,BPCL,BP000306,"BEARING (BALL) Outside Diameter:3/4"""
674,CCL,CC000674,Instruments,TEMPERATURE TRANSMITTER,PNEUMATIC,"TEMPERATURE TRANSMITTER, PNEUMATIC Housing Material:CARBON STEL",EACH,"{'Range': '0-10 BAR', 'Accuracy': 'LIGHT', 'Output Signal': 'HEAVY', 'Process Connection': 'HEAVY', 'Housing Material': 'CARBON STEEL'}",Range: 0-10 BAR | Accuracy: LIGHT | Output Signal: HEAVY | Process Connection: HEAVY | Housing Material: CARBON STEEL,41000059,672,CNMC-000672,True,90.2,673,HPCL,HP000673,TEMPERATURE TRANSMITTER (PNEUMATIC) Housing Material:CARBON STEEL
572,GAIL,GA000572,Electrical,CIRCUIT BREAKER,INSTRUMENTATION,INSTRUMENTATION TYPE CIRCUIT BREAKER Voltage:230V,EACH,"{'Voltage': '230V', 'Current Rating': '50KW', 'Power Rating': '10HP', 'Conductor Material': 'CARBON STEEL', 'Insulation Type': 'HEAVY'}",Voltage: 230V | Current Rating: 50KW | Power Rating: 10HP | Conductor Material: CARBON STEEL | Insulation Type: HEAVY,26000027,572,CNMC-000572,False,63.5,574,SAIL,SA000574,CIRCUIT BREAKER (INSTRUMENTATION) Insulation Type:HEAVY
624,GAIL,GA000624,Gaskets & Seals,GASKET,RUBBER,GASKET (RUBBER) Material:STAINLESS STEEL 304,NOS,"{'Inner Diameter': '12""', 'Outer Diameter': '1/2""', 'Thickness': '15mm', 'Material': 'STAINLESS STEEL 304', 'Pressure Rating': '150 PSI'}","Inner Diameter: 12"" | Outer Diameter: 1/2"" | Thickness: 15mm | Material: STAINLESS STEEL 304 | Pressure Rating: 150 PSI",31180096,620,CNMC-000620,True,91.2,620,SAIL,SA000620,GASKET RUBBER TYPE Material:STAINLESS STEEL 304
753,NTPC,NT000753,Instruments,TEMPERATURE TRANSMITTER,ANALOG,ANALOG TYPE TEMPERATURE TRANSMITTER Housing Material:CAST IRON,NOS,"{'Range': '0-10 BAR', 'Accuracy': 'STD', 'Output Signal': 'HEAVY', 'Process Connection': 'HIGH', 'Housing Material': 'CAST IRON'}",Range: 0-10 BAR | Accuracy: STD | Output Signal: HEAVY | Process Connection: HIGH | Housing Material: CAST IRON,41000059,752,CNMC-000752,True,100.0,755,ONGC,ON000755,ANALOG TYPE TEMPERATURE TRANSMITTER Housing Material:CAST IRON
652,CPCL,CP000652,Gaskets & Seals,PACKING,SPIRAL WOUND,"SPIRAL WOUND TYPE PACKING Inner Diameter:1""",EACH,"{'Inner Diameter': '1""', 'Outer Diameter': '1/2""', 'Thickness': '2mm', 'Material': 'STAINLESS STEEL 304', 'Pressure Rating': '150 PSI'}","Inner Diameter: 1"" | Outer Diameter: 1/2"" | Thickness: 2mm | Material: STAINLESS STEEL 304 | Pressure Rating: 150 PSI",31180089,652,CNMC-000652,False,69.1,653,GAIL,GA000653,PACKING SPIRAL WOUND TYPE Pressure Rating:150 PSI
263,SAIL,SA000263,Bearings,BEARING,BALL,BALL TYPE BEARING Load Rating:10HP,NOSS,"{'Inside Diameter': '3""', 'Outside Diameter': '1""', 'Width': '8mm', 'Load Rating': '10HP', 'Seal Type': 'STD'}","Inside Diameter: 3"" | Outside Diameter: 1"" | Width: 8mm | Load Rating: 10HP | Seal Type: STD",31170062,263,CNMC-000263,False,68.0,295,BHEL,BH000295,BALL TYPE BEARING Load Rating:10HP
611,CPCL,CP000611,Gaskets & Seals,O-RING,METAL JACKETED,METAL JACKETED TYPE O-RING Pressure Rating:300 PSI,NOS,"{'Inner Diameter': '1""', 'Outer Diameter': '12""', 'Thickness': '20mm', 'Material': 'STAINLESS STEEL 316', 'Pressure Rating': '300 PSI'}","Inner Diameter: 1"" | Outer Diameter: 12"" | Thickness: 20mm | Material: STAINLESS STEEL 316 | Pressure Rating: 300 PSI",31180009,611,CNMC-000611,False,61.8,613,BPCL,BP000613,O-RING (METAL JACKETED) Thickness:20mm
298,CPCL,CP000298,Bearings,BEARING,SPHERICAL,SPHERICAL TYPE BEARING Load Rating:15HP,NOS,"{'Inside Diameter': '3""', 'Outside Diameter': '6""', 'Width': '8mm', 'Load Rating': '15HP', 'Seal Type': 'STD'}","Inside Diameter: 3"" | Outside Diameter: 6"" | Width: 8mm | Load Rating: 15HP | Seal Type: STD",31170062,298,CNMC-000298,True,90.7,302,ONGC,ON000302,SPHERICAL BEARING Load Rating:15HP
415,CPCL,CP000415,Pumps,PUMP,MULTISTAGE,MULTISTAGE PUMP Power:15HP,NOS,"{'Flow Rate': '200 M3/H', 'Head': 'HIGH', 'Power': '15HP', 'Speed': 'LIGHT', 'Impeller Material': 'STAINLESS STEEL 304'}",Flow Rate: 200 M3/H | Head: HIGH | Power: 15HP | Speed: LIGHT | Impeller Material: STAINLESS STEEL 304,40150077,415,CNMC-000415,False,68.0,447,HPCL,HP000447,MULTISTAGE PUMP Power:10HP
151,NTPC,NT000151,Valves,VALVE,BUTTERFLY,VALVE BUTTERFLY TYPE Temperature Rating:25HP,NOSS,"{'Size': '2""', 'Pressure Rating': '2500 PSI', 'Body Material': 'STAINLESS STEEL 316', 'End Connection': 'STD', 'Temperature Rating': '25HP'}","Size: 2"" | Pressure Rating: 2500 PSI | Body Material: STAINLESS STEEL 316 | End Connection: STD | Temperature Rating: 25HP",40140061,148,CNMC-000148,True,91.2,148,BPCL,BP000148,BUTTERFLY TYPE VALVE Temperature Rating:25HP
712,CCL,CC000712,Instruments,PRESSURE GAUGE,SMART,PRESSURE GAUGE-SMART Process Connection:HIGH,EACHS,"{'Range': '0-25 BAR', 'Accuracy': 'HEAVY', 'Output Signal': 'HIGH', 'Process Connection': 'HIGH', 'Housing Material': 'STAINLESS STEEL 304'}",Range: 0-25 BAR | Accuracy: HEAVY | Output Signal: HIGH | Process Connection: HIGH | Housing Material: STAINLESS STEEL 304,41000061,712,CNMC-000712,False,62.5,711,NTPC,NT000711,"PRESSURE GAUGE, SMART Accuracy:HEAVY"
798,SAIL,SA000798,Pumps,PUMP,GEAR,PUMP GEAR STD,NOS,{},,40150077,798,CNMC-000798,False,52.5,856,IOCL,IO000856,PUMP GEAR SPECIAL
551,BPCL,BP000551,Electrical,SWITCH,CONTROL,SWITCH-CONTROL Current Rating:15HP,EACH,"{'Voltage': '33KV', 'Current Rating': '15HP', 'Power Rating': '50KW', 'Conductor Material': 'STAINLESS STEEL 316', 'Insulation Type': 'HEAVY'}",Voltage: 33KV | Current Rating: 15HP | Power Rating: 50KW | Conductor Material: STAINLESS STEEL 316 | Insulation Type: HEAVY,26000002,550,CNMC-000550,True,100.0,550,GAIL,GA000550,SWITCH-CONTROL Current Rating:15HP
489,CPCL,CP000489,Pumps,PUMP,POSITIVE DISPLACEMENT,POSITIVE DISPLACEMENT PUMP Flow Rate:25 M3/H,NOS,"{'Flow Rate': '25 M3/H', 'Head': 'NORMAL', 'Power': '15HP', 'Speed': 'HEAVY', 'Impeller Material': 'STAINLESS STEEL 316'}",Flow Rate: 25 M3/H | Head: NORMAL | Power: 15HP | Speed: HEAVY | Impeller Material: STAINLESS STEEL 316,40150077,489,CNMC-000489,False,69.0,487,BHEL,BH000487,POSITIVE DISPLACEMENT PUMP Speed:HEAVY
148,BPCL,BP000148,Valves,VALVE,BUTTERFLY,BUTTERFLY TYPE VALVE Temperature Rating:25HP,NOS,"{'Size': '2""', 'Pressure Rating': '2500 PSI', 'Body Material': 'STAINLESS STEEL 316', 'End Connection': 'STD', 'Temperature Rating': '25HP'}","Size: 2"" | Pressure Rating: 2500 PSI | Body Material: STAINLESS STEEL 316 | End Connection: STD | Temperature Rating: 25HP",40140061,148,CNMC-000148,True,91.2,151,NTPC,NT000151,VALVE BUTTERFLY TYPE Temperature Rating:25HP
147,IOCL,IO000147,Valves,VALVE,BUTTERFLY,VALVE (BUTTERFLY) Pressure Rating:2500 PSI,EACH,"{'Size': '2""', 'Pressure Rating': '2500 PSI', 'Body Material': 'STAINLESS STEEL 316', 'End Connection': 'STD', 'Temperature Rating': '25HP'}","Size: 2"" | Pressure Rating: 2500 PSI | Body Material: STAINLESS STEEL 316 | End Connection: STD | Temperature Rating: 25HP",40140061,147,CNMC-000147,False,64.1,150,SAIL,SA000150,"VALVE BUTTERFLY TYPE Size:2"""
653,GAIL,GA000653,Gaskets & Seals,PACKING,SPIRAL WOUND,PACKING SPIRAL WOUND TYPE Pressure Rating:150 PSI,EACH,"{'Inner Diameter': '1""', 'Outer Diameter': '1/2""', 'Thickness': '2mm', 'Material': 'STAINLESS STEEL 304', 'Pressure Rating': '150 PSI'}","Inner Diameter: 1"" | Outer Diameter: 1/2"" | Thickness: 2mm | Material: STAINLESS STEEL 304 | Pressure Rating: 150 PSI",31180089,653,CNMC-000653,False,69.1,652,CPCL,CP000652,"SPIRAL WOUND TYPE PACKING Inner Diameter:1"""
835,GAIL,GA000835,Bearings,BEARING,ROLLER,BEARING ROLLER STD,EACH,{},,31170062,784,CNMC-000784,True,80.0,810,BHEL,BH000810,BEARING ROLLER STD
668,ONGC,ON000668,Instruments,FLOW METER,ELECTRONIC,FLOW METER ELECTRONIC TYPE Accuracy:LIGHT,NOS,"{'Range': '0-16 BAR', 'Accuracy': 'LIGHT', 'Output Signal': 'HEAVY', 'Process Connection': 'HEAVY', 'Housing Material': 'BRONZE'}",Range: 0-16 BAR | Accuracy: LIGHT | Output Signal: HEAVY | Process Connection: HEAVY | Housing Material: BRONZE,41000046,668,CNMC-000668,False,70.7,669,IOCL,IO000669,flow meter electronic type range:0-16 bar
349,ONGC,ON000349,Fasteners,STUD,HEX HEAD,STUD (HEX HEAD) Length:20FT,KG,"{'Diameter': '1""', 'Length': '20FT', 'Thread Pitch': 'NORMAL', 'Material Grade': 'BRONZE', 'Finish': 'STD'}","Diameter: 1"" | Length: 20FT | Thread Pitch: NORMAL | Material Grade: BRONZE | Finish: STD",31160032,349,CNMC-000349,False,64.8,352,HPCL,HP000352,stud hex head type finish:std
464,GAIL,GA000464,Pumps,PUMP,CENTRIFUGAL,PUMP-CENTRIFUGAL Power:50KW,NOS,"{'Flow Rate': '10 M3/H', 'Head': 'HEAVY', 'Power': '50KW', 'Speed': 'HIGH', 'Impeller Material': 'STAINLESS STEEL 304'}",Flow Rate: 10 M3/H | Head: HEAVY | Power: 50KW | Speed: HIGH | Impeller Material: STAINLESS STEEL 304,40150077,460,CNMC-000460,True,100.0,460,BPCL,BP000460,PUMP (CENTRIFUGAL) Power:50KW
326,CPCL,CP000326,Fasteners,NUT,HEX HEAD,"NUT (HEX HEAD) Diameter:8""",NOSS,"{'Diameter': '8""', 'Length': '20FT', 'Thread Pitch': 'NORMAL', 'Material Grade': 'STAINLESS STEEL 304', 'Finish': 'LIGHT'}","Diameter: 8"" | Length: 20FT | Thread Pitch: NORMAL | Material Grade: STAINLESS STEEL 304 | Finish: LIGHT",31160062,326,CNMC-000326,True,81.5,327,GAIL,GA000327,"nut hex head type diameter:8"""
187,IOCL,IO000187,Valves,VALVE,BUTTERFLY,BUTTERFLY VALVE Pressure Rating:300 PSI,NOS,"{'Size': '2""', 'Pressure Rating': '300 PSI', 'Body Material': 'CARBON STEEL', 'End Connection': 'LIGHT', 'Temperature Rating': '100HP'}","Size: 2"" | Pressure Rating: 300 PSI | Body Material: CARBON STEEL | End Connection: LIGHT | Temperature Rating: 100HP",40140061,187,CNMC-000187,False,62.3,177,CCL,CC000177,GLOBE VALVE Pressure Rating:300 PSI
124,NTPC,NT000124,Valves,VALVE,GATE,"VALVE (GATE) Size:12""",NOS,"{'Size': '12""', 'Pressure Rating': '150 PSI', 'Body Material': 'CAST IRON', 'End Connection': 'HEAVY', 'Temperature Rating': '50KW'}","Size: 12"" | Pressure Rating: 150 PSI | Body Material: CAST IRON | End Connection: HEAVY | Temperature Rating: 50KW",40140061,121,CNMC-000121,True,82.4,121,SAIL,SA000121,"GATE TYPE VALVE Size:12"""
767,ONGC,ON000767,Instruments,PRESSURE GAUGE,ANALOG,PRESSURE GAUGE ANALOG SPECIAL,EACH,{},,41000061,767,CNMC-000767,False,52.5,759,CPCL,CP000759,PRESSURE GAUGE SMART SPECIAL
609,CCL,CC000609,Gaskets & Seals,GASKET,METAL JACKETED,"METAL JACKETED TYPE GASKET Inner Diameter:3/4""",EACHS,"{'Inner Diameter': '3/4""', 'Outer Diameter': '3/4""', 'Thickness': '15mm', 'Material': 'CARBON STEEL', 'Pressure Rating': '1500 PSI'}","Inner Diameter: 3/4"" | Outer Diameter: 3/4"" | Thickness: 15mm | Material: CARBON STEEL | Pressure Rating: 1500 PSI",31180096,607,CNMC-000607,True,84.2,607,IOCL,IO000607,"GASKET (METAL JACKETED) Inner Diameter:3/4"""
144,HPCL,HP000144,Valves,VALVE,PRESSURE RELIEF,PRESSURE RELIEF VALVE Pressure Rating:600 PSI,NOS,"{'Size': '2""', 'Pressure Rating': '600 PSI', 'Body Material': 'STAINLESS STEEL 316', 'End Connection': 'NORMAL', 'Temperature Rating': '100HP'}","Size: 2"" | Pressure Rating: 600 PSI | Body Material: STAINLESS STEEL 316 | End Connection: NORMAL | Temperature Rating: 100HP",40140061,144,CNMC-000144,False,64.1,145,SAIL,SA000145,PRESSURE RELIEF TYPE VALVE Temperature Rating:100HP
899,HPCL,HP000899,Valves,VALVE,PRESSURE RELIEF,VALVE PRESSURE RELIEF SPECIAL,NOS,{},,40140061,884,CNMC-000884,True,80.0,884,HPCL,HP000884,VALVE PRESSURE RELIEF SPECIAL
198,NTPC,NT000198,Valves,VALVE,CHECK,"VALVE, CHECK Temperature Rating:10KW",EACHS,"{'Size': '12""', 'Pressure Rating': '900 PSI', 'Body Material': 'CAST IRON', 'End Connection': 'HIGH', 'Temperature Rating': '10KW'}","Size: 12"" | Pressure Rating: 900 PSI | Body Material: CAST IRON | End Connection: HIGH | Temperature Rating: 10KW",40140061,196,CNMC-000196,True,88.0,196,CCL,CC000196,valve check type temperature rating:10kw
610,GAIL,GA000610,Gaskets & Seals,O-RING,METAL JACKETED,"METAL JACKETED O-RING Outer Diameter:12""",EACH,"{'Inner Diameter': '1""', 'Outer Diameter': '12""', 'Thickness': '20mm', 'Material': 'STAINLESS STEEL 316', 'Pressure Rating': '300 PSI'}","Inner Diameter: 1"" | Outer Diameter: 12"" | Thickness: 20mm | Material: STAINLESS STEEL 316 | Pressure Rating: 300 PSI",31180009,610,CNMC-000610,False,63.7,613,BPCL,BP000613,O-RING (METAL JACKETED) Thickness:20mm
280,GAIL,GA000280,Bearings,BEARING,ROLLER,ROLLER TYPE BEARING Seal Type:LIGHT,EACH,"{'Inside Diameter': '1/2""', 'Outside Diameter': '4""', 'Width': '3mm', 'Load Rating': '5KW', 'Seal Type': 'LIGHT'}","Inside Diameter: 1/2"" | Outside Diameter: 4"" | Width: 3mm | Load Rating: 5KW | Seal Type: LIGHT",31170062,280,CNMC-000280,False,70.8,309,GAIL,GA000309,TAPERED ROLLER TYPE BEARING Seal Type:LIGHT
294,ONGC,ON000294,Bearings,BEARING,BALL,BALL BEARING Load Rating:10HP,EACH,"{'Inside Diameter': '4""', 'Outside Diameter': '3""', 'Width': '20mm', 'Load Rating': '10HP', 'Seal Type': 'NORMAL'}","Inside Diameter: 4"" | Outside Diameter: 3"" | Width: 20mm | Load Rating: 10HP | Seal Type: NORMAL",31170062,294,CNMC-000294,True,90.6,295,BHEL,BH000295,BALL TYPE BEARING Load Rating:10HP
401,NTPC,NT000401,Fasteners,SCREW,SOCKET HEAD,SOCKET HEAD SCREW Material Grade:ALLOY STEEL,NOS,"{'Diameter': '1/2""', 'Length': '3M', 'Thread Pitch': 'NORMAL', 'Material Grade': 'ALLOY STEEL', 'Finish': 'HEAVY'}","Diameter: 1/2"" | Length: 3M | Thread Pitch: NORMAL | Material Grade: ALLOY STEEL | Finish: HEAVY",31160062,401,CNMC-000401,False,64.1,402,BHEL,BH000402,"SCREW (SOCKET HEAD) Diameter:1/2"""
123,CCL,CC000123,Valves,VALVE,GATE,VALVE-GATE End Connection:HEAVY,EACH,"{'Size': '12""', 'Pressure Rating': '150 PSI', 'Body Material': 'CAST IRON', 'End Connection': 'HEAVY', 'Temperature Rating': '50KW'}","Size: 12"" | Pressure Rating: 150 PSI | Body Material: CAST IRON | End Connection: HEAVY | Temperature Rating: 50KW",40140061,122,CNMC-000122,True,87.3,122,BPCL,BP000122,VALVE GATE TYPE End Connection:HEAVY
184,GAIL,GA000184,Valves,VALVE,CHECK,CHECK TYPE VALVE End Connection:STD,EACH,"{'Size': '10""', 'Pressure Rating': '150 PSI', 'Body Material': 'CARBON STEEL', 'End Connection': 'STD', 'Temperature Rating': '15HP'}","Size: 10"" | Pressure Rating: 150 PSI | Body Material: CARBON STEEL | End Connection: STD | Temperature Rating: 15HP",40140061,180,CNMC-000180,True,100.0,182,BHEL,BH000182,CHECK TYPE VALVE End Connection:STD
203,SAIL,SA000203,Valves,VALVE,BALL,"VALVE (BALL) Size:4""",NOS,"{'Size': '4""', 'Pressure Rating': '900 PSI', 'Body Material': 'CAST IRON', 'End Connection': 'NORMAL', 'Temperature Rating': '50KW'}","Size: 4"" | Pressure Rating: 900 PSI | Body Material: CAST IRON | End Connection: NORMAL | Temperature Rating: 50KW",40140061,203,CNMC-000203,False,78.4,204,GAIL,GA000204,"VALVE BALL TYPE Size:4"""
439,GAIL,GA000439,Pumps,PUMP,POSITIVE DISPLACEMENT,"PUMP, POSITIVE DISPLACEMENT Speed:NORMAL",EACH,"{'Flow Rate': '100 M3/H', 'Head': 'HIGH', 'Power': '100HP', 'Speed': 'NORMAL', 'Impeller Material': 'BRONZE'}",Flow Rate: 100 M3/H | Head: HIGH | Power: 100HP | Speed: NORMAL | Impeller Material: BRONZE,40150077,439,CNMC-000439,False,76.0,505,CCL,CC000505,"PUMP, POSITIVE DISPLACEMENT Speed:NORMAL"
247,BHEL,BH000247,Bearings,BEARING,BALL,"BALL BEARING Outside Diameter:2""",EACH,"{'Inside Diameter': '3""', 'Outside Diameter': '2""', 'Width': '3mm', 'Load Rating': '5HP', 'Seal Type': 'LIGHT'}","Inside Diameter: 3"" | Outside Diameter: 2"" | Width: 3mm | Load Rating: 5HP | Seal Type: LIGHT",31170062,247,CNMC-000247,False,66.8,245,HPCL,HP000245,BALL BEARING Seal Type:LIGHT
416,CCL,CC000416,Pumps,PUMP,MULTISTAGE,PUMP MULTISTAGE TYPE Head:HIGH,NOS,"{'Flow Rate': '200 M3/H', 'Head': 'HIGH', 'Power': '15HP', 'Speed': 'LIGHT', 'Impeller Material': 'STAINLESS STEEL 304'}",Flow Rate: 200 M3/H | Head: HIGH | Power: 15HP | Speed: LIGHT | Impeller Material: STAINLESS STEEL 304,40150077,416,CNMC-000416,False,66.0,414,HPCL,HP000414,PUMP MULTISTAGE TYPE Flow Rate:200 M3/H
797,SAIL,SA000797,Gaskets & Seals,PACKING,PTFE,PACKING PTFE STD,EACH,{},,31180089,797,CNMC-000797,False,45.3,617,CPCL,CP000617,"PACKING (PTFE) Inner Diameter:12"""
130,GAIL,GA000130,Valves,VALVE,PRESSURE RELIEF,VALVE PRESSURE RELIEF TYPE Body Material:BRONZE,EACH,"{'Size': '1/2""', 'Pressure Rating': '1500 PSI', 'Body Material': 'BRONZE', 'End Connection': 'HIGH', 'Temperature Rating': '10KW'}","Size: 1/2"" | Pressure Rating: 1500 PSI | Body Material: BRONZE | End Connection: HIGH | Temperature Rating: 10KW",40140061,127,CNMC-000127,True,89.9,127,NTPC,NT000127,"VALVE, PRESSURE RELIEF Body Material:BRONZE"
638,CCL,CC000638,Gaskets & Seals,SEAL,PTFE,"SEAL (PTFE) Inner Diameter:2""",EACH,"{'Inner Diameter': '2""', 'Outer Diameter': '10""', 'Thickness': '2mm', 'Material': 'STAINLESS STEEL 316', 'Pressure Rating': '300 PSI'}","Inner Diameter: 2"" | Outer Diameter: 10"" | Thickness: 2mm | Material: STAINLESS STEEL 316 | Pressure Rating: 300 PSI",31180047,638,CNMC-000638,False,79.7,636,IOCL,IO000636,"PTFE TYPE SEAL Inner Diameter:2"""
403,HPCL,HP000403,Fasteners,SCREW,SOCKET HEAD,SCREW-SOCKET HEAD Finish:HEAVY,KG,"{'Diameter': '1/2""', 'Length': '3M', 'Thread Pitch': 'NORMAL', 'Material Grade': 'ALLOY STEEL', 'Finish': 'HEAVY'}","Diameter: 1/2"" | Length: 3M | Thread Pitch: NORMAL | Material Grade: ALLOY STEEL | Finish: HEAVY",31160062,403,CNMC-000403,False,73.1,402,BHEL,BH000402,"SCREW (SOCKET HEAD) Diameter:1/2"""
708,BHEL,BH000708,Instruments,TEMPERATURE TRANSMITTER,ELECTRONIC,TEMPERATURE TRANSMITTER-ELECTRONIC Accuracy:NORMAL,EACH,"{'Range': '0-25 BAR', 'Accuracy': 'NORMAL', 'Output Signal': 'HEAVY', 'Process Connection': 'STD', 'Housing Material': 'STAINLESS STEEL 316'}",Range: 0-25 BAR | Accuracy: NORMAL | Output Signal: HEAVY | Process Connection: STD | Housing Material: STAINLESS STEEL 316,41000059,706,CNMC-000706,True,87.4,706,BPCL,BP000706,TEMPERATURE TRANSMITTER ELECTRONIC TYPE Accuracy:NORMAL
696,SAIL,SA000696,Instruments,PRESSURE GAUGE,SMART,smart pressure gauge process connection:high,NOS,"{'Range': '0-40 BAR', 'Accuracy': 'STD', 'Output Signal': 'LIGHT', 'Process Connection': 'HIGH', 'Housing Material': 'STAINLESS STEEL 316'}",Range: 0-40 BAR | Accuracy: STD | Output Signal: LIGHT | Process Connection: HIGH | Housing Material: STAINLESS STEEL 316,41000061,696,CNMC-000696,False,63.5,695,CPCL,CP000695,SMART PRESSURE GAUGE Accuracy:STD
847,GAIL,GA000847,Valves,VALVE,GLOBE,VALVE GLOBE SPECIAL,NOS,{},,40140061,847,CNMC-000847,True,80.0,857,IOCL,IO000857,VALVE GLOBE SPECIAL
220,SAIL,SA000220,Bearings,BEARING,TAPERED ROLLER,TAPERED ROLLER BEARING Seal Type:STD,EACH,"{'Inside Diameter': '1/2""', 'Outside Diameter': '2""', 'Width': '12mm', 'Load Rating': '20HP', 'Seal Type': 'STD'}","Inside Diameter: 1/2"" | Outside Diameter: 2"" | Width: 12mm | Load Rating: 20HP | Seal Type: STD",31170062,220,CNMC-000220,False,69.3,221,BHEL,BH000221,"TAPERED ROLLER BEARING Inside Diameter:1/2"""
642,CCL,CC000642,Gaskets & Seals,O-RING,GRAPHITE,"O-RING, GRAPHITE Material:BRONZE",NOSS,"{'Inner Diameter': '4""', 'Outer Diameter': '3/4""', 'Thickness': '20mm', 'Material': 'BRONZE', 'Pressure Rating': '600 PSI'}","Inner Diameter: 4"" | Outer Diameter: 3/4"" | Thickness: 20mm | Material: BRONZE | Pressure Rating: 600 PSI",31180009,642,CNMC-000642,True,85.0,645,HPCL,HP000645,O-RING GRAPHITE TYPE Material:BRONZE
821,CCL,CC000821,Electrical,CABLE,INSTRUMENTATION,CABLE INSTRUMENTATION STD,METER,{},,26000075,821,CNMC-000821,False,57.0,773,ONGC,ON000773,CABLE INSTRUMENTATION HEAVY
679,GAIL,GA000679,Instruments,LEVEL SWITCH,ELECTRONIC,LEVEL SWITCH-ELECTRONIC Process Connection:HEAVY,NOSS,"{'Range': '0-16 BAR', 'Accuracy': 'HIGH', 'Output Signal': 'STD', 'Process Connection': 'HEAVY', 'Housing Material': 'STAINLESS STEEL 316'}",Range: 0-16 BAR | Accuracy: HIGH | Output Signal: STD | Process Connection: HEAVY | Housing Material: STAINLESS STEEL 316,41000004,678,CNMC-000678,True,100.0,678,ONGC,ON000678,"LEVEL SWITCH, ELECTRONIC Process Connection:HEAVY"
824,CCL,CC000824,Gaskets & Seals,GASKET,PTFE,GASKET PTFE SPECIAL,NOS,{},,31180096,824,CNMC-000824,True,80.0,871,BPCL,BP000871,GASKET PTFE SPECIAL
625,HPCL,HP000625,Gaskets & Seals,GASKET,RUBBER,RUBBER TYPE GASKET Pressure Rating:150 PSI,EACH,"{'Inner Diameter': '12""', 'Outer Diameter': '1/2""', 'Thickness': '15mm', 'Material': 'STAINLESS STEEL 304', 'Pressure Rating': '150 PSI'}","Inner Diameter: 12"" | Outer Diameter: 1/2"" | Thickness: 15mm | Material: STAINLESS STEEL 304 | Pressure Rating: 150 PSI",31180096,625,CNMC-000625,False,64.8,622,BHEL,BH000622,RUBBER TYPE GASKET Thickness:15mm
755,ONGC,ON000755,Instruments,TEMPERATURE TRANSMITTER,ANALOG,ANALOG TYPE TEMPERATURE TRANSMITTER Housing Material:CAST IRON,EACH,"{'Range': '0-10 BAR', 'Accuracy': 'STD', 'Output Signal': 'HEAVY', 'Process Connection': 'HIGH', 'Housing Material': 'CAST IRON'}",Range: 0-10 BAR | Accuracy: STD | Output Signal: HEAVY | Process Connection: HIGH | Housing Material: CAST IRON,41000059,752,CNMC-000752,True,100.0,753,NTPC,NT000753,ANALOG TYPE TEMPERATURE TRANSMITTER Housing Material:CAST IRON
855,IOCL,IO000855,Bearings,BEARING,SPHERICAL,BEARING SPHERICAL CUSTOM,NOS,{},,31170062,855,CNMC-000855,False,50.5,873,BPCL,BP000873,BEARING THRUST CUSTOM
387,SAIL,SA000387,Fasteners,STUD,SPRING,SPRING TYPE STUD Finish:HIGH,NOS,"{'Diameter': '12""', 'Length': '20FT', 'Thread Pitch': 'STD', 'Material Grade': 'CAST IRON', 'Finish': 'HIGH'}","Diameter: 12"" | Length: 20FT | Thread Pitch: STD | Material Grade: CAST IRON | Finish: HIGH",31160032,387,CNMC-000387,False,73.0,388,BHEL,BH000388,SPRING TYPE STUD Length:20FT
874,BPCL,BP000874,Electrical,CIRCUIT BREAKER,MV,CIRCUIT BREAKER MV STD,NOS,{},,26000027,874,CNMC-000874,True,80.0,875,BPCL,BP000875,CIRCUIT BREAKER MV STD
510,BPCL,BP000510,Pumps,PUMP,POSITIVE DISPLACEMENT,PUMP POSITIVE DISPLACEMENT TYPE Flow Rate:100 M3/H,NOS,"{'Flow Rate': '100 M3/H', 'Head': 'LIGHT', 'Power': '10KW', 'Speed': 'HEAVY', 'Impeller Material': 'CARBON STEEL'}",Flow Rate: 100 M3/H | Head: LIGHT | Power: 10KW | Speed: HEAVY | Impeller Material: CARBON STEEL,40150077,510,CNMC-000510,False,75.5,483,CPCL,CP000483,pump (positive displacement) flow rate:100 m3/h
268,NTPC,NT000268,Bearings,BEARING,SPHERICAL,"BEARING, SPHERICAL Width:12mm",NOSS,"{'Inside Diameter': '3""', 'Outside Diameter': '8""', 'Width': '12mm', 'Load Rating': '15HP', 'Seal Type': 'LIGHT'}","Inside Diameter: 3"" | Outside Diameter: 8"" | Width: 12mm | Load Rating: 15HP | Seal Type: LIGHT",31170062,268,CNMC-000268,False,68.0,238,IOCL,IO000238,"BEARING, SPHERICAL Width:12mm"
740,GAIL,GA000740,Instruments,TEMPERATURE TRANSMITTER,SMART,TEMPERATURE TRANSMITTER-SMART Accuracy:STD,EACH,"{'Range': '0-16 BAR', 'Accuracy': 'STD', 'Output Signal': 'LIGHT', 'Process Connection': 'HEAVY', 'Housing Material': 'CARBON STEEL'}",Range: 0-16 BAR | Accuracy: STD | Output Signal: LIGHT | Process Connection: HEAVY | Housing Material: CARBON STEEL,41000059,738,CNMC-000738,True,100.0,738,ONGC,ON000738,TEMPERATURE TRANSMITTER-SMART Accuracy:STD
442,GAIL,GA000442,Pumps,PUMP,POSITIVE DISPLACEMENT,PUMP (POSITIVE DISPLACEMENT) Power:15HP,EACH,"{'Flow Rate': '200 M3/H', 'Head': 'HIGH', 'Power': '15HP', 'Speed': 'STD', 'Impeller Material': 'CARBON STEEL'}",Flow Rate: 200 M3/H | Head: HIGH | Power: 15HP | Speed: STD | Impeller Material: CARBON STEEL,40150077,442,CNMC-000442,True,100.0,445,CCL,CC000445,PUMP (POSITIVE DISPLACEMENT) Power:15HP
497,BHEL,BH000497,Pumps,PUMP,MULTISTAGE,pump-multistage speed:normal,NOS,"{'Flow Rate': '10 M3/H', 'Head': 'STD', 'Power': '50HP', 'Speed': 'NORMAL', 'Impeller Material': 'STAINLESS STEEL 304'}",Flow Rate: 10 M3/H | Head: STD | Power: 50HP | Speed: NORMAL | Impeller Material: STAINLESS STEEL 304,40150077,497,CNMC-000497,False,68.0,480,CPCL,CP000480,PUMP (MULTISTAGE) Speed:NORMAL
113,HPCL,HP000113,Valves,VALVE,GATE,GATE TYPE VALVE Pressure Rating:300 PSI,EACH,"{'Size': '4""', 'Pressure Rating': '300 PSI', 'Body Material': 'ALLOY STEEL', 'End Connection': 'HIGH', 'Temperature Rating': '50KW'}","Size: 4"" | Pressure Rating: 300 PSI | Body Material: ALLOY STEEL | End Connection: HIGH | Temperature Rating: 50KW",40140061,113,CNMC-000113,True,93.2,116,SAIL,SA000116,VALVE GATE TYPE Pressure Rating:300 PSI
233,GAIL,GA000233,Bearings,BEARING,TAPERED ROLLER,"bearing tapered roller type outside diameter:10""",NOS,"{'Inside Diameter': '3/4""', 'Outside Diameter': '10""', 'Width': '20mm', 'Load Rating': '10KW', 'Seal Type': 'NORMAL'}","Inside Diameter: 3/4"" | Outside Diameter: 10"" | Width: 20mm | Load Rating: 10KW | Seal Type: NORMAL",31170062,233,CNMC-000233,False,69.8,234,BPCL,BP000234,BEARING TAPERED ROLLER TYPE Width:20mm
782,NTPC,NT000782,Valves,VALVE,CHECK,VALVE CHECK STD,NOS,{},,40140061,782,CNMC-000782,False,50.2,97,BHEL,BH000097,"VALVE (CHECK) Size:2"""
608,HPCL,HP000608,Gaskets & Seals,GASKET,METAL JACKETED,GASKET METAL JACKETED TYPE Thickness:15mm,EACH,"{'Inner Diameter': '3/4""', 'Outer Diameter': '3/4""', 'Thickness': '15mm', 'Material': 'CARBON STEEL', 'Pressure Rating': '1500 PSI'}","Inner Diameter: 3/4"" | Outer Diameter: 3/4"" | Thickness: 15mm | Material: CARBON STEEL | Pressure Rating: 1500 PSI",31180096,608,CNMC-000608,False,72.5,609,CCL,CC000609,"METAL JACKETED TYPE GASKET Inner Diameter:3/4"""
672,NTPC,NT000672,Instruments,TEMPERATURE TRANSMITTER,PNEUMATIC,temperature transmitter-pneumatic housing material:carbon steel,EACH,"{'Range': '0-10 BAR', 'Accuracy': 'LIGHT', 'Output Signal': 'HEAVY', 'Process Connection': 'HEAVY', 'Housing Material': 'CARBON STEEL'}",Range: 0-10 BAR | Accuracy: LIGHT | Output Signal: HEAVY | Process Connection: HEAVY | Housing Material: CARBON STEEL,41000059,672,CNMC-000672,True,100.0,673,HPCL,HP000673,TEMPERATURE TRANSMITTER (PNEUMATIC) Housing Material:CARBON STEEL
374,IOCL,IO000374,Fasteners,SCREW,SPRING,"screw, spring length:6m",NOSS,"{'Diameter': '8""', 'Length': '6M', 'Thread Pitch': 'NORMAL', 'Material Grade': 'STAINLESS STEEL 304', 'Finish': 'STD'}","Diameter: 8"" | Length: 6M | Thread Pitch: NORMAL | Material Grade: STAINLESS STEEL 304 | Finish: STD",31160062,374,CNMC-000374,False,59.2,375,NTPC,NT000375,"SCREW, SPRING Material Grade:STAINLESS STEEL 304"
883,BPCL,BP000883,Pipes & Tubes,TUBING,CARBON STEEL,TUBING CARBON STEEL STD,METER,{},,27100056,883,CNMC-000883,False,55.7,7,GAIL,GA000007,"TUBING (CARBON STEEL) Diameter:1/2"""
759,CPCL,CP000759,Instruments,PRESSURE GAUGE,SMART,PRESSURE GAUGE SMART SPECIAL,EACH,{},,41000061,759,CNMC-000759,False,52.5,767,ONGC,ON000767,PRESSURE GAUGE ANALOG SPECIAL
234,BPCL,BP000234,Bearings,BEARING,TAPERED ROLLER,BEARING TAPERED ROLLER TYPE Width:20mm,EACH,"{'Inside Diameter': '3/4""', 'Outside Diameter': '10""', 'Width': '20mm', 'Load Rating': '10KW', 'Seal Type': 'NORMAL'}","Inside Diameter: 3/4"" | Outside Diameter: 10"" | Width: 20mm | Load Rating: 10KW | Seal Type: NORMAL",31170062,229,CNMC-000229,True,89.2,229,IOCL,IO000229,BEARING (TAPERED ROLLER) Width:20mm
709,CCL,CC000709,Instruments,TEMPERATURE TRANSMITTER,ELECTRONIC,temperature transmitter electronic type housing material:stainless steel 316,NOS,"{'Range': '0-25 BAR', 'Accuracy': 'NORMAL', 'Output Signal': 'HEAVY', 'Process Connection': 'STD', 'Housing Material': 'STAINLESS STEEL 316'}",Range: 0-25 BAR | Accuracy: NORMAL | Output Signal: HEAVY | Process Connection: STD | Housing Material: STAINLESS STEEL 316,41000059,705,CNMC-000705,True,91.7,710,ONGC,ON000710,"TEMPERATURE TRANSMITTER, ELECTRONIC Housing Material:STAINLESS STEEL 316"
677,BHEL,BH000677,Instruments,LEVEL SWITCH,ELECTRONIC,LEVEL SWITCH-ELECTRONIC Output Signal:STD,EACH,"{'Range': '0-16 BAR', 'Accuracy': 'HIGH', 'Output Signal': 'STD', 'Process Connection': 'HEAVY', 'Housing Material': 'STAINLESS STEEL 316'}",Range: 0-16 BAR | Accuracy: HIGH | Output Signal: STD | Process Connection: HEAVY | Housing Material: STAINLESS STEEL 316,41000004,677,CNMC-000677,True,100.0,680,CPCL,CP000680,LEVEL SWITCH-ELECTRONIC Output Signal:STD
318,SAIL,SA000318,Fasteners,BOLT,SOCKET HEAD,BOLT-SOCKET HEAD Thread Pitch:HIGH,KG,"{'Diameter': '6""', 'Length': '6M', 'Thread Pitch': 'HIGH', 'Material Grade': 'CARBON STEEL', 'Finish': 'NORMAL'}","Diameter: 6"" | Length: 6M | Thread Pitch: HIGH | Material Grade: CARBON STEEL | Finish: NORMAL",31160064,318,CNMC-000318,True,100.0,319,CPCL,CP000319,"BOLT, SOCKET HEAD Thread Pitch:HIGH"
649,GAIL,GA000649,Gaskets & Seals,O-RING,RUBBER,O-RING-RUBBER Thickness:12mm,NOS,"{'Inner Diameter': '4""', 'Outer Diameter': '3/4""', 'Thickness': '12mm', 'Material': 'CAST IRON', 'Pressure Rating': '300 PSI'}","Inner Diameter: 4"" | Outer Diameter: 3/4"" | Thickness: 12mm | Material: CAST IRON | Pressure Rating: 300 PSI",31180009,646,CNMC-000646,True,86.7,646,CPCL,CP000646,RUBBER O-RING Thickness:12mm
411,GAIL,GA000411,Fasteners,BOLT,FLANGE,BOLT (FLANGE) Finish:HEAVY,KG,"{'Diameter': '8""', 'Length': '20FT', 'Thread Pitch': 'HIGH', 'Material Grade': 'CAST IRON', 'Finish': 'HEAVY'}","Diameter: 8"" | Length: 20FT | Thread Pitch: HIGH | Material Grade: CAST IRON | Finish: HEAVY",31160064,409,CNMC-000409,True,100.0,409,ONGC,ON000409,BOLT-FLANGE Finish:HEAVY
807,BHEL,BH000807,Bearings,BEARING,ROLLER,BEARING ROLLER HEAVY,EACH,{},,31170062,807,CNMC-000807,True,80.0,862,IOCL,IO000862,BEARING ROLLER HEAVY
359,BHEL,BH000359,Fasteners,STUD,FLANGE,STUD-FLANGE Material Grade:ALLOY STEEL,KG,"{'Diameter': '1/2""', 'Length': '10FT', 'Thread Pitch': 'STD', 'Material Grade': 'ALLOY STEEL', 'Finish': 'HIGH'}","Diameter: 1/2"" | Length: 10FT | Thread Pitch: STD | Material Grade: ALLOY STEEL | Finish: HIGH",31160032,359,CNMC-000359,True,100.0,362,GAIL,GA000362,STUD-FLANGE Material Grade:ALLOY STEEL
259,SAIL,SA000259,Bearings,BEARING,THRUST,THRUST BEARING Width:5mm,EACH,"{'Inside Diameter': '1""', 'Outside Diameter': '3/4""', 'Width': '5mm', 'Load Rating': '5KW', 'Seal Type': 'STD'}","Inside Diameter: 1"" | Outside Diameter: 3/4"" | Width: 5mm | Load Rating: 5KW | Seal Type: STD",31170062,254,CNMC-000254,True,85.0,256,ONGC,ON000256,bearing-thrust width:5mm
628,CCL,CC000628,Gaskets & Seals,SEAL,GRAPHITE,"GRAPHITE TYPE SEAL Inner Diameter:2""",NOS,"{'Inner Diameter': '2""', 'Outer Diameter': '2""', 'Thickness': '8mm', 'Material': 'STAINLESS STEEL 316', 'Pressure Rating': '1500 PSI'}","Inner Diameter: 2"" | Outer Diameter: 2"" | Thickness: 8mm | Material: STAINLESS STEEL 316 | Pressure Rating: 1500 PSI",31180047,628,CNMC-000628,False,68.4,631,IOCL,IO000631,"seal, graphite outer diameter:2"""
633,SAIL,SA000633,Gaskets & Seals,PACKING,SPIRAL WOUND,SPIRAL WOUND PACKING Pressure Rating:2500 PSI,NOS,"{'Inner Diameter': '3""', 'Outer Diameter': '8""', 'Thickness': '10mm', 'Material': 'STAINLESS STEEL 304', 'Pressure Rating': '2500 PSI'}","Inner Diameter: 3"" | Outer Diameter: 8"" | Thickness: 10mm | Material: STAINLESS STEEL 304 | Pressure Rating: 2500 PSI",31180089,633,CNMC-000633,False,62.5,632,GAIL,GA000632,"PACKING-SPIRAL WOUND Inner Diameter:3"""
283,IOCL,IO000283,Bearings,BEARING,ROLLER,BEARING-ROLLER Width:2mm,NOS,"{'Inside Diameter': '3""', 'Outside Diameter': '8""', 'Width': '2mm', 'Load Rating': '100HP', 'Seal Type': 'HIGH'}","Inside Diameter: 3"" | Outside Diameter: 8"" | Width: 2mm | Load Rating: 100HP | Seal Type: HIGH",31170062,282,CNMC-000282,True,100.0,284,BHEL,BH000284,BEARING (ROLLER) Width:2mm
377,CCL,CC000377,Fasteners,WASHER,HEX HEAD,HEX HEAD WASHER Length:3M,NOS,"{'Diameter': '10""', 'Length': '3M', 'Thread Pitch': 'HEAVY', 'Material Grade': 'STAINLESS STEEL 304', 'Finish': 'NORMAL'}","Diameter: 10"" | Length: 3M | Thread Pitch: HEAVY | Material Grade: STAINLESS STEEL 304 | Finish: NORMAL",31160015,376,CNMC-000376,True,89.1,376,NTPC,NT000376,WASHER-HEX HEAD Length:3M
385,GAIL,GA000385,Fasteners,STUD,SPRING,STUD SPRING TYPE Thread Pitch:STD,NOS,"{'Diameter': '12""', 'Length': '20FT', 'Thread Pitch': 'STD', 'Material Grade': 'CAST IRON', 'Finish': 'HIGH'}","Diameter: 12"" | Length: 20FT | Thread Pitch: STD | Material Grade: CAST IRON | Finish: HIGH",31160032,385,CNMC-000385,True,86.5,389,CCL,CC000389,"STUD, SPRING Thread Pitch:STD"
225,SAIL,SA000225,Bearings,BEARING,BALL,BEARING-BALL Load Rating:50KW,EACH,"{'Inside Diameter': '8""', 'Outside Diameter': '3""', 'Width': '5mm', 'Load Rating': '50KW', 'Seal Type': 'STD'}","Inside Diameter: 8"" | Outside Diameter: 3"" | Width: 5mm | Load Rating: 50KW | Seal Type: STD",31170062,223,CNMC-000223,True,88.1,223,CPCL,CP000223,BEARING BALL TYPE Load Rating:50KW
856,IOCL,IO000856,Pumps,PUMP,GEAR,PUMP GEAR SPECIAL,EACH,{},,40150077,856,CNMC-000856,False,52.5,798,SAIL,SA000798,PUMP GEAR STD
735,NTPC,NT000735,Instruments,FLOW METER,ANALOG,FLOW METER (ANALOG) Housing Material:STAINLESS STEEL 304,EACH,"{'Range': '0-100 BAR', 'Accuracy': 'HEAVY', 'Output Signal': 'LIGHT', 'Process Connection': 'STD', 'Housing Material': 'STAINLESS STEEL 304'}",Range: 0-100 BAR | Accuracy: HEAVY | Output Signal: LIGHT | Process Connection: STD | Housing Material: STAINLESS STEEL 304,41000046,733,CNMC-000733,True,93.6,733,HPCL,HP000733,ANALOG FLOW METER Housing Material:STAINLESS STEEL 304
473,IOCL,IO000473,Pumps,PUMP,SUBMERSIBLE,"pump, submersible head:normal",NOS,"{'Flow Rate': '10 M3/H', 'Head': 'NORMAL', 'Power': '50HP', 'Speed': 'LIGHT', 'Impeller Material': 'CAST IRON'}",Flow Rate: 10 M3/H | Head: NORMAL | Power: 50HP | Speed: LIGHT | Impeller Material: CAST IRON,40150077,472,CNMC-000472,True,100.0,472,ONGC,ON000472,PUMP (SUBMERSIBLE) Head:NORMAL
348,GAIL,GA000348,Fasteners,WASHER,LOCK,LOCK TYPE WASHER Finish:STD,KG,"{'Diameter': '3""', 'Length': '6M', 'Thread Pitch': 'LIGHT', 'Material Grade': 'STAINLESS STEEL 316', 'Finish': 'STD'}","Diameter: 3"" | Length: 6M | Thread Pitch: LIGHT | Material Grade: STAINLESS STEEL 316 | Finish: STD",31160015,348,CNMC-000348,False,74.0,346,BPCL,BP000346,"LOCK TYPE WASHER Diameter:3"""
506,ONGC,ON000506,Pumps,PUMP,POSITIVE DISPLACEMENT,POSITIVE DISPLACEMENT TYPE PUMP Flow Rate:50 M3/H,EACH,"{'Flow Rate': '50 M3/H', 'Head': 'LIGHT', 'Power': '50HP', 'Speed': 'NORMAL', 'Impeller Material': 'BRONZE'}",Flow Rate: 50 M3/H | Head: LIGHT | Power: 50HP | Speed: NORMAL | Impeller Material: BRONZE,40150077,506,CNMC-000506,True,90.7,507,BPCL,BP000507,PUMP-POSITIVE DISPLACEMENT Flow Rate:50 M3/H
640,NTPC,NT000640,Gaskets & Seals,O-RING,GRAPHITE,"O-RING GRAPHITE TYPE Outer Diameter:3/4""",NOS,"{'Inner Diameter': '4""', 'Outer Diameter': '3/4""', 'Thickness': '20mm', 'Material': 'BRONZE', 'Pressure Rating': '600 PSI'}","Inner Diameter: 4"" | Outer Diameter: 3/4"" | Thickness: 20mm | Material: BRONZE | Pressure Rating: 600 PSI",31180009,640,CNMC-000640,False,70.4,645,HPCL,HP000645,O-RING GRAPHITE TYPE Material:BRONZE
889,HPCL,HP000889,Pumps,PUMP,POSITIVE DISPLACEMENT,PUMP POSITIVE DISPLACEMENT HEAVY,EACH,{},,40150077,889,CNMC-000889,False,57.1,508,IOCL,IO000508,PUMP POSITIVE DISPLACEMENT TYPE Speed:HEAVY
833,GAIL,GA000833,Pipes & Tubes,PIPE,GALVANIZED,PIPE GALVANIZED CUSTOM,FOOT,{},,27100067,833,CNMC-000833,False,49.7,49,IOCL,IO000049,pipe (galvanized) length:3m
812,BHEL,BH000812,Pumps,PUMP,MULTISTAGE,PUMP MULTISTAGE STD,EACH,{},,40150077,809,CNMC-000809,True,80.0,809,BHEL,BH000809,PUMP MULTISTAGE STD
620,SAIL,SA000620,Gaskets & Seals,GASKET,RUBBER,GASKET RUBBER TYPE Material:STAINLESS STEEL 304,EACH,"{'Inner Diameter': '12""', 'Outer Diameter': '1/2""', 'Thickness': '15mm', 'Material': 'STAINLESS STEEL 304', 'Pressure Rating': '150 PSI'}","Inner Diameter: 12"" | Outer Diameter: 1/2"" | Thickness: 15mm | Material: STAINLESS STEEL 304 | Pressure Rating: 150 PSI",31180096,620,CNMC-000620,True,91.2,624,GAIL,GA000624,GASKET (RUBBER) Material:STAINLESS STEEL 304
769,ONGC,ON000769,Fasteners,STUD,LOCK,STUD LOCK HEAVY,NOS,{},,31160032,769,CNMC-000769,False,45.3,770,ONGC,ON000770,STUD HEX HEAD HEAVY
646,CPCL,CP000646,Gaskets & Seals,O-RING,RUBBER,RUBBER O-RING Thickness:12mm,NOS,"{'Inner Diameter': '4""', 'Outer Diameter': '3/4""', 'Thickness': '12mm', 'Material': 'CAST IRON', 'Pressure Rating': '300 PSI'}","Inner Diameter: 4"" | Outer Diameter: 3/4"" | Thickness: 12mm | Material: CAST IRON | Pressure Rating: 300 PSI",31180009,646,CNMC-000646,True,86.7,649,GAIL,GA000649,O-RING-RUBBER Thickness:12mm
762,CPCL,CP000762,Gaskets & Seals,GASKET,SPIRAL WOUND,GASKET SPIRAL WOUND CUSTOM,EACH,{},,31180096,762,CNMC-000762,False,53.0,841,GAIL,GA000841,GASKET SPIRAL WOUND HEAVY
557,CPCL,CP000557,Electrical,SWITCH,HV,SWITCH-HV Insulation Type:HEAVY,NOS,"{'Voltage': '11KV', 'Current Rating': '5HP', 'Power Rating': '5KW', 'Conductor Material': 'ALLOY STEEL', 'Insulation Type': 'HEAVY'}",Voltage: 11KV | Current Rating: 5HP | Power Rating: 5KW | Conductor Material: ALLOY STEEL | Insulation Type: HEAVY,26000002,557,CNMC-000557,True,89.5,559,BPCL,BP000559,SWITCH HV TYPE Insulation Type:HEAVY
860,IOCL,IO000860,Pipes & Tubes,TUBE,WELDED,TUBE WELDED SPECIAL,METER,{},,27100037,860,CNMC-000860,False,47.9,69,IOCL,IO000069,"TUBE, WELDED Diameter:4"""
578,SAIL,SA000578,Electrical,CABLE,LV,LV TYPE CABLE Current Rating:50HP,METER,"{'Voltage': '230V', 'Current Rating': '50HP', 'Power Rating': '25HP', 'Conductor Material': 'STAINLESS STEEL 304', 'Insulation Type': 'LIGHT'}",Voltage: 230V | Current Rating: 50HP | Power Rating: 25HP | Conductor Material: STAINLESS STEEL 304 | Insulation Type: LIGHT,26000075,576,CNMC-000576,True,100.0,577,HPCL,HP000577,LV TYPE CABLE Current Rating:50HP
86,IOCL,IO000086,Pipes & Tubes,PIPE,WELDED,WELDED TYPE PIPE Material Grade:ALLOY STEEL,METER,"{'Diameter': '4""', 'Wall Thickness': '8mm', 'Length': '10FT', 'Material Grade': 'ALLOY STEEL', 'End Type': 'STD'}","Diameter: 4"" | Wall Thickness: 8mm | Length: 10FT | Material Grade: ALLOY STEEL | End Type: STD",27100067,84,CNMC-000084,True,91.3,84,BPCL,BP000084,welded pipe material grade:alloy steel
243,CPCL,CP000243,Bearings,BEARING,BALL,"BEARING BALL TYPE Inside Diameter:3""",NOS,"{'Inside Diameter': '3""', 'Outside Diameter': '2""', 'Width': '3mm', 'Load Rating': '5HP', 'Seal Type': 'LIGHT'}","Inside Diameter: 3"" | Outside Diameter: 2"" | Width: 3mm | Load Rating: 5HP | Seal Type: LIGHT",31170062,243,CNMC-000243,False,66.8,246,BPCL,BP000246,ball type bearing seal type:light
699,HPCL,HP000699,Instruments,PRESSURE GAUGE,SMART,smart pressure gauge range:0-40 bar,EACH,"{'Range': '0-40 BAR', 'Accuracy': 'STD', 'Output Signal': 'LIGHT', 'Process Connection': 'HIGH', 'Housing Material': 'STAINLESS STEEL 316'}",Range: 0-40 BAR | Accuracy: STD | Output Signal: LIGHT | Process Connection: HIGH | Housing Material: STAINLESS STEEL 316,41000061,699,CNMC-000699,False,64.9,695,CPCL,CP000695,SMART PRESSURE GAUGE Accuracy:STD
160,IOCL,IO000160,Valves,VALVE,GLOBE,VALVE (GLOBE) Temperature Rating:50HP,EACH,"{'Size': '1""', 'Pressure Rating': '600 PSI', 'Body Material': 'CAST IRON', 'End Connection': 'HIGH', 'Temperature Rating': '50HP'}","Size: 1"" | Pressure Rating: 600 PSI | Body Material: CAST IRON | End Connection: HIGH | Temperature Rating: 50HP",40140061,160,CNMC-000160,False,61.5,164,BHEL,BH000164,VALVE GLOBE TYPE Pressure Rating:600 PSI
525,HPCL,HP000525,Electrical,CABLE,LV,CABLE LV TYPE Voltage:33KV,METER,"{'Voltage': '33KV', 'Current Rating': '25HP', 'Power Rating': '10KW', 'Conductor Material': 'BRONZE', 'Insulation Type': 'HEAVY'}",Voltage: 33KV | Current Rating: 25HP | Power Rating: 10KW | Conductor Material: BRONZE | Insulation Type: HEAVY,26000075,524,CNMC-000524,True,100.0,524,GAIL,GA000524,CABLE LV TYPE Voltage:33KV
36,IOCL,IO000036,Pipes & Tubes,TUBE,CARBON STEEL,CARBON STEEL TYPE TUBE Wall Thickness:20mm,METERS,"{'Diameter': '6""', 'Wall Thickness': '20mm', 'Length': '20FT', 'Material Grade': 'CAST IRON', 'End Type': 'HEAVY'}","Diameter: 6"" | Wall Thickness: 20mm | Length: 20FT | Material Grade: CAST IRON | End Type: HEAVY",27100037,36,CNMC-000036,False,72.2,40,SAIL,SA000040,"CARBON STEEL TYPE TUBE Diameter:6"""
541,IOCL,IO000541,Electrical,CIRCUIT BREAKER,MV,MV TYPE CIRCUIT BREAKER Insulation Type:HIGH,EACHS,"{'Voltage': '230V', 'Current Rating': '100HP', 'Power Rating': '20HP', 'Conductor Material': 'CAST IRON', 'Insulation Type': 'HIGH'}",Voltage: 230V | Current Rating: 100HP | Power Rating: 20HP | Conductor Material: CAST IRON | Insulation Type: HIGH,26000027,536,CNMC-000536,True,90.8,539,GAIL,GA000539,MV CIRCUIT BREAKER Insulation Type:HIGH
171,CCL,CC000171,Valves,VALVE,PRESSURE RELIEF,VALVE-PRESSURE RELIEF Pressure Rating:300 PSI,EACH,"{'Size': '2""', 'Pressure Rating': '300 PSI', 'Body Material': 'BRONZE', 'End Connection': 'HEAVY', 'Temperature Rating': '10KW'}","Size: 2"" | Pressure Rating: 300 PSI | Body Material: BRONZE | End Connection: HEAVY | Temperature Rating: 10KW",40140061,171,CNMC-000171,True,93.6,172,IOCL,IO000172,PRESSURE RELIEF VALVE Pressure Rating:300 PSI
655,NTPC,NT000655,Gaskets & Seals,PACKING,RUBBER,"PACKING RUBBER TYPE Outer Diameter:2""",NOS,"{'Inner Diameter': '12""', 'Outer Diameter': '2""', 'Thickness': '3mm', 'Material': 'STAINLESS STEEL 316', 'Pressure Rating': '600 PSI'}","Inner Diameter: 12"" | Outer Diameter: 2"" | Thickness: 3mm | Material: STAINLESS STEEL 316 | Pressure Rating: 600 PSI",31180089,655,CNMC-000655,False,76.5,656,IOCL,IO000656,"RUBBER TYPE PACKING Inner Diameter:12"""
771,ONGC,ON000771,Pumps,PUMP,SUBMERSIBLE,PUMP SUBMERSIBLE SPECIAL,NOS,{},,40150077,771,CNMC-000771,True,80.0,879,BPCL,BP000879,PUMP SUBMERSIBLE SPECIAL
763,CPCL,CP000763,Instruments,LEVEL SWITCH,DIGITAL,LEVEL SWITCH DIGITAL CUSTOM,EACH,{},,41000004,763,CNMC-000763,False,38.7,704,CPCL,CP000704,"LEVEL SWITCH, ANALOG Accuracy:HIGH"
848,IOCL,IO000848,Valves,VALVE,CHECK,VALVE CHECK HEAVY,NOS,{},,40140061,848,CNMC-000848,False,49.1,97,BHEL,BH000097,"VALVE (CHECK) Size:2"""
734,CCL,CC000734,Instruments,FLOW METER,ANALOG,FLOW METER ANALOG TYPE Accuracy:HEAVY,EACH,"{'Range': '0-100 BAR', 'Accuracy': 'HEAVY', 'Output Signal': 'LIGHT', 'Process Connection': 'STD', 'Housing Material': 'STAINLESS STEEL 304'}",Range: 0-100 BAR | Accuracy: HEAVY | Output Signal: LIGHT | Process Connection: STD | Housing Material: STAINLESS STEEL 304,41000046,734,CNMC-000734,False,67.1,736,ONGC,ON000736,FLOW METER ANALOG TYPE Process Connection:STD
96,IOCL,IO000096,Valves,VALVE,CHECK,"VALVE CHECK TYPE Size:2""",NOS,"{'Size': '2""', 'Pressure Rating': '900 PSI', 'Body Material': 'CAST IRON', 'End Connection': 'HIGH', 'Temperature Rating': '5KW'}","Size: 2"" | Pressure Rating: 900 PSI | Body Material: CAST IRON | End Connection: HIGH | Temperature Rating: 5KW",40140061,96,CNMC-000096,False,78.2,97,BHEL,BH000097,"VALVE (CHECK) Size:2"""
564,BPCL,BP000564,Electrical,CIRCUIT BREAKER,MV,"CIRCUIT BREAKER, MV Voltage:33KV",EACH,"{'Voltage': '33KV', 'Current Rating': '15HP', 'Power Rating': '25HP', 'Conductor Material': 'STAINLESS STEEL 304', 'Insulation Type': 'HEAVY'}",Voltage: 33KV | Current Rating: 15HP | Power Rating: 25HP | Conductor Material: STAINLESS STEEL 304 | Insulation Type: HEAVY,26000027,561,CNMC-000561,True,87.8,561,BHEL,BH000561,CIRCUIT BREAKER MV TYPE Voltage:33KV
241,NTPC,NT000241,Bearings,BEARING,ROLLER,BEARING-ROLLER Load Rating:10HP,NOS,"{'Inside Diameter': '2""', 'Outside Diameter': '6""', 'Width': '15mm', 'Load Rating': '10HP', 'Seal Type': 'LIGHT'}","Inside Diameter: 2"" | Outside Diameter: 6"" | Width: 15mm | Load Rating: 10HP | Seal Type: LIGHT",31170062,241,CNMC-000241,True,86.4,242,GAIL,GA000242,roller type bearing load rating:10hp
575,NTPC,NT000575,Electrical,CIRCUIT BREAKER,INSTRUMENTATION,CIRCUIT BREAKER-INSTRUMENTATION Current Rating:50KW,NOS,"{'Voltage': '230V', 'Current Rating': '50KW', 'Power Rating': '10HP', 'Conductor Material': 'CARBON STEEL', 'Insulation Type': 'HEAVY'}",Voltage: 230V | Current Rating: 50KW | Power Rating: 10HP | Conductor Material: CARBON STEEL | Insulation Type: HEAVY,26000027,575,CNMC-000575,False,66.1,574,SAIL,SA000574,CIRCUIT BREAKER (INSTRUMENTATION) Insulation Type:HEAVY
691,BPCL,BP000691,Instruments,CONTROL VALVE,DIGITAL,CONTROL VALVE DIGITAL TYPE Output Signal:HEAVY,NOS,"{'Range': '0-40 BAR', 'Accuracy': 'NORMAL', 'Output Signal': 'HEAVY', 'Process Connection': 'HEAVY', 'Housing Material': 'CAST IRON'}",Range: 0-40 BAR | Accuracy: NORMAL | Output Signal: HEAVY | Process Connection: HEAVY | Housing Material: CAST IRON,41000013,691,CNMC-000691,False,72.0,694,CCL,CC000694,CONTROL VALVE DIGITAL TYPE Accuracy:NORMAL
461,BHEL,BH000461,Pumps,PUMP,CENTRIFUGAL,PUMP (CENTRIFUGAL) Impeller Material:STAINLESS STEEL 304,NOS,"{'Flow Rate': '10 M3/H', 'Head': 'HEAVY', 'Power': '50KW', 'Speed': 'HIGH', 'Impeller Material': 'STAINLESS STEEL 304'}",Flow Rate: 10 M3/H | Head: HEAVY | Power: 50KW | Speed: HIGH | Impeller Material: STAINLESS STEEL 304,40150077,459,CNMC-000459,True,90.7,459,IOCL,IO000459,PUMP CENTRIFUGAL TYPE Impeller Material:STAINLESS STEEL 304
554,CPCL,CP000554,Electrical,MOTOR,LV,MOTOR LV TYPE Insulation Type:HIGH,NOSS,"{'Voltage': '3.3KV', 'Current Rating': '50HP', 'Power Rating': '15HP', 'Conductor Material': 'STAINLESS STEEL 304', 'Insulation Type': 'HIGH'}",Voltage: 3.3KV | Current Rating: 50HP | Power Rating: 15HP | Conductor Material: STAINLESS STEEL 304 | Insulation Type: HIGH,26000034,553,CNMC-000553,True,88.8,553,HPCL,HP000553,"MOTOR, LV Insulation Type:HIGH"
788,NTPC,NT000788,Gaskets & Seals,GASKET,SPIRAL WOUND,GASKET SPIRAL WOUND SPECIAL,NOS,{},,31180096,788,CNMC-000788,False,55.9,841,GAIL,GA000841,GASKET SPIRAL WOUND HEAVY
207,BPCL,BP000207,Bearings,BEARING,TAPERED ROLLER,"BEARING, TAPERED ROLLER Load Rating:10HP",EACH,"{'Inside Diameter': '1""', 'Outside Diameter': '3""', 'Width': '5mm', 'Load Rating': '10HP', 'Seal Type': 'HEAVY'}","Inside Diameter: 1"" | Outside Diameter: 3"" | Width: 5mm | Load Rating: 10HP | Seal Type: HEAVY",31170062,207,CNMC-000207,False,71.6,208,SAIL,SA000208,"BEARING (TAPERED ROLLER) Inside Diameter:1"""
393,SAIL,SA000393,Fasteners,SCREW,LOCK,LOCK TYPE SCREW Finish:STD,NOS,"{'Diameter': '8""', 'Length': '20FT', 'Thread Pitch': 'LIGHT', 'Material Grade': 'CAST IRON', 'Finish': 'STD'}","Diameter: 8"" | Length: 20FT | Thread Pitch: LIGHT | Material Grade: CAST IRON | Finish: STD",31160062,393,CNMC-000393,False,77.2,392,BHEL,BH000392,"SCREW, LOCK Finish:STD"
398,GAIL,GA000398,Fasteners,BOLT,HEX HEAD,HEX HEAD TYPE BOLT Length:20FT,KG,"{'Diameter': '1""', 'Length': '20FT', 'Thread Pitch': 'LIGHT', 'Material Grade': 'BRONZE', 'Finish': 'STD'}","Diameter: 1"" | Length: 20FT | Thread Pitch: LIGHT | Material Grade: BRONZE | Finish: STD",31160064,398,CNMC-000398,False,67.7,396,SAIL,SA000396,"BOLT HEX HEAD TYPE Diameter:1"""
794,NTPC,NT000794,Gaskets & Seals,PACKING,SPIRAL WOUND,PACKING SPIRAL WOUND SPECIAL,EACH,{},,31180089,794,CNMC-000794,False,52.1,632,GAIL,GA000632,"PACKING-SPIRAL WOUND Inner Diameter:3"""
218,GAIL,GA000218,Bearings,BEARING,BALL,ball bearing seal type:heavy,EACHS,"{'Inside Diameter': '8""', 'Outside Diameter': '10""', 'Width': '2mm', 'Load Rating': '5HP', 'Seal Type': 'HEAVY'}","Inside Diameter: 8"" | Outside Diameter: 10"" | Width: 2mm | Load Rating: 5HP | Seal Type: HEAVY",31170062,218,CNMC-000218,False,60.8,217,NTPC,NT000217,BEARING BALL TYPE Load Rating:5HP
5,BPCL,BP000005,Pipes & Tubes,PIPE,CARBON STEEL,CARBON STEEL PIPE End Type:LIGHT,FOOT,"{'Diameter': '8""', 'Wall Thickness': '10mm', 'Length': '3M', 'Material Grade': 'STAINLESS STEEL 304', 'End Type': 'LIGHT'}","Diameter: 8"" | Wall Thickness: 10mm | Length: 3M | Material Grade: STAINLESS STEEL 304 | End Type: LIGHT",27100067,5,CNMC-000005,False,69.2,3,HPCL,HP000003,PIPE CARBON STEEL TYPE Length:3M
643,BPCL,BP000643,Gaskets & Seals,O-RING,GRAPHITE,GRAPHITE TYPE O-RING Material:BRONZE,NOS,"{'Inner Diameter': '4""', 'Outer Diameter': '3/4""', 'Thickness': '20mm', 'Material': 'BRONZE', 'Pressure Rating': '600 PSI'}","Inner Diameter: 4"" | Outer Diameter: 3/4"" | Thickness: 20mm | Material: BRONZE | Pressure Rating: 600 PSI",31180009,642,CNMC-000642,True,100.0,644,SAIL,SA000644,GRAPHITE TYPE O-RING Material:BRONZE
875,BPCL,BP000875,Electrical,CIRCUIT BREAKER,MV,CIRCUIT BREAKER MV STD,NOS,{},,26000027,874,CNMC-000874,True,80.0,874,BPCL,BP000874,CIRCUIT BREAKER MV STD
613,BPCL,BP000613,Gaskets & Seals,O-RING,METAL JACKETED,O-RING (METAL JACKETED) Thickness:20mm,NOS,"{'Inner Diameter': '1""', 'Outer Diameter': '12""', 'Thickness': '20mm', 'Material': 'STAINLESS STEEL 316', 'Pressure Rating': '300 PSI'}","Inner Diameter: 1"" | Outer Diameter: 12"" | Thickness: 20mm | Material: STAINLESS STEEL 316 | Pressure Rating: 300 PSI",31180009,613,CNMC-000613,False,63.7,612,NTPC,NT000612,METAL JACKETED O-RING Material:STAINLESS STEEL 316
739,BHEL,BH000739,Instruments,TEMPERATURE TRANSMITTER,SMART,TEMPERATURE TRANSMITTER SMART TYPE Range:0-16 BAR,NOS,"{'Range': '0-16 BAR', 'Accuracy': 'STD', 'Output Signal': 'LIGHT', 'Process Connection': 'HEAVY', 'Housing Material': 'CARBON STEEL'}",Range: 0-16 BAR | Accuracy: STD | Output Signal: LIGHT | Process Connection: HEAVY | Housing Material: CARBON STEEL,41000059,739,CNMC-000739,True,90.7,743,IOCL,IO000743,TEMPERATURE TRANSMITTER-SMART Range:0-16 BAR
547,HPCL,HP000547,Electrical,MOTOR,CONTROL,CONTROL MOTOR Conductor Material:STAINLESS STEEL 304,METER,"{'Voltage': '33KV', 'Current Rating': '10KW', 'Power Rating': '20HP', 'Conductor Material': 'STAINLESS STEEL 304', 'Insulation Type': 'NORMAL'}",Voltage: 33KV | Current Rating: 10KW | Power Rating: 20HP | Conductor Material: STAINLESS STEEL 304 | Insulation Type: NORMAL,26000034,545,CNMC-000545,True,93.0,545,BHEL,BH000545,control type motor conductor material:stainless steel 304
726,BHEL,BH000726,Instruments,PRESSURE GAUGE,PNEUMATIC,PNEUMATIC PRESSURE GAUGE Output Signal:HEAVY,EACH,"{'Range': '0-25 BAR', 'Accuracy': 'NORMAL', 'Output Signal': 'HEAVY', 'Process Connection': 'LIGHT', 'Housing Material': 'BRONZE'}",Range: 0-25 BAR | Accuracy: NORMAL | Output Signal: HEAVY | Process Connection: LIGHT | Housing Material: BRONZE,41000061,726,CNMC-000726,False,61.4,725,BPCL,BP000725,PRESSURE GAUGE (PNEUMATIC) Process Connection:LIGHT
684,CPCL,CP000684,Instruments,CONTROL VALVE,ANALOG,ANALOG CONTROL VALVE Accuracy:STD,EACH,"{'Range': '0-16 BAR', 'Accuracy': 'STD', 'Output Signal': 'HEAVY', 'Process Connection': 'HEAVY', 'Housing Material': 'CAST IRON'}",Range: 0-16 BAR | Accuracy: STD | Output Signal: HEAVY | Process Connection: HEAVY | Housing Material: CAST IRON,41000013,682,CNMC-000682,True,100.0,682,SAIL,SA000682,ANALOG CONTROL VALVE Accuracy:STD
99,CCL,CC000099,Valves,VALVE,CHECK,"VALVE (CHECK) Size:2""",NOS,"{'Size': '2""', 'Pressure Rating': '900 PSI', 'Body Material': 'CAST IRON', 'End Connection': 'HIGH', 'Temperature Rating': '5KW'}","Size: 2"" | Pressure Rating: 900 PSI | Body Material: CAST IRON | End Connection: HIGH | Temperature Rating: 5KW",40140061,97,CNMC-000097,True,100.0,97,BHEL,BH000097,"VALVE (CHECK) Size:2"""
728,BPCL,BP000728,Instruments,TEMPERATURE TRANSMITTER,SMART,TEMPERATURE TRANSMITTER (SMART) Range:0-10 BAR,EACHS,"{'Range': '0-10 BAR', 'Accuracy': 'LIGHT', 'Output Signal': 'LIGHT', 'Process Connection': 'NORMAL', 'Housing Material': 'ALLOY STEEL'}",Range: 0-10 BAR | Accuracy: LIGHT | Output Signal: LIGHT | Process Connection: NORMAL | Housing Material: ALLOY STEEL,41000059,728,CNMC-000728,True,100.0,729,ONGC,ON000729,TEMPERATURE TRANSMITTER-SMART Range:0-10 BAR
574,SAIL,SA000574,Electrical,CIRCUIT BREAKER,INSTRUMENTATION,CIRCUIT BREAKER (INSTRUMENTATION) Insulation Type:HEAVY,NOS,"{'Voltage': '230V', 'Current Rating': '50KW', 'Power Rating': '10HP', 'Conductor Material': 'CARBON STEEL', 'Insulation Type': 'HEAVY'}",Voltage: 230V | Current Rating: 50KW | Power Rating: 10HP | Conductor Material: CARBON STEEL | Insulation Type: HEAVY,26000027,574,CNMC-000574,False,66.1,575,NTPC,NT000575,CIRCUIT BREAKER-INSTRUMENTATION Current Rating:50KW
407,NTPC,NT000407,Fasteners,WASHER,SOCKET HEAD,WASHER (SOCKET HEAD) Length:20FT,NOS,"{'Diameter': '4""', 'Length': '20FT', 'Thread Pitch': 'LIGHT', 'Material Grade': 'CARBON STEEL', 'Finish': 'HIGH'}","Diameter: 4"" | Length: 20FT | Thread Pitch: LIGHT | Material Grade: CARBON STEEL | Finish: HIGH",31160015,406,CNMC-000406,True,100.0,406,CCL,CC000406,WASHER (SOCKET HEAD) Length:20FT
503,BPCL,BP000503,Pumps,PUMP,SUBMERSIBLE,PUMP-SUBMERSIBLE Head:HIGH,EACHS,"{'Flow Rate': '50 M3/H', 'Head': 'HIGH', 'Power': '50HP', 'Speed': 'HEAVY', 'Impeller Material': 'STAINLESS STEEL 316'}",Flow Rate: 50 M3/H | Head: HIGH | Power: 50HP | Speed: HEAVY | Impeller Material: STAINLESS STEEL 316,40150077,503,CNMC-000503,False,65.4,500,SAIL,SA000500,PUMP (SUBMERSIBLE) Speed:HEAVY
48,ONGC,ON000048,Pipes & Tubes,PIPE,GALVANIZED,PIPE (GALVANIZED) Material Grade:CARBON STEEL,FOOT,"{'Diameter': '1/2""', 'Wall Thickness': '15mm', 'Length': '3M', 'Material Grade': 'CARBON STEEL', 'End Type': 'LIGHT'}","Diameter: 1/2"" | Wall Thickness: 15mm | Length: 3M | Material Grade: CARBON STEEL | End Type: LIGHT",27100067,48,CNMC-000048,False,63.6,50,GAIL,GA000050,PIPE-GALVANIZED End Type:LIGHT
33,NTPC,NT000033,Pipes & Tubes,TUBING,WELDED,TUBING WELDED TYPE Length:3M,FOOT,"{'Diameter': '1""', 'Wall Thickness': '3mm', 'Length': '3M', 'Material Grade': 'CAST IRON', 'End Type': 'NORMAL'}","Diameter: 1"" | Wall Thickness: 3mm | Length: 3M | Material Grade: CAST IRON | End Type: NORMAL",27100056,33,CNMC-000033,False,66.5,32,HPCL,HP000032,TUBING WELDED TYPE Material Grade:CAST IRON
201,HPCL,HP000201,Valves,VALVE,BALL,valve-ball end connection:normal,NOS,"{'Size': '4""', 'Pressure Rating': '900 PSI', 'Body Material': 'CAST IRON', 'End Connection': 'NORMAL', 'Temperature Rating': '50KW'}","Size: 4"" | Pressure Rating: 900 PSI | Body Material: CAST IRON | End Connection: NORMAL | Temperature Rating: 50KW",40140061,201,CNMC-000201,True,88.0,202,BPCL,BP000202,BALL VALVE End Connection:NORMAL
135,BPCL,BP000135,Valves,VALVE,GATE,VALVE (GATE) Pressure Rating:600 PSI,NOS,"{'Size': '10""', 'Pressure Rating': '600 PSI', 'Body Material': 'ALLOY STEEL', 'End Connection': 'HEAVY', 'Temperature Rating': '5HP'}","Size: 10"" | Pressure Rating: 600 PSI | Body Material: ALLOY STEEL | End Connection: HEAVY | Temperature Rating: 5HP",40140061,135,CNMC-000135,False,62.0,133,BHEL,BH000133,VALVE-GATE Temperature Rating:5HP
28,HPCL,HP000028,Pipes & Tubes,TUBE,SEAMLESS,seamless type tube material grade:stainless steel 304,METERS,"{'Diameter': '1""', 'Wall Thickness': '2mm', 'Length': '3M', 'Material Grade': 'STAINLESS STEEL 304', 'End Type': 'HEAVY'}","Diameter: 1"" | Wall Thickness: 2mm | Length: 3M | Material Grade: STAINLESS STEEL 304 | End Type: HEAVY",27100037,25,CNMC-000025,True,100.0,25,BPCL,BP000025,SEAMLESS TYPE TUBE Material Grade:STAINLESS STEEL 304
790,NTPC,NT000790,Pipes & Tubes,TUBING,WELDED,TUBING WELDED STD,METER,{},,27100056,790,CNMC-000790,False,50.4,777,ONGC,ON000777,TUBING WELDED CUSTOM
231,BHEL,BH000231,Bearings,BEARING,TAPERED ROLLER,TAPERED ROLLER TYPE BEARING Seal Type:NORMAL,NOSS,"{'Inside Diameter': '3/4""', 'Outside Diameter': '10""', 'Width': '20mm', 'Load Rating': '10KW', 'Seal Type': 'NORMAL'}","Inside Diameter: 3/4"" | Outside Diameter: 10"" | Width: 20mm | Load Rating: 10KW | Seal Type: NORMAL",31170062,230,CNMC-000230,True,88.9,232,ONGC,ON000232,BEARING (TAPERED ROLLER) Seal Type:NORMAL
490,GAIL,GA000490,Pumps,PUMP,POSITIVE DISPLACEMENT,"PUMP, POSITIVE DISPLACEMENT Head:NORMAL",NOS,"{'Flow Rate': '25 M3/H', 'Head': 'NORMAL', 'Power': '15HP', 'Speed': 'HEAVY', 'Impeller Material': 'STAINLESS STEEL 316'}",Flow Rate: 25 M3/H | Head: NORMAL | Power: 15HP | Speed: HEAVY | Impeller Material: STAINLESS STEEL 316,40150077,486,CNMC-000486,True,100.0,486,IOCL,IO000486,"PUMP, POSITIVE DISPLACEMENT Head:NORMAL"
379,IOCL,IO000379,Fasteners,NUT,HEX HEAD,HEX HEAD NUT Thread Pitch:LIGHT,KG,"{'Diameter': '10""', 'Length': '3M', 'Thread Pitch': 'LIGHT', 'Material Grade': 'CARBON STEEL', 'Finish': 'STD'}","Diameter: 10"" | Length: 3M | Thread Pitch: LIGHT | Material Grade: CARBON STEEL | Finish: STD",31160062,379,CNMC-000379,False,66.3,316,GAIL,GA000316,SOCKET HEAD NUT Thread Pitch:LIGHT
289,ONGC,ON000289,Bearings,BEARING,ROLLER,ROLLER TYPE BEARING Load Rating:5HP,NOSS,"{'Inside Diameter': '3""', 'Outside Diameter': '3""', 'Width': '12mm', 'Load Rating': '5HP', 'Seal Type': 'STD'}","Inside Diameter: 3"" | Outside Diameter: 3"" | Width: 12mm | Load Rating: 5HP | Seal Type: STD",31170062,287,CNMC-000287,True,87.1,287,CPCL,CP000287,BEARING (ROLLER) Load Rating:5HP
419,BHEL,BH000419,Pumps,PUMP,MULTISTAGE,MULTISTAGE PUMP Flow Rate:25 M3/H,EACH,"{'Flow Rate': '25 M3/H', 'Head': 'STD', 'Power': '10HP', 'Speed': 'NORMAL', 'Impeller Material': 'STAINLESS STEEL 304'}",Flow Rate: 25 M3/H | Head: STD | Power: 10HP | Speed: NORMAL | Impeller Material: STAINLESS STEEL 304,40150077,419,CNMC-000419,False,58.9,417,BPCL,BP000417,PUMP (MULTISTAGE) Head:STD
675,CCL,CC000675,Instruments,LEVEL SWITCH,ELECTRONIC,"LEVEL SWITCH, ELECTRONIC Accuracy:HIGH",NOS,"{'Range': '0-16 BAR', 'Accuracy': 'HIGH', 'Output Signal': 'STD', 'Process Connection': 'HEAVY', 'Housing Material': 'STAINLESS STEEL 316'}",Range: 0-16 BAR | Accuracy: HIGH | Output Signal: STD | Process Connection: HEAVY | Housing Material: STAINLESS STEEL 316,41000004,675,CNMC-000675,False,79.4,676,HPCL,HP000676,ELECTRONIC TYPE LEVEL SWITCH Accuracy:HIGH
392,BHEL,BH000392,Fasteners,SCREW,LOCK,"SCREW, LOCK Finish:STD",KG,"{'Diameter': '8""', 'Length': '20FT', 'Thread Pitch': 'LIGHT', 'Material Grade': 'CAST IRON', 'Finish': 'STD'}","Diameter: 8"" | Length: 20FT | Thread Pitch: LIGHT | Material Grade: CAST IRON | Finish: STD",31160062,392,CNMC-000392,False,77.2,393,SAIL,SA000393,LOCK TYPE SCREW Finish:STD
593,IOCL,IO000593,Gaskets & Seals,PACKING,GRAPHITE,GRAPHITE PACKING Material:ALLOY STEEL,EACHS,"{'Inner Diameter': '12""', 'Outer Diameter': '3/4""', 'Thickness': '12mm', 'Material': 'ALLOY STEEL', 'Pressure Rating': '2500 PSI'}","Inner Diameter: 12"" | Outer Diameter: 3/4"" | Thickness: 12mm | Material: ALLOY STEEL | Pressure Rating: 2500 PSI",31180089,592,CNMC-000592,True,85.5,592,BPCL,BP000592,PACKING GRAPHITE TYPE Material:ALLOY STEEL
499,HPCL,HP000499,Pumps,PUMP,SUBMERSIBLE,PUMP (SUBMERSIBLE) Impeller Material:STAINLESS STEEL 316,NOS,"{'Flow Rate': '50 M3/H', 'Head': 'HIGH', 'Power': '50HP', 'Speed': 'HEAVY', 'Impeller Material': 'STAINLESS STEEL 316'}",Flow Rate: 50 M3/H | Head: HIGH | Power: 50HP | Speed: HEAVY | Impeller Material: STAINLESS STEEL 316,40150077,499,CNMC-000499,True,100.0,501,IOCL,IO000501,PUMP-SUBMERSIBLE Impeller Material:STAINLESS STEEL 316
139,SAIL,SA000139,Valves,VALVE,CHECK,CHECK TYPE VALVE Body Material:CAST IRON,EACHS,"{'Size': '4""', 'Pressure Rating': '600 PSI', 'Body Material': 'CAST IRON', 'End Connection': 'HEAVY', 'Temperature Rating': '10HP'}","Size: 4"" | Pressure Rating: 600 PSI | Body Material: CAST IRON | End Connection: HEAVY | Temperature Rating: 10HP",40140061,137,CNMC-000137,True,94.2,137,GAIL,GA000137,VALVE CHECK TYPE Body Material:CAST IRON
63,HPCL,HP000063,Pipes & Tubes,TUBING,GALVANIZED,"galvanized tubing diameter:10""",FOOT,"{'Diameter': '10""', 'Wall Thickness': '3mm', 'Length': '6M', 'Material Grade': 'BRONZE', 'End Type': 'HEAVY'}","Diameter: 10"" | Wall Thickness: 3mm | Length: 6M | Material Grade: BRONZE | End Type: HEAVY",27100056,63,CNMC-000063,True,85.4,65,ONGC,ON000065,"TUBING-GALVANIZED Diameter:10"""
472,ONGC,ON000472,Pumps,PUMP,SUBMERSIBLE,PUMP (SUBMERSIBLE) Head:NORMAL,EACH,"{'Flow Rate': '10 M3/H', 'Head': 'NORMAL', 'Power': '50HP', 'Speed': 'LIGHT', 'Impeller Material': 'CAST IRON'}",Flow Rate: 10 M3/H | Head: NORMAL | Power: 50HP | Speed: LIGHT | Impeller Material: CAST IRON,40150077,472,CNMC-000472,True,100.0,473,IOCL,IO000473,"pump, submersible head:normal"
648,BPCL,BP000648,Gaskets & Seals,O-RING,RUBBER,"RUBBER O-RING Inner Diameter:4""",EACH,"{'Inner Diameter': '4""', 'Outer Diameter': '3/4""', 'Thickness': '12mm', 'Material': 'CAST IRON', 'Pressure Rating': '300 PSI'}","Inner Diameter: 4"" | Outer Diameter: 3/4"" | Thickness: 12mm | Material: CAST IRON | Pressure Rating: 300 PSI",31180009,648,CNMC-000648,True,86.7,650,NTPC,NT000650,"O-RING (RUBBER) Inner Diameter:4"""
129,BHEL,BH000129,Valves,VALVE,PRESSURE RELIEF,valve (pressure relief) body material:bronze,EACH,"{'Size': '1/2""', 'Pressure Rating': '1500 PSI', 'Body Material': 'BRONZE', 'End Connection': 'HIGH', 'Temperature Rating': '10KW'}","Size: 1/2"" | Pressure Rating: 1500 PSI | Body Material: BRONZE | End Connection: HIGH | Temperature Rating: 10KW",40140061,127,CNMC-000127,True,100.0,127,NTPC,NT000127,"VALVE, PRESSURE RELIEF Body Material:BRONZE"
878,BPCL,BP000878,Pumps,PUMP,CENTRIFUGAL,PUMP CENTRIFUGAL STD,EACH,{},,40150077,878,CNMC-000878,True,80.0,900,HPCL,HP000900,PUMP CENTRIFUGAL STD
521,HPCL,HP000521,Electrical,CABLE,CONTROL,CONTROL TYPE CABLE Power Rating:50HP,EACH,"{'Voltage': '11KV', 'Current Rating': '5KW', 'Power Rating': '50HP', 'Conductor Material': 'STAINLESS STEEL 304', 'Insulation Type': 'NORMAL'}",Voltage: 11KV | Current Rating: 5KW | Power Rating: 50HP | Conductor Material: STAINLESS STEEL 304 | Insulation Type: NORMAL,26000075,521,CNMC-000521,True,84.5,523,NTPC,NT000523,CABLE (CONTROL) Power Rating:50HP
65,ONGC,ON000065,Pipes & Tubes,TUBING,GALVANIZED,"TUBING-GALVANIZED Diameter:10""",METER,"{'Diameter': '10""', 'Wall Thickness': '3mm', 'Length': '6M', 'Material Grade': 'BRONZE', 'End Type': 'HEAVY'}","Diameter: 10"" | Wall Thickness: 3mm | Length: 6M | Material Grade: BRONZE | End Type: HEAVY",27100056,63,CNMC-000063,True,85.4,63,HPCL,HP000063,"galvanized tubing diameter:10"""
15,BHEL,BH000015,Pipes & Tubes,TUBE,GALVANIZED,"GALVANIZED TYPE TUBE Diameter:6""",FOOT,"{'Diameter': '6""', 'Wall Thickness': '15mm', 'Length': '3M', 'Material Grade': 'STAINLESS STEEL 316', 'End Type': 'HIGH'}","Diameter: 6"" | Wall Thickness: 15mm | Length: 3M | Material Grade: STAINLESS STEEL 316 | End Type: HIGH",27100037,15,CNMC-000015,False,74.2,17,IOCL,IO000017,"TUBE (GALVANIZED) Diameter:6"""
157,SAIL,SA000157,Valves,VALVE,GLOBE,VALVE-GLOBE Pressure Rating:300 PSI,NOS,"{'Size': '3/4""', 'Pressure Rating': '300 PSI', 'Body Material': 'ALLOY STEEL', 'End Connection': 'STD', 'Temperature Rating': '5KW'}","Size: 3/4"" | Pressure Rating: 300 PSI | Body Material: ALLOY STEEL | End Connection: STD | Temperature Rating: 5KW",40140061,156,CNMC-000156,True,90.1,159,GAIL,GA000159,GLOBE VALVE Pressure Rating:300 PSI
41,BPCL,BP000041,Pipes & Tubes,TUBE,CARBON STEEL,CARBON STEEL TYPE TUBE Material Grade:CAST IRON,FOOT,"{'Diameter': '6""', 'Wall Thickness': '20mm', 'Length': '20FT', 'Material Grade': 'CAST IRON', 'End Type': 'HEAVY'}","Diameter: 6"" | Wall Thickness: 20mm | Length: 20FT | Material Grade: CAST IRON | End Type: HEAVY",27100037,39,CNMC-000039,True,91.4,39,ONGC,ON000039,TUBE-CARBON STEEL Material Grade:CAST IRON
493,NTPC,NT000493,Pumps,PUMP,MULTISTAGE,"PUMP, MULTISTAGE Flow Rate:100 M3/H",NOSS,"{'Flow Rate': '100 M3/H', 'Head': 'HIGH', 'Power': '100HP', 'Speed': 'HIGH', 'Impeller Material': 'STAINLESS STEEL 304'}",Flow Rate: 100 M3/H | Head: HIGH | Power: 100HP | Speed: HIGH | Impeller Material: STAINLESS STEEL 304,40150077,493,CNMC-000493,False,64.5,441,BHEL,BH000441,"PUMP, POSITIVE DISPLACEMENT Flow Rate:100 M3/H"
380,SAIL,SA000380,Fasteners,NUT,HEX HEAD,HEX HEAD TYPE NUT Material Grade:CARBON STEEL,KGS,"{'Diameter': '10""', 'Length': '3M', 'Thread Pitch': 'LIGHT', 'Material Grade': 'CARBON STEEL', 'Finish': 'STD'}","Diameter: 10"" | Length: 3M | Thread Pitch: LIGHT | Material Grade: CARBON STEEL | Finish: STD",31160062,380,CNMC-000380,True,93.4,383,NTPC,NT000383,HEX HEAD NUT Material Grade:CARBON STEEL
188,CCL,CC000188,Valves,VALVE,BUTTERFLY,BUTTERFLY TYPE VALVE End Connection:LIGHT,EACH,"{'Size': '2""', 'Pressure Rating': '300 PSI', 'Body Material': 'CARBON STEEL', 'End Connection': 'LIGHT', 'Temperature Rating': '100HP'}","Size: 2"" | Pressure Rating: 300 PSI | Body Material: CARBON STEEL | End Connection: LIGHT | Temperature Rating: 100HP",40140061,185,CNMC-000185,True,86.4,185,SAIL,SA000185,VALVE (BUTTERFLY) End Connection:LIGHT
764,CPCL,CP000764,Gaskets & Seals,PACKING,RUBBER,PACKING RUBBER SPECIAL,NOS,{},,31180089,764,CNMC-000764,False,46.1,655,NTPC,NT000655,"PACKING RUBBER TYPE Outer Diameter:2"""
217,NTPC,NT000217,Bearings,BEARING,BALL,BEARING BALL TYPE Load Rating:5HP,EACH,"{'Inside Diameter': '8""', 'Outside Diameter': '10""', 'Width': '2mm', 'Load Rating': '5HP', 'Seal Type': 'HEAVY'}","Inside Diameter: 8"" | Outside Diameter: 10"" | Width: 2mm | Load Rating: 5HP | Seal Type: HEAVY",31170062,217,CNMC-000217,False,63.1,216,CCL,CC000216,BALL TYPE BEARING Width:2mm
792,NTPC,NT000792,Pipes & Tubes,TUBING,STAINLESS STEEL,TUBING STAINLESS STEEL SPECIAL,FOOT,{},,27100056,792,CNMC-000792,True,80.0,896,HPCL,HP000896,TUBING STAINLESS STEEL SPECIAL
53,GAIL,GA000053,Pipes & Tubes,TUBE,WELDED,"tube, welded end type:light",METER,"{'Diameter': '3""', 'Wall Thickness': '5mm', 'Length': '10FT', 'Material Grade': 'CAST IRON', 'End Type': 'LIGHT'}","Diameter: 3"" | Wall Thickness: 5mm | Length: 10FT | Material Grade: CAST IRON | End Type: LIGHT",27100037,51,CNMC-000051,True,88.3,51,NTPC,NT000051,TUBE WELDED TYPE End Type:LIGHT
338,ONGC,ON000338,Fasteners,BOLT,HEX HEAD,BOLT-HEX HEAD Length:6M,KG,"{'Diameter': '3/4""', 'Length': '6M', 'Thread Pitch': 'STD', 'Material Grade': 'STAINLESS STEEL 304', 'Finish': 'HIGH'}","Diameter: 3/4"" | Length: 6M | Thread Pitch: STD | Material Grade: STAINLESS STEEL 304 | Finish: HIGH",31160064,334,CNMC-000334,True,86.7,339,CPCL,CP000339,BOLT HEX HEAD TYPE Length:6M
749,ONGC,ON000749,Instruments,PRESSURE GAUGE,DIGITAL,PRESSURE GAUGE (DIGITAL) Output Signal:LIGHT,NOS,"{'Range': '0-10 BAR', 'Accuracy': 'LIGHT', 'Output Signal': 'LIGHT', 'Process Connection': 'NORMAL', 'Housing Material': 'STAINLESS STEEL 304'}",Range: 0-10 BAR | Accuracy: LIGHT | Output Signal: LIGHT | Process Connection: NORMAL | Housing Material: STAINLESS STEEL 304,41000061,749,CNMC-000749,False,70.8,750,IOCL,IO000750,"PRESSURE GAUGE, DIGITAL Accuracy:LIGHT"
720,BPCL,BP000720,Instruments,PRESSURE GAUGE,DIGITAL,DIGITAL PRESSURE GAUGE Process Connection:LIGHT,EACH,"{'Range': '0-100 BAR', 'Accuracy': 'STD', 'Output Signal': 'STD', 'Process Connection': 'LIGHT', 'Housing Material': 'CARBON STEEL'}",Range: 0-100 BAR | Accuracy: STD | Output Signal: STD | Process Connection: LIGHT | Housing Material: CARBON STEEL,41000061,720,CNMC-000720,False,61.7,719,CCL,CC000719,PRESSURE GAUGE-DIGITAL Accuracy:STD
725,BPCL,BP000725,Instruments,PRESSURE GAUGE,PNEUMATIC,PRESSURE GAUGE (PNEUMATIC) Process Connection:LIGHT,NOS,"{'Range': '0-25 BAR', 'Accuracy': 'NORMAL', 'Output Signal': 'HEAVY', 'Process Connection': 'LIGHT', 'Housing Material': 'BRONZE'}",Range: 0-25 BAR | Accuracy: NORMAL | Output Signal: HEAVY | Process Connection: LIGHT | Housing Material: BRONZE,41000061,725,CNMC-000725,False,66.9,724,ONGC,ON000724,PRESSURE GAUGE-PNEUMATIC Housing Material:BRONZE
296,BPCL,BP000296,Bearings,BEARING,BALL,BEARING-BALL Width:20mm,EACHS,"{'Inside Diameter': '4""', 'Outside Diameter': '3""', 'Width': '20mm', 'Load Rating': '10HP', 'Seal Type': 'NORMAL'}","Inside Diameter: 4"" | Outside Diameter: 3"" | Width: 20mm | Load Rating: 10HP | Seal Type: NORMAL",31170062,291,CNMC-000291,True,100.0,291,NTPC,NT000291,bearing-ball width:20mm
702,SAIL,SA000702,Instruments,LEVEL SWITCH,ANALOG,"LEVEL SWITCH, ANALOG Output Signal:HEAVY",NOS,"{'Range': '0-10 BAR', 'Accuracy': 'HIGH', 'Output Signal': 'HEAVY', 'Process Connection': 'HEAVY', 'Housing Material': 'ALLOY STEEL'}",Range: 0-10 BAR | Accuracy: HIGH | Output Signal: HEAVY | Process Connection: HEAVY | Housing Material: ALLOY STEEL,41000004,702,CNMC-000702,False,68.2,703,BHEL,BH000703,"LEVEL SWITCH, ANALOG Process Connection:HEAVY"
252,GAIL,GA000252,Bearings,BEARING,ROLLER,"BEARING (ROLLER) Outside Diameter:1""",NOS,"{'Inside Diameter': '3/4""', 'Outside Diameter': '1""', 'Width': '10mm', 'Load Rating': '100HP', 'Seal Type': 'NORMAL'}","Inside Diameter: 3/4"" | Outside Diameter: 1"" | Width: 10mm | Load Rating: 100HP | Seal Type: NORMAL",31170062,250,CNMC-000250,True,100.0,250,BHEL,BH000250,"BEARING, ROLLER Outside Diameter:1"""
727,IOCL,IO000727,Instruments,TEMPERATURE TRANSMITTER,SMART,TEMPERATURE TRANSMITTER-SMART Housing Material:ALLOY STEEL,NOS,"{'Range': '0-10 BAR', 'Accuracy': 'LIGHT', 'Output Signal': 'LIGHT', 'Process Connection': 'NORMAL', 'Housing Material': 'ALLOY STEEL'}",Range: 0-10 BAR | Accuracy: LIGHT | Output Signal: LIGHT | Process Connection: NORMAL | Housing Material: ALLOY STEEL,41000059,727,CNMC-000727,False,61.9,729,ONGC,ON000729,TEMPERATURE TRANSMITTER-SMART Range:0-10 BAR
462,CPCL,CP000462,Pumps,PUMP,CENTRIFUGAL,CENTRIFUGAL TYPE PUMP Head:HEAVY,EACH,"{'Flow Rate': '10 M3/H', 'Head': 'HEAVY', 'Power': '50KW', 'Speed': 'HIGH', 'Impeller Material': 'STAINLESS STEEL 304'}",Flow Rate: 10 M3/H | Head: HEAVY | Power: 50KW | Speed: HIGH | Impeller Material: STAINLESS STEEL 304,40150077,462,CNMC-000462,False,63.4,459,IOCL,IO000459,PUMP CENTRIFUGAL TYPE Impeller Material:STAINLESS STEEL 304
456,GAIL,GA000456,Pumps,PUMP,POSITIVE DISPLACEMENT,"PUMP, POSITIVE DISPLACEMENT Flow Rate:100 M3/H",EACH,"{'Flow Rate': '100 M3/H', 'Head': 'STD', 'Power': '5HP', 'Speed': 'HIGH', 'Impeller Material': 'CARBON STEEL'}",Flow Rate: 100 M3/H | Head: STD | Power: 5HP | Speed: HIGH | Impeller Material: CARBON STEEL,40150077,456,CNMC-000456,True,89.4,458,IOCL,IO000458,positive displacement type pump flow rate:100 m3/h
898,HPCL,HP000898,Electrical,CABLE,CONTROL,CABLE CONTROL CUSTOM,METER,{},,26000075,898,CNMC-000898,False,50.3,791,NTPC,NT000791,CABLE CONTROL SPECIAL
270,HPCL,HP000270,Bearings,BEARING,SPHERICAL,"bearing, spherical seal type:std",EACH,"{'Inside Diameter': '8""', 'Outside Diameter': '3/4""', 'Width': '2mm', 'Load Rating': '50HP', 'Seal Type': 'STD'}","Inside Diameter: 8"" | Outside Diameter: 3/4"" | Width: 2mm | Load Rating: 50HP | Seal Type: STD",31170062,269,CNMC-000269,True,84.1,272,BHEL,BH000272,SPHERICAL TYPE BEARING Seal Type:STD
202,BPCL,BP000202,Valves,VALVE,BALL,BALL VALVE End Connection:NORMAL,NOS,"{'Size': '4""', 'Pressure Rating': '900 PSI', 'Body Material': 'CAST IRON', 'End Connection': 'NORMAL', 'Temperature Rating': '50KW'}","Size: 4"" | Pressure Rating: 900 PSI | Body Material: CAST IRON | End Connection: NORMAL | Temperature Rating: 50KW",40140061,201,CNMC-000201,True,88.0,201,HPCL,HP000201,valve-ball end connection:normal
162,ONGC,ON000162,Valves,VALVE,GLOBE,VALVE (GLOBE) Pressure Rating:600 PSI,NOS,"{'Size': '1""', 'Pressure Rating': '600 PSI', 'Body Material': 'CAST IRON', 'End Connection': 'HIGH', 'Temperature Rating': '50HP'}","Size: 1"" | Pressure Rating: 600 PSI | Body Material: CAST IRON | End Connection: HIGH | Temperature Rating: 50HP",40140061,162,CNMC-000162,True,90.1,164,BHEL,BH000164,VALVE GLOBE TYPE Pressure Rating:600 PSI
556,BHEL,BH000556,Electrical,MOTOR,LV,"MOTOR, LV Power Rating:15HP",EACHS,"{'Voltage': '3.3KV', 'Current Rating': '50HP', 'Power Rating': '15HP', 'Conductor Material': 'STAINLESS STEEL 304', 'Insulation Type': 'HIGH'}",Voltage: 3.3KV | Current Rating: 50HP | Power Rating: 15HP | Conductor Material: STAINLESS STEEL 304 | Insulation Type: HIGH,26000034,555,CNMC-000555,True,100.0,555,ONGC,ON000555,"MOTOR, LV Power Rating:15HP"
730,HPCL,HP000730,Instruments,TEMPERATURE TRANSMITTER,SMART,TEMPERATURE TRANSMITTER (SMART) Process Connection:NORMAL,NOS,"{'Range': '0-10 BAR', 'Accuracy': 'LIGHT', 'Output Signal': 'LIGHT', 'Process Connection': 'NORMAL', 'Housing Material': 'ALLOY STEEL'}",Range: 0-10 BAR | Accuracy: LIGHT | Output Signal: LIGHT | Process Connection: NORMAL | Housing Material: ALLOY STEEL,41000059,730,CNMC-000730,True,89.6,731,CPCL,CP000731,temperature transmitter smart type process connection:normal
402,BHEL,BH000402,Fasteners,SCREW,SOCKET HEAD,"SCREW (SOCKET HEAD) Diameter:1/2""",KG,"{'Diameter': '1/2""', 'Length': '3M', 'Thread Pitch': 'NORMAL', 'Material Grade': 'ALLOY STEEL', 'Finish': 'HEAVY'}","Diameter: 1/2"" | Length: 3M | Thread Pitch: NORMAL | Material Grade: ALLOY STEEL | Finish: HEAVY",31160062,402,CNMC-000402,False,73.1,403,HPCL,HP000403,SCREW-SOCKET HEAD Finish:HEAVY
703,BHEL,BH000703,Instruments,LEVEL SWITCH,ANALOG,"LEVEL SWITCH, ANALOG Process Connection:HEAVY",EACHS,"{'Range': '0-10 BAR', 'Accuracy': 'HIGH', 'Output Signal': 'HEAVY', 'Process Connection': 'HEAVY', 'Housing Material': 'ALLOY STEEL'}",Range: 0-10 BAR | Accuracy: HIGH | Output Signal: HEAVY | Process Connection: HEAVY | Housing Material: ALLOY STEEL,41000004,703,CNMC-000703,False,68.2,702,SAIL,SA000702,"LEVEL SWITCH, ANALOG Output Signal:HEAVY"
477,BHEL,BH000477,Pumps,PUMP,SUBMERSIBLE,PUMP (SUBMERSIBLE) Impeller Material:STAINLESS STEL 304,NOS,"{'Flow Rate': '25 M3/H', 'Head': 'LIGHT', 'Power': '25HP', 'Speed': 'LIGHT', 'Impeller Material': 'STAINLESS STEEL 304'}",Flow Rate: 25 M3/H | Head: LIGHT | Power: 25HP | Speed: LIGHT | Impeller Material: STAINLESS STEEL 304,40150077,476,CNMC-000476,True,84.6,476,CPCL,CP000476,PUMP (SUBMERSIBLE) Impeller Material:STNLSS STEL 304
772,ONGC,ON000772,Electrical,CIRCUIT BREAKER,CONTROL,CIRCUIT BREAKER CONTROL HEAVY,EACH,{},,26000027,772,CNMC-000772,False,43.7,562,CCL,CC000562,"CIRCUIT BREAKER, MV Insulation Type:HEAVY"
106,BPCL,BP000106,Valves,VALVE,BALL,BALL VALVE Body Material:STAINLESS STEEL 316,NOS,"{'Size': '12""', 'Pressure Rating': '300 PSI', 'Body Material': 'STAINLESS STEEL 316', 'End Connection': 'HEAVY', 'Temperature Rating': '5HP'}","Size: 12"" | Pressure Rating: 300 PSI | Body Material: STAINLESS STEEL 316 | End Connection: HEAVY | Temperature Rating: 5HP",40140061,106,CNMC-000106,False,56.5,109,CCL,CC000109,"VALVE, BALL Temperature Rating:5HP"
566,GAIL,GA000566,Electrical,CIRCUIT BREAKER,MV,mv circuit breaker current rating:15hp,NOS,"{'Voltage': '33KV', 'Current Rating': '15HP', 'Power Rating': '25HP', 'Conductor Material': 'STAINLESS STEEL 304', 'Insulation Type': 'HEAVY'}",Voltage: 33KV | Current Rating: 15HP | Power Rating: 25HP | Conductor Material: STAINLESS STEEL 304 | Insulation Type: HEAVY,26000027,563,CNMC-000563,True,86.8,563,NTPC,NT000563,circuit breaker mv type current rating:15hp
390,BPCL,BP000390,Fasteners,STUD,SPRING,STUD (SPRING) Length:20FT,NOS,"{'Diameter': '12""', 'Length': '20FT', 'Thread Pitch': 'STD', 'Material Grade': 'CAST IRON', 'Finish': 'HIGH'}","Diameter: 12"" | Length: 20FT | Thread Pitch: STD | Material Grade: CAST IRON | Finish: HIGH",31160032,388,CNMC-000388,True,81.1,388,BHEL,BH000388,SPRING TYPE STUD Length:20FT
2,GAIL,GA000002,Pipes & Tubes,PIPE,CARBON STEEL,PIPE-CARBON STEEL Length:3M,METER,"{'Diameter': '8""', 'Wall Thickness': '10mm', 'Length': '3M', 'Material Grade': 'STAINLESS STEEL 304', 'End Type': 'LIGHT'}","Diameter: 8"" | Wall Thickness: 10mm | Length: 3M | Material Grade: STAINLESS STEEL 304 | End Type: LIGHT",27100067,2,CNMC-000002,True,88.1,3,HPCL,HP000003,PIPE CARBON STEEL TYPE Length:3M
844,GAIL,GA000844,Bearings,BEARING,THRUST,BEARING THRUST SPECIAL,EACH,{},,31170062,844,CNMC-000844,False,51.2,873,BPCL,BP000873,BEARING THRUST CUSTOM
562,CCL,CC000562,Electrical,CIRCUIT BREAKER,MV,"CIRCUIT BREAKER, MV Insulation Type:HEAVY",NOS,"{'Voltage': '33KV', 'Current Rating': '15HP', 'Power Rating': '25HP', 'Conductor Material': 'STAINLESS STEEL 304', 'Insulation Type': 'HEAVY'}",Voltage: 33KV | Current Rating: 15HP | Power Rating: 25HP | Conductor Material: STAINLESS STEEL 304 | Insulation Type: HEAVY,26000027,562,CNMC-000562,False,64.0,563,NTPC,NT000563,circuit breaker mv type current rating:15hp
81,GAIL,GA000081,Pipes & Tubes,TUBE,CARBON STEEL,tube carbon steel type wall thickness:5mm,FOOT,"{'Diameter': '8""', 'Wall Thickness': '5mm', 'Length': '3M', 'Material Grade': 'BRONZE', 'End Type': 'HIGH'}","Diameter: 8"" | Wall Thickness: 5mm | Length: 3M | Material Grade: BRONZE | End Type: HIGH",27100037,81,CNMC-000081,False,71.1,82,NTPC,NT000082,TUBE CARBON STEEL TYPE Length:3M
206,NTPC,NT000206,Valves,VALVE,BALL,valve (ball) pressure rating:900 psi,NOS,"{'Size': '4""', 'Pressure Rating': '900 PSI', 'Body Material': 'CAST IRON', 'End Connection': 'NORMAL', 'Temperature Rating': '50KW'}","Size: 4"" | Pressure Rating: 900 PSI | Body Material: CAST IRON | End Connection: NORMAL | Temperature Rating: 50KW",40140061,206,CNMC-000206,False,62.1,203,SAIL,SA000203,"VALVE (BALL) Size:4"""
35,CCL,CC000035,Pipes & Tubes,TUBING,WELDED,welded type tubing material grade:cast iron,METER,"{'Diameter': '1""', 'Wall Thickness': '3mm', 'Length': '3M', 'Material Grade': 'CAST IRON', 'End Type': 'NORMAL'}","Diameter: 1"" | Wall Thickness: 3mm | Length: 3M | Material Grade: CAST IRON | End Type: NORMAL",27100056,32,CNMC-000032,True,92.1,32,HPCL,HP000032,TUBING WELDED TYPE Material Grade:CAST IRON
776,ONGC,ON000776,Electrical,SWITCH,CONTROL,SWITCH CONTROL STD,NOS,{},,26000002,776,CNMC-000776,False,50.5,836,GAIL,GA000836,SWITCH CONTROL SPECIAL
509,BHEL,BH000509,Pumps,PUMP,POSITIVE DISPLACEMENT,pump-positive displacement impeller material:carbon steel,NOS,"{'Flow Rate': '100 M3/H', 'Head': 'LIGHT', 'Power': '10KW', 'Speed': 'HEAVY', 'Impeller Material': 'CARBON STEEL'}",Flow Rate: 100 M3/H | Head: LIGHT | Power: 10KW | Speed: HEAVY | Impeller Material: CARBON STEEL,40150077,509,CNMC-000509,False,62.9,508,IOCL,IO000508,PUMP POSITIVE DISPLACEMENT TYPE Speed:HEAVY
428,SAIL,SA000428,Pumps,PUMP,POSITIVE DISPLACEMENT,positive displacement type pump flow rate:50 m3/h,NOS,"{'Flow Rate': '50 M3/H', 'Head': 'NORMAL', 'Power': '100HP', 'Speed': 'STD', 'Impeller Material': 'CARBON STEEL'}",Flow Rate: 50 M3/H | Head: NORMAL | Power: 100HP | Speed: STD | Impeller Material: CARBON STEEL,40150077,428,CNMC-000428,False,68.0,506,ONGC,ON000506,POSITIVE DISPLACEMENT TYPE PUMP Flow Rate:50 M3/H
455,SAIL,SA000455,Pumps,PUMP,SUBMERSIBLE,SUBMERSIBLE TYPE PUMP Impeller Material:ALLOY STEEL,NOS,"{'Flow Rate': '50 M3/H', 'Head': 'HEAVY', 'Power': '50KW', 'Speed': 'STD', 'Impeller Material': 'ALLOY STEEL'}",Flow Rate: 50 M3/H | Head: HEAVY | Power: 50KW | Speed: STD | Impeller Material: ALLOY STEEL,40150077,455,CNMC-000455,False,66.7,453,CCL,CC000453,submersible type pump power:50kw
367,BPCL,BP000367,Fasteners,SCREW,FLANGE,"FLANGE SCREW Diameter:3/4""",NOSS,"{'Diameter': '3/4""', 'Length': '20FT', 'Thread Pitch': 'NORMAL', 'Material Grade': 'CARBON STEEL', 'Finish': 'STD'}","Diameter: 3/4"" | Length: 20FT | Thread Pitch: NORMAL | Material Grade: CARBON STEEL | Finish: STD",31160062,367,CNMC-000367,False,78.2,369,CPCL,CP000369,"SCREW-FLANGE Diameter:3/4"""
92,ONGC,ON000092,Pipes & Tubes,TUBE,WELDED,WELDED TYPE TUBE End Type:STD,FOOT,"{'Diameter': '2""', 'Wall Thickness': '2mm', 'Length': '3M', 'Material Grade': 'STAINLESS STEEL 304', 'End Type': 'STD'}","Diameter: 2"" | Wall Thickness: 2mm | Length: 3M | Material Grade: STAINLESS STEEL 304 | End Type: STD",27100037,92,CNMC-000092,False,72.8,91,CPCL,CP000091,"WELDED TYPE TUBE Diameter:2"""
340,ONGC,ON000340,Fasteners,BOLT,FLANGE,bolt (flange) length:20ft,KG,"{'Diameter': '3""', 'Length': '20FT', 'Thread Pitch': 'HEAVY', 'Material Grade': 'STAINLESS STEEL 304', 'Finish': 'HIGH'}","Diameter: 3"" | Length: 20FT | Thread Pitch: HEAVY | Material Grade: STAINLESS STEEL 304 | Finish: HIGH",31160064,340,CNMC-000340,False,63.5,342,HPCL,HP000342,BOLT-FLANGE Finish:HIGH
565,SAIL,SA000565,Electrical,CIRCUIT BREAKER,MV,"CIRCUIT BREAKER, MV Conductor Material:STAINLESS STEEL 304",NOS,"{'Voltage': '33KV', 'Current Rating': '15HP', 'Power Rating': '25HP', 'Conductor Material': 'STAINLESS STEEL 304', 'Insulation Type': 'HEAVY'}",Voltage: 33KV | Current Rating: 15HP | Power Rating: 25HP | Conductor Material: STAINLESS STEEL 304 | Insulation Type: HEAVY,26000027,565,CNMC-000565,False,59.3,563,NTPC,NT000563,circuit breaker mv type current rating:15hp
346,BPCL,BP000346,Fasteners,WASHER,LOCK,"LOCK TYPE WASHER Diameter:3""",NOS,"{'Diameter': '3""', 'Length': '6M', 'Thread Pitch': 'LIGHT', 'Material Grade': 'STAINLESS STEEL 316', 'Finish': 'STD'}","Diameter: 3"" | Length: 6M | Thread Pitch: LIGHT | Material Grade: STAINLESS STEEL 316 | Finish: STD",31160015,346,CNMC-000346,False,74.0,348,GAIL,GA000348,LOCK TYPE WASHER Finish:STD
777,ONGC,ON000777,Pipes & Tubes,TUBING,WELDED,TUBING WELDED CUSTOM,FOOT,{},,27100056,777,CNMC-000777,False,50.4,790,NTPC,NT000790,TUBING WELDED STD
242,GAIL,GA000242,Bearings,BEARING,ROLLER,roller type bearing load rating:10hp,EACH,"{'Inside Diameter': '2""', 'Outside Diameter': '6""', 'Width': '15mm', 'Load Rating': '10HP', 'Seal Type': 'LIGHT'}","Inside Diameter: 2"" | Outside Diameter: 6"" | Width: 15mm | Load Rating: 10HP | Seal Type: LIGHT",31170062,241,CNMC-000241,True,86.4,241,NTPC,NT000241,BEARING-ROLLER Load Rating:10HP
14,HPCL,HP000014,Pipes & Tubes,TUBE,GALVANIZED,"TUBE (GALVANIZED) Diameter:6""",FOOTS,"{'Diameter': '6""', 'Wall Thickness': '15mm', 'Length': '3M', 'Material Grade': 'STAINLESS STEEL 316', 'End Type': 'HIGH'}","Diameter: 6"" | Wall Thickness: 15mm | Length: 3M | Material Grade: STAINLESS STEEL 316 | End Type: HIGH",27100037,14,CNMC-000014,True,100.0,17,IOCL,IO000017,"TUBE (GALVANIZED) Diameter:6"""
316,GAIL,GA000316,Fasteners,NUT,SOCKET HEAD,SOCKET HEAD NUT Thread Pitch:LIGHT,KG,"{'Diameter': '8""', 'Length': '6M', 'Thread Pitch': 'LIGHT', 'Material Grade': 'CARBON STEEL', 'Finish': 'NORMAL'}","Diameter: 8"" | Length: 6M | Thread Pitch: LIGHT | Material Grade: CARBON STEEL | Finish: NORMAL",31160062,316,CNMC-000316,False,66.3,379,IOCL,IO000379,HEX HEAD NUT Thread Pitch:LIGHT
601,GAIL,GA000601,Gaskets & Seals,GASKET,SPIRAL WOUND,GASKET SPIRAL WOUND TYPE Pressure Rating:900 PSI,NOS,"{'Inner Diameter': '1""', 'Outer Diameter': '1""', 'Thickness': '2mm', 'Material': 'ALLOY STEEL', 'Pressure Rating': '900 PSI'}","Inner Diameter: 1"" | Outer Diameter: 1"" | Thickness: 2mm | Material: ALLOY STEEL | Pressure Rating: 900 PSI",31180096,601,CNMC-000601,False,62.1,599,BPCL,BP000599,"GASKET (SPIRAL WOUND) Inner Diameter:1"""
388,BHEL,BH000388,Fasteners,STUD,SPRING,SPRING TYPE STUD Length:20FT,KGS,"{'Diameter': '12""', 'Length': '20FT', 'Thread Pitch': 'STD', 'Material Grade': 'CAST IRON', 'Finish': 'HIGH'}","Diameter: 12"" | Length: 20FT | Thread Pitch: STD | Material Grade: CAST IRON | Finish: HIGH",31160032,388,CNMC-000388,True,81.1,390,BPCL,BP000390,STUD (SPRING) Length:20FT
274,SAIL,SA000274,Bearings,BEARING,SPHERICAL,SPHERICAL BEARING Width:2mm,EACH,"{'Inside Diameter': '8""', 'Outside Diameter': '3/4""', 'Width': '2mm', 'Load Rating': '50HP', 'Seal Type': 'STD'}","Inside Diameter: 8"" | Outside Diameter: 3/4"" | Width: 2mm | Load Rating: 50HP | Seal Type: STD",31170062,274,CNMC-000274,False,60.8,270,HPCL,HP000270,"bearing, spherical seal type:std"
167,GAIL,GA000167,Valves,VALVE,BUTTERFLY,VALVE-BUTTERFLY End Connection:HEAVY,NOS,"{'Size': '8""', 'Pressure Rating': '150 PSI', 'Body Material': 'ALLOY STEEL', 'End Connection': 'HEAVY', 'Temperature Rating': '100HP'}","Size: 8"" | Pressure Rating: 150 PSI | Body Material: ALLOY STEEL | End Connection: HEAVY | Temperature Rating: 100HP",40140061,165,CNMC-000165,True,100.0,165,CCL,CC000165,"VALVE, BUTTERFLY End Connection:HEAVY"
841,GAIL,GA000841,Gaskets & Seals,GASKET,SPIRAL WOUND,GASKET SPIRAL WOUND HEAVY,EACH,{},,31180096,841,CNMC-000841,False,55.9,788,NTPC,NT000788,GASKET SPIRAL WOUND SPECIAL
894,HPCL,HP000894,Valves,VALVE,GLOBE,VALVE GLOBE HEAVY,NOS,{},,40140061,894,CNMC-000894,False,49.3,882,BPCL,BP000882,VALVE GATE HEAVY
647,SAIL,SA000647,Gaskets & Seals,O-RING,RUBBER,RUBBER O-RING Material:CAST IRON,NOS,"{'Inner Diameter': '4""', 'Outer Diameter': '3/4""', 'Thickness': '12mm', 'Material': 'CAST IRON', 'Pressure Rating': '300 PSI'}","Inner Diameter: 4"" | Outer Diameter: 3/4"" | Thickness: 12mm | Material: CAST IRON | Pressure Rating: 300 PSI",31180009,647,CNMC-000647,False,64.3,648,BPCL,BP000648,"RUBBER O-RING Inner Diameter:4"""
819,CCL,CC000819,Pipes & Tubes,TUBING,SEAMLESS,TUBING SEAMLESS HEAVY,METER,{},,27100056,819,CNMC-000819,False,40.1,758,CPCL,CP000758,TUBING GALVANIZED HEAVY
485,BPCL,BP000485,Pumps,PUMP,POSITIVE DISPLACEMENT,"PUMP, POSITIVE DISPLACEMENT Flow Rate:100 M3/H",NOS,"{'Flow Rate': '100 M3/H', 'Head': 'LIGHT', 'Power': '50KW', 'Speed': 'LIGHT', 'Impeller Material': 'CARBON STEEL'}",Flow Rate: 100 M3/H | Head: LIGHT | Power: 50KW | Speed: LIGHT | Impeller Material: CARBON STEEL,40150077,483,CNMC-000483,True,100.0,483,CPCL,CP000483,pump (positive displacement) flow rate:100 m3/h
882,BPCL,BP000882,Valves,VALVE,GATE,VALVE GATE HEAVY,NOS,{},,40140061,882,CNMC-000882,False,52.6,123,CCL,CC000123,VALVE-GATE End Connection:HEAVY
505,CCL,CC000505,Pumps,PUMP,POSITIVE DISPLACEMENT,"PUMP, POSITIVE DISPLACEMENT Speed:NORMAL",NOS,"{'Flow Rate': '50 M3/H', 'Head': 'LIGHT', 'Power': '50HP', 'Speed': 'NORMAL', 'Impeller Material': 'BRONZE'}",Flow Rate: 50 M3/H | Head: LIGHT | Power: 50HP | Speed: NORMAL | Impeller Material: BRONZE,40150077,505,CNMC-000505,False,76.0,439,GAIL,GA000439,"PUMP, POSITIVE DISPLACEMENT Speed:NORMAL"
832,CCL,CC000832,Pumps,PUMP,CENTRIFUGAL,PUMP CENTRIFUGAL HEAVY,EACH,{},,40150077,813,CNMC-000813,True,80.0,813,BHEL,BH000813,PUMP CENTRIFUGAL HEAVY
244,GAIL,GA000244,Bearings,BEARING,BALL,"BEARING, BALL Width:3mm",NOSS,"{'Inside Diameter': '3""', 'Outside Diameter': '2""', 'Width': '3mm', 'Load Rating': '5HP', 'Seal Type': 'LIGHT'}","Inside Diameter: 3"" | Outside Diameter: 2"" | Width: 3mm | Load Rating: 5HP | Seal Type: LIGHT",31170062,244,CNMC-000244,False,61.5,243,CPCL,CP000243,"BEARING BALL TYPE Inside Diameter:3"""
567,CPCL,CP000567,Electrical,CIRCUIT BREAKER,INSTRUMENTATION,CIRCUIT BREAKER INSTRUMENTATION TYPE Current Rating:50KW,EACH,"{'Voltage': '11KV', 'Current Rating': '50KW', 'Power Rating': '5HP', 'Conductor Material': 'STAINLESS STEEL 304', 'Insulation Type': 'LIGHT'}",Voltage: 11KV | Current Rating: 50KW | Power Rating: 5HP | Conductor Material: STAINLESS STEEL 304 | Insulation Type: LIGHT,26000027,567,CNMC-000567,False,71.6,570,BHEL,BH000570,CIRCUIT BREAKER INSTRUMENTATION TYPE Voltage:11KV
563,NTPC,NT000563,Electrical,CIRCUIT BREAKER,MV,circuit breaker mv type current rating:15hp,NOS,"{'Voltage': '33KV', 'Current Rating': '15HP', 'Power Rating': '25HP', 'Conductor Material': 'STAINLESS STEEL 304', 'Insulation Type': 'HEAVY'}",Voltage: 33KV | Current Rating: 15HP | Power Rating: 25HP | Conductor Material: STAINLESS STEEL 304 | Insulation Type: HEAVY,26000027,563,CNMC-000563,True,86.8,566,GAIL,GA000566,mv circuit breaker current rating:15hp
687,CCL,CC000687,Instruments,FLOW METER,SMART,"FLOW METER, SMART Process Connection:HIGH",NOSS,"{'Range': '0-25 BAR', 'Accuracy': 'HEAVY', 'Output Signal': 'HEAVY', 'Process Connection': 'HIGH', 'Housing Material': 'STAINLESS STEEL 304'}",Range: 0-25 BAR | Accuracy: HEAVY | Output Signal: HEAVY | Process Connection: HIGH | Housing Material: STAINLESS STEEL 304,41000046,687,CNMC-000687,False,64.6,689,NTPC,NT000689,FLOW METER-SMART Accuracy:HEAVY
190,NTPC,NT000190,Valves,VALVE,GLOBE,VALVE-GLOBE Temperature Rating:15HP,NOS,"{'Size': '1/2""', 'Pressure Rating': '1500 PSI', 'Body Material': 'CARBON STEEL', 'End Connection': 'HIGH', 'Temperature Rating': '15HP'}","Size: 1/2"" | Pressure Rating: 1500 PSI | Body Material: CARBON STEEL | End Connection: HIGH | Temperature Rating: 15HP",40140061,190,CNMC-000190,True,100.0,193,ONGC,ON000193,VALVE (GLOBE) Temperature Rating:15HP
783,NTPC,NT000783,Instruments,LEVEL SWITCH,ELECTRONIC,LEVEL SWITCH ELECTRONIC SPECIAL,NOS,{},,41000004,783,CNMC-000783,False,49.5,892,HPCL,HP000892,LEVEL SWITCH SMART SPECIAL
700,HPCL,HP000700,Instruments,LEVEL SWITCH,ANALOG,ANALOG LEVEL SWITCH Housing Material:ALLOY STEEL,NOS,"{'Range': '0-10 BAR', 'Accuracy': 'HIGH', 'Output Signal': 'HEAVY', 'Process Connection': 'HEAVY', 'Housing Material': 'ALLOY STEEL'}",Range: 0-10 BAR | Accuracy: HIGH | Output Signal: HEAVY | Process Connection: HEAVY | Housing Material: ALLOY STEEL,41000004,700,CNMC-000700,False,60.5,704,CPCL,CP000704,"LEVEL SWITCH, ANALOG Accuracy:HIGH"
476,CPCL,CP000476,Pumps,PUMP,SUBMERSIBLE,PUMP (SUBMERSIBLE) Impeller Material:STNLSS STEL 304,EACH,"{'Flow Rate': '25 M3/H', 'Head': 'LIGHT', 'Power': '25HP', 'Speed': 'LIGHT', 'Impeller Material': 'STAINLESS STEEL 304'}",Flow Rate: 25 M3/H | Head: LIGHT | Power: 25HP | Speed: LIGHT | Impeller Material: STAINLESS STEEL 304,40150077,476,CNMC-000476,True,84.6,477,BHEL,BH000477,PUMP (SUBMERSIBLE) Impeller Material:STAINLESS STEL 304
682,SAIL,SA000682,Instruments,CONTROL VALVE,ANALOG,ANALOG CONTROL VALVE Accuracy:STD,NOS,"{'Range': '0-16 BAR', 'Accuracy': 'STD', 'Output Signal': 'HEAVY', 'Process Connection': 'HEAVY', 'Housing Material': 'CAST IRON'}",Range: 0-16 BAR | Accuracy: STD | Output Signal: HEAVY | Process Connection: HEAVY | Housing Material: CAST IRON,41000013,682,CNMC-000682,True,100.0,684,CPCL,CP000684,ANALOG CONTROL VALVE Accuracy:STD
511,ONGC,ON000511,Pumps,PUMP,POSITIVE DISPLACEMENT,POSITIVE DISPLACEMENT PUMP Power:10KW,EACHS,"{'Flow Rate': '100 M3/H', 'Head': 'LIGHT', 'Power': '10KW', 'Speed': 'HEAVY', 'Impeller Material': 'CARBON STEEL'}",Flow Rate: 100 M3/H | Head: LIGHT | Power: 10KW | Speed: HEAVY | Impeller Material: CARBON STEEL,40150077,511,CNMC-000511,False,62.0,508,IOCL,IO000508,PUMP POSITIVE DISPLACEMENT TYPE Speed:HEAVY
59,HPCL,HP000059,Pipes & Tubes,PIPE,STAINLESS STEEL,STAINLESS STEEL TYPE PIPE Wall Thickness:15mm,FOOT,"{'Diameter': '10""', 'Wall Thickness': '15mm', 'Length': '20FT', 'Material Grade': 'CARBON STEEL', 'End Type': 'STD'}","Diameter: 10"" | Wall Thickness: 15mm | Length: 20FT | Material Grade: CARBON STEEL | End Type: STD",27100067,59,CNMC-000059,False,69.4,60,SAIL,SA000060,"stainless steel type pipe diameter:10"""
475,HPCL,HP000475,Pumps,PUMP,SUBMERSIBLE,PUMP SUBMERSIBLE TYPE Speed:LIGHT,NOS,"{'Flow Rate': '25 M3/H', 'Head': 'LIGHT', 'Power': '25HP', 'Speed': 'LIGHT', 'Impeller Material': 'STAINLESS STEEL 304'}",Flow Rate: 25 M3/H | Head: LIGHT | Power: 25HP | Speed: LIGHT | Impeller Material: STAINLESS STEEL 304,40150077,475,CNMC-000475,False,78.7,474,GAIL,GA000474,PUMP SUBMERSIBLE TYPE Head:LIGHT
561,BHEL,BH000561,Electrical,CIRCUIT BREAKER,MV,CIRCUIT BREAKER MV TYPE Voltage:33KV,EACHS,"{'Voltage': '33KV', 'Current Rating': '15HP', 'Power Rating': '25HP', 'Conductor Material': 'STAINLESS STEEL 304', 'Insulation Type': 'HEAVY'}",Voltage: 33KV | Current Rating: 15HP | Power Rating: 25HP | Conductor Material: STAINLESS STEEL 304 | Insulation Type: HEAVY,26000027,561,CNMC-000561,True,87.8,564,BPCL,BP000564,"CIRCUIT BREAKER, MV Voltage:33KV"
857,IOCL,IO000857,Valves,VALVE,GLOBE,VALVE GLOBE SPECIAL,EACH,{},,40140061,847,CNMC-000847,True,80.0,847,GAIL,GA000847,VALVE GLOBE SPECIAL
748,BHEL,BH000748,Instruments,PRESSURE GAUGE,DIGITAL,PRESSURE GAUGE DIGITAL TYPE Range:0-10 BAR,EACHS,"{'Range': '0-10 BAR', 'Accuracy': 'LIGHT', 'Output Signal': 'LIGHT', 'Process Connection': 'NORMAL', 'Housing Material': 'STAINLESS STEEL 304'}",Range: 0-10 BAR | Accuracy: LIGHT | Output Signal: LIGHT | Process Connection: NORMAL | Housing Material: STAINLESS STEEL 304,41000061,748,CNMC-000748,False,63.0,750,IOCL,IO000750,"PRESSURE GAUGE, DIGITAL Accuracy:LIGHT"
253,ONGC,ON000253,Bearings,BEARING,ROLLER,"BEARING, ROLLER Outside Diameter:1""",NOS,"{'Inside Diameter': '3/4""', 'Outside Diameter': '1""', 'Width': '10mm', 'Load Rating': '100HP', 'Seal Type': 'NORMAL'}","Inside Diameter: 3/4"" | Outside Diameter: 1"" | Width: 10mm | Load Rating: 100HP | Seal Type: NORMAL",31170062,250,CNMC-000250,True,100.0,250,BHEL,BH000250,"BEARING, ROLLER Outside Diameter:1"""
22,CPCL,CP000022,Pipes & Tubes,TUBING,WELDED,"tubing, welded material grade:alloy steel",FOOT,"{'Diameter': '8""', 'Wall Thickness': '2mm', 'Length': '10FT', 'Material Grade': 'ALLOY STEEL', 'End Type': 'STD'}","Diameter: 8"" | Wall Thickness: 2mm | Length: 10FT | Material Grade: ALLOY STEEL | End Type: STD",27100056,22,CNMC-000022,True,89.6,24,IOCL,IO000024,"TUBING, WELDED Material Grade:ALLOY STEL"
314,HPCL,HP000314,Fasteners,NUT,SOCKET HEAD,"NUT, SOCKET HEAD Length:6M",KG,"{'Diameter': '8""', 'Length': '6M', 'Thread Pitch': 'LIGHT', 'Material Grade': 'CARBON STEEL', 'Finish': 'NORMAL'}","Diameter: 8"" | Length: 6M | Thread Pitch: LIGHT | Material Grade: CARBON STEEL | Finish: NORMAL",31160062,314,CNMC-000314,False,75.2,315,NTPC,NT000315,"NUT-SOCKET HEAD Diameter:8"""
460,BPCL,BP000460,Pumps,PUMP,CENTRIFUGAL,PUMP (CENTRIFUGAL) Power:50KW,EACH,"{'Flow Rate': '10 M3/H', 'Head': 'HEAVY', 'Power': '50KW', 'Speed': 'HIGH', 'Impeller Material': 'STAINLESS STEEL 304'}",Flow Rate: 10 M3/H | Head: HEAVY | Power: 50KW | Speed: HIGH | Impeller Material: STAINLESS STEEL 304,40150077,460,CNMC-000460,True,100.0,464,GAIL,GA000464,PUMP-CENTRIFUGAL Power:50KW
161,BPCL,BP000161,Valves,VALVE,GLOBE,"VALVE-GLOBE Size:1""",EACH,"{'Size': '1""', 'Pressure Rating': '600 PSI', 'Body Material': 'CAST IRON', 'End Connection': 'HIGH', 'Temperature Rating': '50HP'}","Size: 1"" | Pressure Rating: 600 PSI | Body Material: CAST IRON | End Connection: HIGH | Temperature Rating: 50HP",40140061,161,CNMC-000161,False,71.5,163,NTPC,NT000163,"GLOBE TYPE VALVE Size:1"""
277,ONGC,ON000277,Bearings,BEARING,ROLLER,ROLLER BEARING Width:3mm,NOS,"{'Inside Diameter': '1/2""', 'Outside Diameter': '4""', 'Width': '3mm', 'Load Rating': '5KW', 'Seal Type': 'LIGHT'}","Inside Diameter: 1/2"" | Outside Diameter: 4"" | Width: 3mm | Load Rating: 5KW | Seal Type: LIGHT",31170062,277,CNMC-000277,True,89.7,278,NTPC,NT000278,roller type bearing width:3mm
192,IOCL,IO000192,Valves,VALVE,GLOBE,"GLOBE TYPE VALVE Size:1/2""",EACH,"{'Size': '1/2""', 'Pressure Rating': '1500 PSI', 'Body Material': 'CARBON STEEL', 'End Connection': 'HIGH', 'Temperature Rating': '15HP'}","Size: 1/2"" | Pressure Rating: 1500 PSI | Body Material: CARBON STEEL | End Connection: HIGH | Temperature Rating: 15HP",40140061,192,CNMC-000192,False,67.0,163,NTPC,NT000163,"GLOBE TYPE VALVE Size:1"""
386,NTPC,NT000386,Fasteners,STUD,SPRING,"STUD, SPRING Material Grade:CAST IRON",KG,"{'Diameter': '12""', 'Length': '20FT', 'Thread Pitch': 'STD', 'Material Grade': 'CAST IRON', 'Finish': 'HIGH'}","Diameter: 12"" | Length: 20FT | Thread Pitch: STD | Material Grade: CAST IRON | Finish: HIGH",31160032,386,CNMC-000386,False,60.6,390,BPCL,BP000390,STUD (SPRING) Length:20FT
806,SAIL,SA000806,Fasteners,BOLT,HEX HEAD,BOLT HEX HEAD STD,NOS,{},,31160064,806,CNMC-000806,False,54.0,399,CCL,CC000399,HEX HEAD BOLT Finish:STD
414,HPCL,HP000414,Pumps,PUMP,MULTISTAGE,PUMP MULTISTAGE TYPE Flow Rate:200 M3/H,NOS,"{'Flow Rate': '200 M3/H', 'Head': 'HIGH', 'Power': '15HP', 'Speed': 'LIGHT', 'Impeller Material': 'STAINLESS STEEL 304'}",Flow Rate: 200 M3/H | Head: HIGH | Power: 15HP | Speed: LIGHT | Impeller Material: STAINLESS STEEL 304,40150077,414,CNMC-000414,True,84.0,449,CPCL,CP000449,PUMP MULTISTAGE TYPE Flow Rate:200 M3/H
492,CPCL,CP000492,Pumps,PUMP,MULTISTAGE,PUMP MULTISTAGE TYPE Speed:HIGH,NOS,"{'Flow Rate': '100 M3/H', 'Head': 'HIGH', 'Power': '100HP', 'Speed': 'HIGH', 'Impeller Material': 'STAINLESS STEEL 304'}",Flow Rate: 100 M3/H | Head: HIGH | Power: 100HP | Speed: HIGH | Impeller Material: STAINLESS STEEL 304,40150077,492,CNMC-000492,True,100.0,495,SAIL,SA000495,PUMP MULTISTAGE TYPE Speed:HIGH
344,IOCL,IO000344,Fasteners,WASHER,LOCK,LOCK WASHER Material Grade:STAINLESS STEEL 316,KGS,"{'Diameter': '3""', 'Length': '6M', 'Thread Pitch': 'LIGHT', 'Material Grade': 'STAINLESS STEEL 316', 'Finish': 'STD'}","Diameter: 3"" | Length: 6M | Thread Pitch: LIGHT | Material Grade: STAINLESS STEEL 316 | Finish: STD",31160015,344,CNMC-000344,False,57.6,345,NTPC,NT000345,lock washer thread pitch:light
770,ONGC,ON000770,Fasteners,STUD,HEX HEAD,STUD HEX HEAD HEAVY,NOS,{},,31160032,770,CNMC-000770,False,53.1,887,HPCL,HP000887,STUD HEX HEAD STD
309,GAIL,GA000309,Bearings,BEARING,TAPERED ROLLER,TAPERED ROLLER TYPE BEARING Seal Type:LIGHT,EACH,"{'Inside Diameter': '3/4""', 'Outside Diameter': '8""', 'Width': '3mm', 'Load Rating': '5HP', 'Seal Type': 'LIGHT'}","Inside Diameter: 3/4"" | Outside Diameter: 8"" | Width: 3mm | Load Rating: 5HP | Seal Type: LIGHT",31170062,309,CNMC-000309,False,70.8,280,GAIL,GA000280,ROLLER TYPE BEARING Seal Type:LIGHT
662,BHEL,BH000662,Instruments,TEMPERATURE TRANSMITTER,SMART,TEMPERATURE TRANSMITTER-SMART Output Signal:HEAVY,EACHS,"{'Range': '0-40 BAR', 'Accuracy': 'LIGHT', 'Output Signal': 'HEAVY', 'Process Connection': 'LIGHT', 'Housing Material': 'CARBON STEEL'}",Range: 0-40 BAR | Accuracy: LIGHT | Output Signal: HEAVY | Process Connection: LIGHT | Housing Material: CARBON STEEL,41000059,662,CNMC-000662,False,62.4,666,CCL,CC000666,TEMPERATURE TRANSMITTER-SMART Range:0-40 BAR
131,SAIL,SA000131,Valves,VALVE,PRESSURE RELIEF,VALVE (PRESSURE RELIEF) Temperature Rating:10KW,EACHS,"{'Size': '1/2""', 'Pressure Rating': '1500 PSI', 'Body Material': 'BRONZE', 'End Connection': 'HIGH', 'Temperature Rating': '10KW'}","Size: 1/2"" | Pressure Rating: 1500 PSI | Body Material: BRONZE | End Connection: HIGH | Temperature Rating: 10KW",40140061,131,CNMC-000131,False,76.0,169,BPCL,BP000169,VALVE-PRESSURE RELIEF Temperature Rating:10KW
664,ONGC,ON000664,Instruments,TEMPERATURE TRANSMITTER,SMART,SMART TYPE TEMPERATURE TRANSMITTER Range:0-40 BAR,NOS,"{'Range': '0-40 BAR', 'Accuracy': 'LIGHT', 'Output Signal': 'HEAVY', 'Process Connection': 'LIGHT', 'Housing Material': 'CARBON STEEL'}",Range: 0-40 BAR | Accuracy: LIGHT | Output Signal: HEAVY | Process Connection: LIGHT | Housing Material: CARBON STEEL,41000059,664,CNMC-000664,True,88.4,666,CCL,CC000666,TEMPERATURE TRANSMITTER-SMART Range:0-40 BAR
872,BPCL,BP000872,Gaskets & Seals,O-RING,METAL JACKETED,O-RING METAL JACKETED SPECIAL,NOS,{},,31180009,795,CNMC-000795,True,80.0,795,NTPC,NT000795,O-RING METAL JACKETED SPECIAL
100,BPCL,BP000100,Valves,VALVE,CHECK,"VALVE, CHECK Body Material:CAST IRON",NOS,"{'Size': '2""', 'Pressure Rating': '900 PSI', 'Body Material': 'CAST IRON', 'End Connection': 'HIGH', 'Temperature Rating': '5KW'}","Size: 2"" | Pressure Rating: 900 PSI | Body Material: CAST IRON | End Connection: HIGH | Temperature Rating: 5KW",40140061,100,CNMC-000100,False,60.5,97,BHEL,BH000097,"VALVE (CHECK) Size:2"""
373,ONGC,ON000373,Fasteners,SCREW,SPRING,SPRING SCREW Material Grade:STAINLESS STEEL 304,KG,"{'Diameter': '8""', 'Length': '6M', 'Thread Pitch': 'NORMAL', 'Material Grade': 'STAINLESS STEEL 304', 'Finish': 'STD'}","Diameter: 8"" | Length: 6M | Thread Pitch: NORMAL | Material Grade: STAINLESS STEEL 304 | Finish: STD",31160062,373,CNMC-000373,True,93.0,375,NTPC,NT000375,"SCREW, SPRING Material Grade:STAINLESS STEEL 304"
88,GAIL,GA000088,Pipes & Tubes,PIPE,WELDED,"PIPE, WELDED End Type:STD",METER,"{'Diameter': '4""', 'Wall Thickness': '8mm', 'Length': '10FT', 'Material Grade': 'ALLOY STEEL', 'End Type': 'STD'}","Diameter: 4"" | Wall Thickness: 8mm | Length: 10FT | Material Grade: ALLOY STEEL | End Type: STD",27100067,83,CNMC-000083,True,100.0,83,SAIL,SA000083,PIPE (WELDED) End Type:STD
459,IOCL,IO000459,Pumps,PUMP,CENTRIFUGAL,PUMP CENTRIFUGAL TYPE Impeller Material:STAINLESS STEEL 304,NOS,"{'Flow Rate': '10 M3/H', 'Head': 'HEAVY', 'Power': '50KW', 'Speed': 'HIGH', 'Impeller Material': 'STAINLESS STEEL 304'}",Flow Rate: 10 M3/H | Head: HEAVY | Power: 50KW | Speed: HIGH | Impeller Material: STAINLESS STEEL 304,40150077,459,CNMC-000459,True,90.7,461,BHEL,BH000461,PUMP (CENTRIFUGAL) Impeller Material:STAINLESS STEEL 304
331,BPCL,BP000331,Fasteners,NUT,LOCK,"NUT, LOCK Diameter:10""",KG,"{'Diameter': '10""', 'Length': '6M', 'Thread Pitch': 'NORMAL', 'Material Grade': 'STAINLESS STEEL 316', 'Finish': 'HIGH'}","Diameter: 10"" | Length: 6M | Thread Pitch: NORMAL | Material Grade: STAINLESS STEEL 316 | Finish: HIGH",31160062,331,CNMC-000331,False,63.9,371,ONGC,ON000371,"NUT, LOCK Diameter:8"""
215,IOCL,IO000215,Bearings,BEARING,BALL,"bearing (ball) inside diameter:8""",NOS,"{'Inside Diameter': '8""', 'Outside Diameter': '10""', 'Width': '2mm', 'Load Rating': '5HP', 'Seal Type': 'HEAVY'}","Inside Diameter: 8"" | Outside Diameter: 10"" | Width: 2mm | Load Rating: 5HP | Seal Type: HEAVY",31170062,214,CNMC-000214,True,100.0,214,HPCL,HP000214,"BEARING-BALL Inside Diameter:8"""
467,IOCL,IO000467,Pumps,PUMP,SUBMERSIBLE,"PUMP, SUBMERSIBLE Impeller Material:BRONZE",NOS,"{'Flow Rate': '25 M3/H', 'Head': 'HIGH', 'Power': '10KW', 'Speed': 'LIGHT', 'Impeller Material': 'BRONZE'}",Flow Rate: 25 M3/H | Head: HIGH | Power: 10KW | Speed: LIGHT | Impeller Material: BRONZE,40150077,465,CNMC-000465,True,100.0,466,CPCL,CP000466,PUMP (SUBMERSIBLE) Impeller Material:BRONZE
122,BPCL,BP000122,Valves,VALVE,GATE,VALVE GATE TYPE End Connection:HEAVY,NOS,"{'Size': '12""', 'Pressure Rating': '150 PSI', 'Body Material': 'CAST IRON', 'End Connection': 'HEAVY', 'Temperature Rating': '50KW'}","Size: 12"" | Pressure Rating: 150 PSI | Body Material: CAST IRON | End Connection: HEAVY | Temperature Rating: 50KW",40140061,122,CNMC-000122,True,87.3,123,CCL,CC000123,VALVE-GATE End Connection:HEAVY
615,HPCL,HP000615,Gaskets & Seals,GASKET,SPIRAL WOUND,"SPIRAL WOUND TYPE GASKET Outer Diameter:8""",EACH,"{'Inner Diameter': '6""', 'Outer Diameter': '8""', 'Thickness': '10mm', 'Material': 'STAINLESS STEEL 316', 'Pressure Rating': '2500 PSI'}","Inner Diameter: 6"" | Outer Diameter: 8"" | Thickness: 10mm | Material: STAINLESS STEEL 316 | Pressure Rating: 2500 PSI",31180096,615,CNMC-000615,True,82.1,616,CCL,CC000616,"GASKET-SPIRAL WOUND Outer Diameter:8"""
21,BHEL,BH000021,Pipes & Tubes,TUBING,GALVANIZED,TUBING-GALVANIZED Wall Thickness:2mm,FOOT,"{'Diameter': '1/2""', 'Wall Thickness': '2mm', 'Length': '10FT', 'Material Grade': 'BRONZE', 'End Type': 'HEAVY'}","Diameter: 1/2"" | Wall Thickness: 2mm | Length: 10FT | Material Grade: BRONZE | End Type: HEAVY",27100056,21,CNMC-000021,False,60.0,19,ONGC,ON000019,TUBING GALVANIZED TYPE End Type:HEAVY
701,BPCL,BP000701,Instruments,LEVEL SWITCH,ANALOG,level switch-analog accuracy:high,EACH,"{'Range': '0-10 BAR', 'Accuracy': 'HIGH', 'Output Signal': 'HEAVY', 'Process Connection': 'HEAVY', 'Housing Material': 'ALLOY STEEL'}",Range: 0-10 BAR | Accuracy: HIGH | Output Signal: HEAVY | Process Connection: HEAVY | Housing Material: ALLOY STEEL,41000004,701,CNMC-000701,True,100.0,704,CPCL,CP000704,"LEVEL SWITCH, ANALOG Accuracy:HIGH"
72,BPCL,BP000072,Pipes & Tubes,TUBE,WELDED,"TUBE, WELDED Length:10FT",FOOT,"{'Diameter': '4""', 'Wall Thickness': '12mm', 'Length': '10FT', 'Material Grade': 'STAINLESS STEEL 316', 'End Type': 'HEAVY'}","Diameter: 4"" | Wall Thickness: 12mm | Length: 10FT | Material Grade: STAINLESS STEEL 316 | End Type: HEAVY",27100037,72,CNMC-000072,False,65.4,69,IOCL,IO000069,"TUBE, WELDED Diameter:4"""
107,SAIL,SA000107,Valves,VALVE,BALL,VALVE (BALL) Temperature Rating:5HP,EACHS,"{'Size': '12""', 'Pressure Rating': '300 PSI', 'Body Material': 'STAINLESS STEEL 316', 'End Connection': 'HEAVY', 'Temperature Rating': '5HP'}","Size: 12"" | Pressure Rating: 300 PSI | Body Material: STAINLESS STEEL 316 | End Connection: HEAVY | Temperature Rating: 5HP",40140061,105,CNMC-000105,True,100.0,109,CCL,CC000109,"VALVE, BALL Temperature Rating:5HP"
271,ONGC,ON000271,Bearings,BEARING,SPHERICAL,SPHERICAL TYPE BEARING Load Rating:50HP,NOS,"{'Inside Diameter': '8""', 'Outside Diameter': '3/4""', 'Width': '2mm', 'Load Rating': '50HP', 'Seal Type': 'STD'}","Inside Diameter: 8"" | Outside Diameter: 3/4"" | Width: 2mm | Load Rating: 50HP | Seal Type: STD",31170062,271,CNMC-000271,True,87.5,273,NTPC,NT000273,BEARING (SPHERICAL) Load Rating:50HP
861,IOCL,IO000861,Bearings,BEARING,TAPERED ROLLER,BEARING TAPERED ROLLER SPECIAL,EACH,{},,31170062,843,CNMC-000843,True,80.0,843,GAIL,GA000843,BEARING TAPERED ROLLER SPECIAL
436,CCL,CC000436,Pumps,PUMP,GEAR,"PUMP, GEAR Speed:HEAVY",EACH,"{'Flow Rate': '10 M3/H', 'Head': 'HEAVY', 'Power': '5KW', 'Speed': 'HEAVY', 'Impeller Material': 'STAINLESS STEEL 316'}",Flow Rate: 10 M3/H | Head: HEAVY | Power: 5KW | Speed: HEAVY | Impeller Material: STAINLESS STEEL 316,40150077,436,CNMC-000436,False,59.0,437,SAIL,SA000437,PUMP GEAR TYPE Impeller Material:STAINLESS STEEL 316
103,BPCL,BP000103,Valves,VALVE,PRESSURE RELIEF,VALVE PRESSURE RELIEF TYPE Body Material:CARBON STEL,EACH,"{'Size': '3""', 'Pressure Rating': '150 PSI', 'Body Material': 'CARBON STEEL', 'End Connection': 'HIGH', 'Temperature Rating': '50HP'}","Size: 3"" | Pressure Rating: 150 PSI | Body Material: CARBON STEEL | End Connection: HIGH | Temperature Rating: 50HP",40140061,102,CNMC-000102,True,82.9,102,HPCL,HP000102,VALVE-PRESSURE RELIEF Body Material:CARBON STEEL
